R,Theta,Z,X_Ref,Y_Ref,x_Def,y_Def,u_x,u_y,u_z,F_11,F_12,F_13,F_21,F_22,F_23,F_31,F_32,F_33,F_Num_11,F_Num_12,F_Num_13,F_Num_21,F_Num_22,F_Num_23,F_Num_31,F_Num_32,F_Num_33,E_11,E_12,E_13,E_21,E_22,E_23,E_31,E_32,E_33,Eps_11,Eps_12,Eps_13,Eps_21,Eps_22,Eps_23,Eps_31,Eps_32,Eps_33,SigmaSmall_11,SigmaSmall_12,SigmaSmall_13,SigmaSmall_21,SigmaSmall_22,SigmaSmall_23,SigmaSmall_31,SigmaSmall_32,SigmaSmall_33,SigmaFinite_11,SigmaFinite_12,SigmaFinite_13,SigmaFinite_21,SigmaFinite_22,SigmaFinite_23,SigmaFinite_31,SigmaFinite_32,SigmaFinite_33,Tau_Small,Tau_Finite,Tau_Classical,Sigma_ZZ_Small,Sigma_ZZ_Finite,dTorque_Small,dTorque_Finite,F_Error_Frobenius
0.00125,0.0872665,0.5,0.00124524,0.000108945,-0.00106282,0.000657963,-0.00230806,0.000549018,0,-0.801144,-0.598472,-0.00328982,0.598472,-0.801144,-0.0053141,0,0,1,-0.801144,-0.598472,-0.00328982,0.598472,-0.801144,-0.0053141,0,0,1,0,0,-0.000272362,0,0,0.00311311,-0.000272362,0.00311311,1.95E-05,-1.80114,0,-0.00164491,0,-1.80114,-0.00265705,-0.00164491,-0.00265705,0,-6.93E+11,0,-2.53E+08,0,-6.93E+11,-4.09E+08,-2.53E+08,-4.09E+08,-4.16E+11,3.92E+06,2.69E+06,-2.53E+08,2.69E+06,6.60E+06,-4.09E+08,-2.53E+08,-4.09E+08,5.26E+06,4.81E+08,4.81E+08,4.81E+08,-4.16E+11,5.26E+06,0.327774,0.327796,1.00E-12
0.00125,0.261799,0.5,0.00120741,0.000323524,-0.00116093,0.000463411,-0.00236833,0.000139887,0,-0.801144,-0.598472,-0.00231705,0.598472,-0.801144,-0.00580463,0,0,1,-0.801144,-0.598472,-0.00231705,0.598472,-0.801144,-0.00580463,0,0,1,0,0,-0.00080881,0,0,0.00301852,-0.00080881,0.00301852,1.95E-05,-1.80114,0,-0.00115853,0,-1.80114,-0.00290232,-0.00115853,-0.00290232,0,-6.93E+11,0,-1.78E+08,0,-6.93E+11,-4.47E+08,-1.78E+08,-4.47E+08,-4.16E+11,3.08E+06,2.07E+06,-1.78E+08,2.07E+06,7.44E+06,-4.47E+08,-1.78E+08,-4.47E+08,5.26E+06,4.81E+08,4.81E+08,4.81E+08,-4.16E+11,5.26E+06,0.327774,0.327796,1.00E-12
0.00125,0.436332,0.5,0.00113288,0.000528273,-0.00122376,0.000254778,-0.00235664,-0.000273495,0,-0.801144,-0.598472,-0.00127389,0.598472,-0.801144,-0.0061188,0,0,1,-0.801144,-0.598472,-0.00127389,0.598472,-0.801144,-0.0061188,0,0,1,0,0,-0.00132068,0,0,0.00283221,-0.00132068,0.00283221,1.95E-05,-1.80114,0,-0.000636944,0,-1.80114,-0.0030594,-0.000636944,-0.0030594,0,-6.93E+11,0,-9.80E+07,0,-6.93E+11,-4.71E+08,-9.80E+07,-4.71E+08,-4.16E+11,2.50E+06,1.20E+06,-9.80E+07,1.20E+06,8.01E+06,-4.71E+08,-9.80E+07,-4.71E+08,5.26E+06,4.81E+08,4.81E+08,4.81E+08,-4.16E+11,5.26E+06,0.327774,0.327796,1.00E-12
0.00125,0.610865,0.5,0.00102394,0.000716971,-0.00124941,3.84E-05,-0.00227335,-0.000678567,0,-0.801144,-0.598472,-0.000192016,0.598472,-0.801144,-0.00624705,0,0,1,-0.801144,-0.598472,-0.000192016,0.598472,-0.801144,-0.00624705,0,0,1,0,0,-0.00179243,0,0,0.00255985,-0.00179243,0.00255985,1.95E-05,-1.80114,0,-9.60E-05,0,-1.80114,-0.00312352,-9.60E-05,-0.00312352,0,-6.93E+11,0,-1.48E+07,0,-6.93E+11,-4.81E+08,-1.48E+07,-4.81E+08,-4.16E+11,2.26E+06,184550,-1.48E+07,184550,8.26E+06,-4.81E+08,-1.48E+07,-4.81E+08,5.26E+06,4.81E+08,4.81E+08,4.81E+08,-4.16E+11,5.26E+06,0.327774,0.327796,1.00E-12
0.00125,0.785398,0.5,0.000883883,0.000883883,-0.0012371,-0.000179138,-0.00212098,-0.00106302,0,-0.801144,-0.598472,0.00089569,0.598472,-0.801144,-0.00618549,0,0,1,-0.801144,-0.598472,0.00089569,0.598472,-0.801144,-0.00618549,0,0,1,0,0,-0.00220971,0,0,0.00220971,-0.00220971,0.00220971,1.95E-05,-1.80114,0,0.000447845,0,-1.80114,-0.00309274,0.000447845,-0.00309274,0,-6.93E+11,0,6.89E+07,0,-6.93E+11,-4.76E+08,6.89E+07,-4.76E+08,-4.16E+11,2.38E+06,-852379,6.89E+07,-852379,8.14E+06,-4.76E+08,6.89E+07,-4.76E+08,5.26E+06,4.81E+08,4.81E+08,4.81E+08,-4.16E+11,5.26E+06,0.327774,0.327796,1.00E-12
0.00125,0.959931,0.5,0.000716971,0.00102394,-0.0011872,-0.000391236,-0.00190417,-0.00141518,0,-0.801144,-0.598472,0.00195618,0.598472,-0.801144,-0.00593598,0,0,1,-0.801144,-0.598472,0.00195618,0.598472,-0.801144,-0.00593598,0,0,1,0,0,-0.00255985,0,0,0.00179243,-0.00255985,0.00179243,1.95E-05,-1.80114,0,0.00097809,0,-1.80114,-0.00296799,0.00097809,-0.00296799,0,-6.93E+11,0,1.50E+08,0,-6.93E+11,-4.57E+08,1.50E+08,-4.57E+08,-4.16E+11,2.84E+06,-1.79E+06,1.50E+08,-1.79E+06,7.67E+06,-4.57E+08,1.50E+08,-4.57E+08,5.26E+06,4.81E+08,4.81E+08,4.81E+08,-4.16E+11,5.26E+06,0.327774,0.327796,1.01E-12
0.00125,1.13446,0.5,0.000528273,0.00113288,-0.00110122,-0.000591447,-0.0016295,-0.00172433,0,-0.801144,-0.598472,0.00295723,0.598472,-0.801144,-0.00550611,0,0,1,-0.801144,-0.598472,0.00295723,0.598472,-0.801144,-0.00550611,0,0,1,0,0,-0.00283221,0,0,0.00132068,-0.00283221,0.00132068,1.95E-05,-1.80114,0,0.00147862,0,-1.80114,-0.00275306,0.00147862,-0.00275306,0,-6.93E+11,0,2.27E+08,0,-6.93E+11,-4.24E+08,2.27E+08,-4.24E+08,-4.16E+11,3.60E+06,-2.51E+06,2.27E+08,-2.51E+06,6.92E+06,-4.24E+08,2.27E+08,-4.24E+08,5.26E+06,4.81E+08,4.81E+08,4.81E+08,-4.16E+11,5.26E+06,0.327774,0.327796,1.01E-12
0.00125,1.309,0.5,0.000323524,0.00120741,-0.000981789,-0.000773687,-0.00130531,-0.00198109,0,-0.801144,-0.598472,0.00386843,0.598472,-0.801144,-0.00490894,0,0,1,-0.801144,-0.598472,0.00386843,0.598472,-0.801144,-0.00490894,0,0,1,0,0,-0.00301852,0,0,0.00080881,-0.00301852,0.00080881,1.95E-05,-1.80114,0,0.00193422,0,-1.80114,-0.00245447,0.00193422,-0.00245447,0,-6.93E+11,0,2.98E+08,0,-6.93E+11,-3.78E+08,2.98E+08,-3.78E+08,-4.16E+11,4.56E+06,-2.92E+06,2.98E+08,-2.92E+06,5.96E+06,-3.78E+08,2.98E+08,-3.78E+08,5.26E+06,4.81E+08,4.81E+08,4.81E+08,-4.16E+11,5.26E+06,0.327774,0.327796,1.01E-12
0.00125,1.48353,0.5,0.000108945,0.00124524,-0.000832524,-0.000932418,-0.000941468,-0.00217766,0,-0.801144,-0.598472,0.00466209,0.598472,-0.801144,-0.00416262,0,0,1,-0.801144,-0.598472,0.00466209,0.598472,-0.801144,-0.00416262,0,0,1,0,0,-0.00311311,0,0,0.000272362,-0.00311311,0.000272362,1.95E-05,-1.80114,0,0.00233105,0,-1.80114,-0.00208131,0.00233105,-0.00208131,0,-6.93E+11,0,3.59E+08,0,-6.93E+11,-3.20E+08,3.59E+08,-3.20E+08,-4.16E+11,5.60E+06,-2.99E+06,3.59E+08,-2.99E+06,4.92E+06,-3.20E+08,3.59E+08,-3.20E+08,5.26E+06,4.81E+08,4.81E+08,4.81E+08,-4.16E+11,5.26E+06,0.327774,0.327796,1.00E-12
0.00125,1.65806,0.5,-0.000108945,0.00124524,-0.000657963,-0.00106282,-0.000549018,-0.00230806,0,-0.801144,-0.598472,0.0053141,0.598472,-0.801144,-0.00328982,0,0,1,-0.801144,-0.598472,0.0053141,0.598472,-0.801144,-0.00328982,0,0,1,0,0,-0.00311311,0,0,-0.000272362,-0.00311311,-0.000272362,1.95E-05,-1.80114,0,0.00265705,0,-1.80114,-0.00164491,0.00265705,-0.00164491,0,-6.93E+11,0,4.09E+08,0,-6.93E+11,-2.53E+08,4.09E+08,-2.53E+08,-4.16E+11,6.60E+06,-2.69E+06,4.09E+08,-2.69E+06,3.92E+06,-2.53E+08,4.09E+08,-2.53E+08,5.26E+06,4.81E+08,4.81E+08,4.81E+08,-4.16E+11,5.26E+06,0.327774,0.327796,1.00E-12
0.00125,1.8326,0.5,-0.000323524,0.00120741,-0.000463411,-0.00116093,-0.000139887,-0.00236833,0,-0.801144,-0.598472,0.00580463,0.598472,-0.801144,-0.00231705,0,0,1,-0.801144,-0.598472,0.00580463,0.598472,-0.801144,-0.00231705,0,0,1,0,0,-0.00301852,0,0,-0.00080881,-0.00301852,-0.00080881,1.95E-05,-1.80114,0,0.00290232,0,-1.80114,-0.00115853,0.00290232,-0.00115853,0,-6.93E+11,0,4.47E+08,0,-6.93E+11,-1.78E+08,4.47E+08,-1.78E+08,-4.16E+11,7.44E+06,-2.07E+06,4.47E+08,-2.07E+06,3.08E+06,-1.78E+08,4.47E+08,-1.78E+08,5.26E+06,4.81E+08,4.81E+08,4.81E+08,-4.16E+11,5.26E+06,0.327774,0.327796,1.01E-12
0.00125,2.00713,0.5,-0.000528273,0.00113288,-0.000254778,-0.00122376,0.000273495,-0.00235664,0,-0.801144,-0.598472,0.0061188,0.598472,-0.801144,-0.00127389,0,0,1,-0.801144,-0.598472,0.0061188,0.598472,-0.801144,-0.00127389,0,0,1,0,0,-0.00283221,0,0,-0.00132068,-0.00283221,-0.00132068,1.95E-05,-1.80114,0,0.0030594,0,-1.80114,-0.000636944,0.0030594,-0.000636944,0,-6.93E+11,0,4.71E+08,0,-6.93E+11,-9.80E+07,4.71E+08,-9.80E+07,-4.16E+11,8.01E+06,-1.20E+06,4.71E+08,-1.20E+06,2.50E+06,-9.80E+07,4.71E+08,-9.80E+07,5.26E+06,4.81E+08,4.81E+08,4.81E+08,-4.16E+11,5.26E+06,0.327774,0.327796,1.02E-12
0.00125,2.18166,0.5,-0.000716971,0.00102394,-3.84E-05,-0.00124941,0.000678567,-0.00227335,0,-0.801144,-0.598472,0.00624705,0.598472,-0.801144,-0.000192016,0,0,1,-0.801144,-0.598472,0.00624705,0.598472,-0.801144,-0.000192016,0,0,1,0,0,-0.00255985,0,0,-0.00179243,-0.00255985,-0.00179243,1.95E-05,-1.80114,0,0.00312352,0,-1.80114,-9.60E-05,0.00312352,-9.60E-05,0,-6.93E+11,0,4.81E+08,0,-6.93E+11,-1.48E+07,4.81E+08,-1.48E+07,-4.16E+11,8.26E+06,-184550,4.81E+08,-184550,2.26E+06,-1.48E+07,4.81E+08,-1.48E+07,5.26E+06,4.81E+08,4.81E+08,4.81E+08,-4.16E+11,5.26E+06,0.327774,0.327796,1.02E-12
0.00125,2.35619,0.5,-0.000883883,0.000883883,0.000179138,-0.0012371,0.00106302,-0.00212098,0,-0.801144,-0.598472,0.00618549,0.598472,-0.801144,0.00089569,0,0,1,-0.801144,-0.598472,0.00618549,0.598472,-0.801144,0.00089569,0,0,1,0,0,-0.00220971,0,0,-0.00220971,-0.00220971,-0.00220971,1.95E-05,-1.80114,0,0.00309274,0,-1.80114,0.000447845,0.00309274,0.000447845,0,-6.93E+11,0,4.76E+08,0,-6.93E+11,6.89E+07,4.76E+08,6.89E+07,-4.16E+11,8.14E+06,852379,4.76E+08,852379,2.38E+06,6.89E+07,4.76E+08,6.89E+07,5.26E+06,4.81E+08,4.81E+08,4.81E+08,-4.16E+11,5.26E+06,0.327774,0.327796,1.00E-12
0.00125,2.53073,0.5,-0.00102394,0.000716971,0.000391236,-0.0011872,0.00141518,-0.00190417,0,-0.801144,-0.598472,0.00593598,0.598472,-0.801144,0.00195618,0,0,1,-0.801144,-0.598472,0.00593598,0.598472,-0.801144,0.00195618,0,0,1,0,0,-0.00179243,0,0,-0.00255985,-0.00179243,-0.00255985,1.95E-05,-1.80114,0,0.00296799,0,-1.80114,0.00097809,0.00296799,0.00097809,0,-6.93E+11,0,4.57E+08,0,-6.93E+11,1.50E+08,4.57E+08,1.50E+08,-4.16E+11,7.67E+06,1.79E+06,4.57E+08,1.79E+06,2.84E+06,1.50E+08,4.57E+08,1.50E+08,5.26E+06,4.81E+08,4.81E+08,4.81E+08,-4.16E+11,5.26E+06,0.327774,0.327796,1.01E-12
0.00125,2.70526,0.5,-0.00113288,0.000528273,0.000591447,-0.00110122,0.00172433,-0.0016295,0,-0.801144,-0.598472,0.00550611,0.598472,-0.801144,0.00295723,0,0,1,-0.801144,-0.598472,0.00550611,0.598472,-0.801144,0.00295723,0,0,1,0,0,-0.00132068,0,0,-0.00283221,-0.00132068,-0.00283221,1.95E-05,-1.80114,0,0.00275306,0,-1.80114,0.00147862,0.00275306,0.00147862,0,-6.93E+11,0,4.24E+08,0,-6.93E+11,2.27E+08,4.24E+08,2.27E+08,-4.16E+11,6.92E+06,2.51E+06,4.24E+08,2.51E+06,3.60E+06,2.27E+08,4.24E+08,2.27E+08,5.26E+06,4.81E+08,4.81E+08,4.81E+08,-4.16E+11,5.26E+06,0.327774,0.327796,1.01E-12
0.00125,2.87979,0.5,-0.00120741,0.000323524,0.000773687,-0.000981789,0.00198109,-0.00130531,0,-0.801144,-0.598472,0.00490894,0.598472,-0.801144,0.00386843,0,0,1,-0.801144,-0.598472,0.00490894,0.598472,-0.801144,0.00386843,0,0,1,0,0,-0.00080881,0,0,-0.00301852,-0.00080881,-0.00301852,1.95E-05,-1.80114,0,0.00245447,0,-1.80114,0.00193422,0.00245447,0.00193422,0,-6.93E+11,0,3.78E+08,0,-6.93E+11,2.98E+08,3.78E+08,2.98E+08,-4.16E+11,5.96E+06,2.92E+06,3.78E+08,2.92E+06,4.56E+06,2.98E+08,3.78E+08,2.98E+08,5.26E+06,4.81E+08,4.81E+08,4.81E+08,-4.16E+11,5.26E+06,0.327774,0.327796,1.01E-12
0.00125,3.05433,0.5,-0.00124524,0.000108945,0.000932418,-0.000832524,0.00217766,-0.000941468,0,-0.801144,-0.598472,0.00416262,0.598472,-0.801144,0.00466209,0,0,1,-0.801144,-0.598472,0.00416262,0.598472,-0.801144,0.00466209,0,0,1,0,0,-0.000272362,0,0,-0.00311311,-0.000272362,-0.00311311,1.95E-05,-1.80114,0,0.00208131,0,-1.80114,0.00233105,0.00208131,0.00233105,0,-6.93E+11,0,3.20E+08,0,-6.93E+11,3.59E+08,3.20E+08,3.59E+08,-4.16E+11,4.92E+06,2.99E+06,3.20E+08,2.99E+06,5.60E+06,3.59E+08,3.20E+08,3.59E+08,5.26E+06,4.81E+08,4.81E+08,4.81E+08,-4.16E+11,5.26E+06,0.327774,0.327796,1.00E-12
0.00125,3.22886,0.5,-0.00124524,-0.000108945,0.00106282,-0.000657963,0.00230806,-0.000549018,0,-0.801144,-0.598472,0.00328982,0.598472,-0.801144,0.0053141,0,0,1,-0.801144,-0.598472,0.00328982,0.598472,-0.801144,0.0053141,0,0,1,0,0,0.000272362,0,0,-0.00311311,0.000272362,-0.00311311,1.95E-05,-1.80114,0,0.00164491,0,-1.80114,0.00265705,0.00164491,0.00265705,0,-6.93E+11,0,2.53E+08,0,-6.93E+11,4.09E+08,2.53E+08,4.09E+08,-4.16E+11,3.92E+06,2.69E+06,2.53E+08,2.69E+06,6.60E+06,4.09E+08,2.53E+08,4.09E+08,5.26E+06,4.81E+08,4.81E+08,4.81E+08,-4.16E+11,5.26E+06,0.327774,0.327796,1.00E-12
0.00125,3.40339,0.5,-0.00120741,-0.000323524,0.00116093,-0.000463411,0.00236833,-0.000139887,0,-0.801144,-0.598472,0.00231705,0.598472,-0.801144,0.00580463,0,0,1,-0.801144,-0.598472,0.00231705,0.598472,-0.801144,0.00580463,0,0,1,0,0,0.00080881,0,0,-0.00301852,0.00080881,-0.00301852,1.95E-05,-1.80114,0,0.00115853,0,-1.80114,0.00290232,0.00115853,0.00290232,0,-6.93E+11,0,1.78E+08,0,-6.93E+11,4.47E+08,1.78E+08,4.47E+08,-4.16E+11,3.08E+06,2.07E+06,1.78E+08,2.07E+06,7.44E+06,4.47E+08,1.78E+08,4.47E+08,5.26E+06,4.81E+08,4.81E+08,4.81E+08,-4.16E+11,5.26E+06,0.327774,0.327796,1.01E-12
0.00125,3.57792,0.5,-0.00113288,-0.000528273,0.00122376,-0.000254778,0.00235664,0.000273495,0,-0.801144,-0.598472,0.00127389,0.598472,-0.801144,0.0061188,0,0,1,-0.801144,-0.598472,0.00127389,0.598472,-0.801144,0.0061188,0,0,1,0,0,0.00132068,0,0,-0.00283221,0.00132068,-0.00283221,1.95E-05,-1.80114,0,0.000636944,0,-1.80114,0.0030594,0.000636944,0.0030594,0,-6.93E+11,0,9.80E+07,0,-6.93E+11,4.71E+08,9.80E+07,4.71E+08,-4.16E+11,2.50E+06,1.20E+06,9.80E+07,1.20E+06,8.01E+06,4.71E+08,9.80E+07,4.71E+08,5.26E+06,4.81E+08,4.81E+08,4.81E+08,-4.16E+11,5.26E+06,0.327774,0.327796,1.01E-12
0.00125,3.75246,0.5,-0.00102394,-0.000716971,0.00124941,-3.84E-05,0.00227335,0.000678567,0,-0.801144,-0.598472,0.000192016,0.598472,-0.801144,0.00624705,0,0,1,-0.801144,-0.598472,0.000192016,0.598472,-0.801144,0.00624705,0,0,1,0,0,0.00179243,0,0,-0.00255985,0.00179243,-0.00255985,1.95E-05,-1.80114,0,9.60E-05,0,-1.80114,0.00312352,9.60E-05,0.00312352,0,-6.93E+11,0,1.48E+07,0,-6.93E+11,4.81E+08,1.48E+07,4.81E+08,-4.16E+11,2.26E+06,184550,1.48E+07,184550,8.26E+06,4.81E+08,1.48E+07,4.81E+08,5.26E+06,4.81E+08,4.81E+08,4.81E+08,-4.16E+11,5.26E+06,0.327774,0.327796,1.02E-12
0.00125,3.92699,0.5,-0.000883883,-0.000883883,0.0012371,0.000179138,0.00212098,0.00106302,0,-0.801144,-0.598472,-0.00089569,0.598472,-0.801144,0.00618549,0,0,1,-0.801144,-0.598472,-0.00089569,0.598472,-0.801144,0.00618549,0,0,1,0,0,0.00220971,0,0,-0.00220971,0.00220971,-0.00220971,1.95E-05,-1.80114,0,-0.000447845,0,-1.80114,0.00309274,-0.000447845,0.00309274,0,-6.93E+11,0,-6.89E+07,0,-6.93E+11,4.76E+08,-6.89E+07,4.76E+08,-4.16E+11,2.38E+06,-852379,-6.89E+07,-852379,8.14E+06,4.76E+08,-6.89E+07,4.76E+08,5.26E+06,4.81E+08,4.81E+08,4.81E+08,-4.16E+11,5.26E+06,0.327774,0.327796,1.01E-12
0.00125,4.10152,0.5,-0.000716971,-0.00102394,0.0011872,0.000391236,0.00190417,0.00141518,0,-0.801144,-0.598472,-0.00195618,0.598472,-0.801144,0.00593598,0,0,1,-0.801144,-0.598472,-0.00195618,0.598472,-0.801144,0.00593598,0,0,1,0,0,0.00255985,0,0,-0.00179243,0.00255985,-0.00179243,1.95E-05,-1.80114,0,-0.00097809,0,-1.80114,0.00296799,-0.00097809,0.00296799,0,-6.93E+11,0,-1.50E+08,0,-6.93E+11,4.57E+08,-1.50E+08,4.57E+08,-4.16E+11,2.84E+06,-1.79E+06,-1.50E+08,-1.79E+06,7.67E+06,4.57E+08,-1.50E+08,4.57E+08,5.26E+06,4.81E+08,4.81E+08,4.81E+08,-4.16E+11,5.26E+06,0.327774,0.327796,1.01E-12
0.00125,4.27606,0.5,-0.000528273,-0.00113288,0.00110122,0.000591447,0.0016295,0.00172433,0,-0.801144,-0.598472,-0.00295723,0.598472,-0.801144,0.00550611,0,0,1,-0.801144,-0.598472,-0.00295723,0.598472,-0.801144,0.00550611,0,0,1,0,0,0.00283221,0,0,-0.00132068,0.00283221,-0.00132068,1.95E-05,-1.80114,0,-0.00147862,0,-1.80114,0.00275306,-0.00147862,0.00275306,0,-6.93E+11,0,-2.27E+08,0,-6.93E+11,4.24E+08,-2.27E+08,4.24E+08,-4.16E+11,3.60E+06,-2.51E+06,-2.27E+08,-2.51E+06,6.92E+06,4.24E+08,-2.27E+08,4.24E+08,5.26E+06,4.81E+08,4.81E+08,4.81E+08,-4.16E+11,5.26E+06,0.327774,0.327796,1.00E-12
0.00125,4.45059,0.5,-0.000323524,-0.00120741,0.000981789,0.000773687,0.00130531,0.00198109,0,-0.801144,-0.598472,-0.00386843,0.598472,-0.801144,0.00490894,0,0,1,-0.801144,-0.598472,-0.00386843,0.598472,-0.801144,0.00490894,0,0,1,0,0,0.00301852,0,0,-0.00080881,0.00301852,-0.00080881,1.95E-05,-1.80114,0,-0.00193422,0,-1.80114,0.00245447,-0.00193422,0.00245447,0,-6.93E+11,0,-2.98E+08,0,-6.93E+11,3.78E+08,-2.98E+08,3.78E+08,-4.16E+11,4.56E+06,-2.92E+06,-2.98E+08,-2.92E+06,5.96E+06,3.78E+08,-2.98E+08,3.78E+08,5.26E+06,4.81E+08,4.81E+08,4.81E+08,-4.16E+11,5.26E+06,0.327774,0.327796,1.01E-12
0.00125,4.62512,0.5,-0.000108945,-0.00124524,0.000832524,0.000932418,0.000941468,0.00217766,0,-0.801144,-0.598472,-0.00466209,0.598472,-0.801144,0.00416262,0,0,1,-0.801144,-0.598472,-0.00466209,0.598472,-0.801144,0.00416262,0,0,1,0,0,0.00311311,0,0,-0.000272362,0.00311311,-0.000272362,1.95E-05,-1.80114,0,-0.00233105,0,-1.80114,0.00208131,-0.00233105,0.00208131,0,-6.93E+11,0,-3.59E+08,0,-6.93E+11,3.20E+08,-3.59E+08,3.20E+08,-4.16E+11,5.60E+06,-2.99E+06,-3.59E+08,-2.99E+06,4.92E+06,3.20E+08,-3.59E+08,3.20E+08,5.26E+06,4.81E+08,4.81E+08,4.81E+08,-4.16E+11,5.26E+06,0.327774,0.327796,1.00E-12
0.00125,4.79966,0.5,0.000108945,-0.00124524,0.000657963,0.00106282,0.000549018,0.00230806,0,-0.801144,-0.598472,-0.0053141,0.598472,-0.801144,0.00328982,0,0,1,-0.801144,-0.598472,-0.0053141,0.598472,-0.801144,0.00328982,0,0,1,0,0,0.00311311,0,0,0.000272362,0.00311311,0.000272362,1.95E-05,-1.80114,0,-0.00265705,0,-1.80114,0.00164491,-0.00265705,0.00164491,0,-6.93E+11,0,-4.09E+08,0,-6.93E+11,2.53E+08,-4.09E+08,2.53E+08,-4.16E+11,6.60E+06,-2.69E+06,-4.09E+08,-2.69E+06,3.92E+06,2.53E+08,-4.09E+08,2.53E+08,5.26E+06,4.81E+08,4.81E+08,4.81E+08,-4.16E+11,5.26E+06,0.327774,0.327796,1.01E-12
0.00125,4.97419,0.5,0.000323524,-0.00120741,0.000463411,0.00116093,0.000139887,0.00236833,0,-0.801144,-0.598472,-0.00580463,0.598472,-0.801144,0.00231705,0,0,1,-0.801144,-0.598472,-0.00580463,0.598472,-0.801144,0.00231705,0,0,1,0,0,0.00301852,0,0,0.00080881,0.00301852,0.00080881,1.95E-05,-1.80114,0,-0.00290232,0,-1.80114,0.00115853,-0.00290232,0.00115853,0,-6.93E+11,0,-4.47E+08,0,-6.93E+11,1.78E+08,-4.47E+08,1.78E+08,-4.16E+11,7.44E+06,-2.07E+06,-4.47E+08,-2.07E+06,3.08E+06,1.78E+08,-4.47E+08,1.78E+08,5.26E+06,4.81E+08,4.81E+08,4.81E+08,-4.16E+11,5.26E+06,0.327774,0.327796,1.02E-12
0.00125,5.14872,0.5,0.000528273,-0.00113288,0.000254778,0.00122376,-0.000273495,0.00235664,0,-0.801144,-0.598472,-0.0061188,0.598472,-0.801144,0.00127389,0,0,1,-0.801144,-0.598472,-0.0061188,0.598472,-0.801144,0.00127389,0,0,1,0,0,0.00283221,0,0,0.00132068,0.00283221,0.00132068,1.95E-05,-1.80114,0,-0.0030594,0,-1.80114,0.000636944,-0.0030594,0.000636944,0,-6.93E+11,0,-4.71E+08,0,-6.93E+11,9.80E+07,-4.71E+08,9.80E+07,-4.16E+11,8.01E+06,-1.20E+06,-4.71E+08,-1.20E+06,2.50E+06,9.80E+07,-4.71E+08,9.80E+07,5.26E+06,4.81E+08,4.81E+08,4.81E+08,-4.16E+11,5.26E+06,0.327774,0.327796,1.00E-12
0.00125,5.32325,0.5,0.000716971,-0.00102394,3.84E-05,0.00124941,-0.000678567,0.00227335,0,-0.801144,-0.598472,-0.00624705,0.598472,-0.801144,0.000192016,0,0,1,-0.801144,-0.598472,-0.00624705,0.598472,-0.801144,0.000192016,0,0,1,0,0,0.00255985,0,0,0.00179243,0.00255985,0.00179243,1.95E-05,-1.80114,0,-0.00312352,0,-1.80114,9.60E-05,-0.00312352,9.60E-05,0,-6.93E+11,0,-4.81E+08,0,-6.93E+11,1.48E+07,-4.81E+08,1.48E+07,-4.16E+11,8.26E+06,-184550,-4.81E+08,-184550,2.26E+06,1.48E+07,-4.81E+08,1.48E+07,5.26E+06,4.81E+08,4.81E+08,4.81E+08,-4.16E+11,5.26E+06,0.327774,0.327796,1.00E-12
0.00125,5.49779,0.5,0.000883883,-0.000883883,-0.000179138,0.0012371,-0.00106302,0.00212098,0,-0.801144,-0.598472,-0.00618549,0.598472,-0.801144,-0.00089569,0,0,1,-0.801144,-0.598472,-0.00618549,0.598472,-0.801144,-0.00089569,0,0,1,0,0,0.00220971,0,0,0.00220971,0.00220971,0.00220971,1.95E-05,-1.80114,0,-0.00309274,0,-1.80114,-0.000447845,-0.00309274,-0.000447845,0,-6.93E+11,0,-4.76E+08,0,-6.93E+11,-6.89E+07,-4.76E+08,-6.89E+07,-4.16E+11,8.14E+06,852379,-4.76E+08,852379,2.38E+06,-6.89E+07,-4.76E+08,-6.89E+07,5.26E+06,4.81E+08,4.81E+08,4.81E+08,-4.16E+11,5.26E+06,0.327774,0.327796,1.01E-12
0.00125,5.67232,0.5,0.00102394,-0.000716971,-0.000391236,0.0011872,-0.00141518,0.00190417,0,-0.801144,-0.598472,-0.00593598,0.598472,-0.801144,-0.00195618,0,0,1,-0.801144,-0.598472,-0.00593598,0.598472,-0.801144,-0.00195618,0,0,1,0,0,0.00179243,0,0,0.00255985,0.00179243,0.00255985,1.95E-05,-1.80114,0,-0.00296799,0,-1.80114,-0.00097809,-0.00296799,-0.00097809,0,-6.93E+11,0,-4.57E+08,0,-6.93E+11,-1.50E+08,-4.57E+08,-1.50E+08,-4.16E+11,7.67E+06,1.79E+06,-4.57E+08,1.79E+06,2.84E+06,-1.50E+08,-4.57E+08,-1.50E+08,5.26E+06,4.81E+08,4.81E+08,4.81E+08,-4.16E+11,5.26E+06,0.327774,0.327796,1.01E-12
0.00125,5.84685,0.5,0.00113288,-0.000528273,-0.000591447,0.00110122,-0.00172433,0.0016295,0,-0.801144,-0.598472,-0.00550611,0.598472,-0.801144,-0.00295723,0,0,1,-0.801144,-0.598472,-0.00550611,0.598472,-0.801144,-0.00295723,0,0,1,0,0,0.00132068,0,0,0.00283221,0.00132068,0.00283221,1.95E-05,-1.80114,0,-0.00275306,0,-1.80114,-0.00147862,-0.00275306,-0.00147862,0,-6.93E+11,0,-4.24E+08,0,-6.93E+11,-2.27E+08,-4.24E+08,-2.27E+08,-4.16E+11,6.92E+06,2.51E+06,-4.24E+08,2.51E+06,3.60E+06,-2.27E+08,-4.24E+08,-2.27E+08,5.26E+06,4.81E+08,4.81E+08,4.81E+08,-4.16E+11,5.26E+06,0.327774,0.327796,1.00E-12
0.00125,6.02139,0.5,0.00120741,-0.000323524,-0.000773687,0.000981789,-0.00198109,0.00130531,0,-0.801144,-0.598472,-0.00490894,0.598472,-0.801144,-0.00386843,0,0,1,-0.801144,-0.598472,-0.00490894,0.598472,-0.801144,-0.00386843,0,0,1,0,0,0.00080881,0,0,0.00301852,0.00080881,0.00301852,1.95E-05,-1.80114,0,-0.00245447,0,-1.80114,-0.00193422,-0.00245447,-0.00193422,0,-6.93E+11,0,-3.78E+08,0,-6.93E+11,-2.98E+08,-3.78E+08,-2.98E+08,-4.16E+11,5.96E+06,2.92E+06,-3.78E+08,2.92E+06,4.56E+06,-2.98E+08,-3.78E+08,-2.98E+08,5.26E+06,4.81E+08,4.81E+08,4.81E+08,-4.16E+11,5.26E+06,0.327774,0.327796,1.01E-12
0.00125,6.19592,0.5,0.00124524,-0.000108945,-0.000932418,0.000832524,-0.00217766,0.000941468,0,-0.801144,-0.598472,-0.00416262,0.598472,-0.801144,-0.00466209,0,0,1,-0.801144,-0.598472,-0.00416262,0.598472,-0.801144,-0.00466209,0,0,1,0,0,0.000272362,0,0,0.00311311,0.000272362,0.00311311,1.95E-05,-1.80114,0,-0.00208131,0,-1.80114,-0.00233105,-0.00208131,-0.00233105,0,-6.93E+11,0,-3.20E+08,0,-6.93E+11,-3.59E+08,-3.20E+08,-3.59E+08,-4.16E+11,4.92E+06,2.99E+06,-3.20E+08,2.99E+06,5.60E+06,-3.59E+08,-3.20E+08,-3.59E+08,5.26E+06,4.81E+08,4.81E+08,4.81E+08,-4.16E+11,5.26E+06,0.327774,0.327796,1.00E-12
0.00375,0.0872665,0.5,0.00373573,0.000326834,-0.00318846,0.00197389,-0.00692419,0.00164706,0,-0.801144,-0.598472,-0.00986945,0.598472,-0.801144,-0.0159423,0,0,1,-0.801144,-0.598472,-0.00986945,0.598472,-0.801144,-0.0159423,0,0,1,0,0,-0.000817085,0,0,0.00933933,-0.000817085,0.00933933,0.000175781,-1.80114,0,-0.00493472,0,-1.80114,-0.00797114,-0.00493472,-0.00797114,0,-6.93E+11,0,-7.59E+08,0,-6.93E+11,-1.23E+09,-7.59E+08,-1.23E+09,-4.16E+11,3.53E+07,2.42E+07,-7.60E+08,2.42E+07,5.94E+07,-1.23E+09,-7.60E+08,-1.23E+09,4.73E+07,1.44E+09,1.44E+09,1.44E+09,-4.16E+11,4.73E+07,8.84989,8.85533,1.05E-12
0.00375,0.261799,0.5,0.00362222,0.000970571,-0.00348278,0.00139023,-0.007105,0.00041966,0,-0.801144,-0.598472,-0.00695116,0.598472,-0.801144,-0.0174139,0,0,1,-0.801144,-0.598472,-0.00695116,0.598472,-0.801144,-0.0174139,0,0,1,0,0,-0.00242643,0,0,0.00905555,-0.00242643,0.00905555,0.000175781,-1.80114,0,-0.00347558,0,-1.80114,-0.00870695,-0.00347558,-0.00870695,0,-6.93E+11,0,-5.35E+08,0,-6.93E+11,-1.34E+09,-5.35E+08,-1.34E+09,-4.16E+11,2.77E+07,1.86E+07,-5.35E+08,1.86E+07,6.69E+07,-1.34E+09,-5.35E+08,-1.34E+09,4.73E+07,1.44E+09,1.44E+09,1.44E+09,-4.16E+11,4.73E+07,8.84989,8.85533,1.04E-12
0.00375,0.436332,0.5,0.00339865,0.00158482,-0.00367128,0.000764333,-0.00706993,-0.000820486,0,-0.801144,-0.598472,-0.00382166,0.598472,-0.801144,-0.0183564,0,0,1,-0.801144,-0.598472,-0.00382166,0.598472,-0.801144,-0.0183564,0,0,1,0,0,-0.00396205,0,0,0.00849664,-0.00396205,0.00849664,0.000175781,-1.80114,0,-0.00191083,0,-1.80114,-0.0091782,-0.00191083,-0.0091782,0,-6.93E+11,0,-2.94E+08,0,-6.93E+11,-1.41E+09,-2.94E+08,-1.41E+09,-4.16E+11,2.25E+07,1.08E+07,-2.94E+08,1.08E+07,7.21E+07,-1.41E+09,-2.94E+08,-1.41E+09,4.73E+07,1.44E+09,1.44E+09,1.44E+09,-4.16E+11,4.73E+07,8.84989,8.85533,1.03E-12
0.00375,0.610865,0.5,0.00307182,0.00215091,-0.00374823,0.00011521,-0.00682005,-0.0020357,0,-0.801144,-0.598472,-0.000576048,0.598472,-0.801144,-0.0187411,0,0,1,-0.801144,-0.598472,-0.000576048,0.598472,-0.801144,-0.0187411,0,0,1,0,0,-0.00537728,0,0,0.00767955,-0.00537728,0.00767955,0.000175781,-1.80114,0,-0.000288024,0,-1.80114,-0.00937057,-0.000288024,-0.00937057,0,-6.93E+11,0,-4.43E+07,0,-6.93E+11,-1.44E+09,-4.43E+07,-1.44E+09,-4.16E+11,2.03E+07,1.66E+06,-4.43E+07,1.66E+06,7.43E+07,-1.44E+09,-4.43E+07,-1.44E+09,4.73E+07,1.44E+09,1.44E+09,1.44E+09,-4.16E+11,4.73E+07,8.84989,8.85533,1.07E-12
0.00375,0.785398,0.5,0.00265165,0.00265165,-0.00371129,-0.000537414,-0.00636294,-0.00318906,0,-0.801144,-0.598472,0.00268707,0.598472,-0.801144,-0.0185565,0,0,1,-0.801144,-0.598472,0.00268707,0.598472,-0.801144,-0.0185565,0,0,1,0,0,-0.00662913,0,0,0.00662913,-0.00662913,0.00662913,0.000175781,-1.80114,0,0.00134353,0,-1.80114,-0.00927823,0.00134353,-0.00927823,0,-6.93E+11,0,2.07E+08,0,-6.93E+11,-1.43E+09,2.07E+08,-1.43E+09,-4.16E+11,2.14E+07,-7.67E+06,2.07E+08,-7.67E+06,7.33E+07,-1.43E+09,2.07E+08,-1.43E+09,4.73E+07,1.44E+09,1.44E+09,1.44E+09,-4.16E+11,4.73E+07,8.84989,8.85533,1.05E-12
0.00375,0.959931,0.5,0.00215091,0.00307182,-0.00356159,-0.00117371,-0.0057125,-0.00424553,0,-0.801144,-0.598472,0.00586854,0.598472,-0.801144,-0.0178079,0,0,1,-0.801144,-0.598472,0.00586854,0.598472,-0.801144,-0.0178079,0,0,1,0,0,-0.00767955,0,0,0.00537728,-0.00767955,0.00537728,0.000175781,-1.80114,0,0.00293427,0,-1.80114,-0.00890397,0.00293427,-0.00890397,0,-6.93E+11,0,4.51E+08,0,-6.93E+11,-1.37E+09,4.51E+08,-1.37E+09,-4.16E+11,2.56E+07,-1.61E+07,4.52E+08,-1.61E+07,6.91E+07,-1.37E+09,4.52E+08,-1.37E+09,4.73E+07,1.44E+09,1.44E+09,1.44E+09,-4.16E+11,4.73E+07,8.84989,8.85533,1.02E-12
0.00375,1.13446,0.5,0.00158482,0.00339865,-0.00330367,-0.00177434,-0.00488849,-0.00517299,0,-0.801144,-0.598472,0.0088717,0.598472,-0.801144,-0.0165183,0,0,1,-0.801144,-0.598472,0.0088717,0.598472,-0.801144,-0.0165183,0,0,1,0,0,-0.00849664,0,0,0.00396205,-0.00849664,0.00396205,0.000175781,-1.80114,0,0.00443585,0,-1.80114,-0.00825917,0.00443585,-0.00825917,0,-6.93E+11,0,6.82E+08,0,-6.93E+11,-1.27E+09,6.82E+08,-1.27E+09,-4.16E+11,3.24E+07,-2.26E+07,6.83E+08,-2.26E+07,6.23E+07,-1.27E+09,6.83E+08,-1.27E+09,4.73E+07,1.44E+09,1.44E+09,1.44E+09,-4.16E+11,4.73E+07,8.84989,8.85533,1.03E-12
0.00375,1.309,0.5,0.000970571,0.00362222,-0.00294537,-0.00232106,-0.00391594,-0.00594328,0,-0.801144,-0.598472,0.0116053,0.598472,-0.801144,-0.0147268,0,0,1,-0.801144,-0.598472,0.0116053,0.598472,-0.801144,-0.0147268,0,0,1,0,0,-0.00905555,0,0,0.00242643,-0.00905555,0.00242643,0.000175781,-1.80114,0,0.00580265,0,-1.80114,-0.00736341,0.00580265,-0.00736341,0,-6.93E+11,0,8.93E+08,0,-6.93E+11,-1.13E+09,8.93E+08,-1.13E+09,-4.16E+11,4.10E+07,-2.63E+07,8.93E+08,-2.63E+07,5.37E+07,-1.13E+09,8.93E+08,-1.13E+09,4.73E+07,1.44E+09,1.44E+09,1.44E+09,-4.16E+11,4.73E+07,8.84989,8.85533,1.05E-12
0.00375,1.48353,0.5,0.000326834,0.00373573,-0.00249757,-0.00279726,-0.00282441,-0.00653299,0,-0.801144,-0.598472,0.0139863,0.598472,-0.801144,-0.0124879,0,0,1,-0.801144,-0.598472,0.0139863,0.598472,-0.801144,-0.0124879,0,0,1,0,0,-0.00933933,0,0,0.000817085,-0.00933933,0.000817085,0.000175781,-1.80114,0,0.00699314,0,-1.80114,-0.00624393,0.00699314,-0.00624393,0,-6.93E+11,0,1.08E+09,0,-6.93E+11,-9.61E+08,1.08E+09,-9.61E+08,-4.16E+11,5.04E+07,-2.69E+07,1.08E+09,-2.69E+07,4.43E+07,-9.61E+08,1.08E+09,-9.61E+08,4.73E+07,1.44E+09,1.44E+09,1.44E+09,-4.16E+11,4.73E+07,8.84989,8.85533,1.03E-12
0.00375,1.65806,0.5,-0.000326834,0.00373573,-0.00197389,-0.00318846,-0.00164706,-0.00692419,0,-0.801144,-0.598472,0.0159423,0.598472,-0.801144,-0.00986945,0,0,1,-0.801144,-0.598472,0.0159423,0.598472,-0.801144,-0.00986945,0,0,1,0,0,-0.00933933,0,0,-0.000817085,-0.00933933,-0.000817085,0.000175781,-1.80114,0,0.00797114,0,-1.80114,-0.00493472,0.00797114,-0.00493472,0,-6.93E+11,0,1.23E+09,0,-6.93E+11,-7.59E+08,1.23E+09,-7.59E+08,-4.16E+11,5.94E+07,-2.42E+07,1.23E+09,-2.42E+07,3.53E+07,-7.60E+08,1.23E+09,-7.60E+08,4.73E+07,1.44E+09,1.44E+09,1.44E+09,-4.16E+11,4.73E+07,8.84989,8.85533,1.05E-12
0.00375,1.8326,0.5,-0.000970571,0.00362222,-0.00139023,-0.00348278,-0.00041966,-0.007105,0,-0.801144,-0.598472,0.0174139,0.598472,-0.801144,-0.00695116,0,0,1,-0.801144,-0.598472,0.0174139,0.598472,-0.801144,-0.00695116,0,0,1,0,0,-0.00905555,0,0,-0.00242643,-0.00905555,-0.00242643,0.000175781,-1.80114,0,0.00870695,0,-1.80114,-0.00347558,0.00870695,-0.00347558,0,-6.93E+11,0,1.34E+09,0,-6.93E+11,-5.35E+08,1.34E+09,-5.35E+08,-4.16E+11,6.69E+07,-1.86E+07,1.34E+09,-1.86E+07,2.77E+07,-5.35E+08,1.34E+09,-5.35E+08,4.73E+07,1.44E+09,1.44E+09,1.44E+09,-4.16E+11,4.73E+07,8.84989,8.85533,1.06E-12
0.00375,2.00713,0.5,-0.00158482,0.00339865,-0.000764333,-0.00367128,0.000820486,-0.00706993,0,-0.801144,-0.598472,0.0183564,0.598472,-0.801144,-0.00382166,0,0,1,-0.801144,-0.598472,0.0183564,0.598472,-0.801144,-0.00382166,0,0,1,0,0,-0.00849664,0,0,-0.00396205,-0.00849664,-0.00396205,0.000175781,-1.80114,0,0.0091782,0,-1.80114,-0.00191083,0.0091782,-0.00191083,0,-6.93E+11,0,1.41E+09,0,-6.93E+11,-2.94E+08,1.41E+09,-2.94E+08,-4.16E+11,7.21E+07,-1.08E+07,1.41E+09,-1.08E+07,2.25E+07,-2.94E+08,1.41E+09,-2.94E+08,4.73E+07,1.44E+09,1.44E+09,1.44E+09,-4.16E+11,4.73E+07,8.84989,8.85533,1.05E-12
0.00375,2.18166,0.5,-0.00215091,0.00307182,-0.00011521,-0.00374823,0.0020357,-0.00682005,0,-0.801144,-0.598472,0.0187411,0.598472,-0.801144,-0.000576048,0,0,1,-0.801144,-0.598472,0.0187411,0.598472,-0.801144,-0.000576048,0,0,1,0,0,-0.00767955,0,0,-0.00537728,-0.00767955,-0.00537728,0.000175781,-1.80114,0,0.00937057,0,-1.80114,-0.000288024,0.00937057,-0.000288024,0,-6.93E+11,0,1.44E+09,0,-6.93E+11,-4.43E+07,1.44E+09,-4.43E+07,-4.16E+11,7.43E+07,-1.66E+06,1.44E+09,-1.66E+06,2.03E+07,-4.43E+07,1.44E+09,-4.43E+07,4.73E+07,1.44E+09,1.44E+09,1.44E+09,-4.16E+11,4.73E+07,8.84989,8.85533,1.04E-12
0.00375,2.35619,0.5,-0.00265165,0.00265165,0.000537414,-0.00371129,0.00318906,-0.00636294,0,-0.801144,-0.598472,0.0185565,0.598472,-0.801144,0.00268707,0,0,1,-0.801144,-0.598472,0.0185565,0.598472,-0.801144,0.00268707,0,0,1,0,0,-0.00662913,0,0,-0.00662913,-0.00662913,-0.00662913,0.000175781,-1.80114,0,0.00927823,0,-1.80114,0.00134353,0.00927823,0.00134353,0,-6.93E+11,0,1.43E+09,0,-6.93E+11,2.07E+08,1.43E+09,2.07E+08,-4.16E+11,7.33E+07,7.67E+06,1.43E+09,7.67E+06,2.14E+07,2.07E+08,1.43E+09,2.07E+08,4.73E+07,1.44E+09,1.44E+09,1.44E+09,-4.16E+11,4.73E+07,8.84989,8.85533,1.05E-12
0.00375,2.53073,0.5,-0.00307182,0.00215091,0.00117371,-0.00356159,0.00424553,-0.0057125,0,-0.801144,-0.598472,0.0178079,0.598472,-0.801144,0.00586854,0,0,1,-0.801144,-0.598472,0.0178079,0.598472,-0.801144,0.00586854,0,0,1,0,0,-0.00537728,0,0,-0.00767955,-0.00537728,-0.00767955,0.000175781,-1.80114,0,0.00890397,0,-1.80114,0.00293427,0.00890397,0.00293427,0,-6.93E+11,0,1.37E+09,0,-6.93E+11,4.51E+08,1.37E+09,4.51E+08,-4.16E+11,6.91E+07,1.61E+07,1.37E+09,1.61E+07,2.56E+07,4.52E+08,1.37E+09,4.52E+08,4.73E+07,1.44E+09,1.44E+09,1.44E+09,-4.16E+11,4.73E+07,8.84989,8.85533,1.05E-12
0.00375,2.70526,0.5,-0.00339865,0.00158482,0.00177434,-0.00330367,0.00517299,-0.00488849,0,-0.801144,-0.598472,0.0165183,0.598472,-0.801144,0.0088717,0,0,1,-0.801144,-0.598472,0.0165183,0.598472,-0.801144,0.0088717,0,0,1,0,0,-0.00396205,0,0,-0.00849664,-0.00396205,-0.00849664,0.000175781,-1.80114,0,0.00825917,0,-1.80114,0.00443585,0.00825917,0.00443585,0,-6.93E+11,0,1.27E+09,0,-6.93E+11,6.82E+08,1.27E+09,6.82E+08,-4.16E+11,6.23E+07,2.26E+07,1.27E+09,2.26E+07,3.24E+07,6.83E+08,1.27E+09,6.83E+08,4.73E+07,1.44E+09,1.44E+09,1.44E+09,-4.16E+11,4.73E+07,8.84989,8.85533,1.05E-12
0.00375,2.87979,0.5,-0.00362222,0.000970571,0.00232106,-0.00294537,0.00594328,-0.00391594,0,-0.801144,-0.598472,0.0147268,0.598472,-0.801144,0.0116053,0,0,1,-0.801144,-0.598472,0.0147268,0.598472,-0.801144,0.0116053,0,0,1,0,0,-0.00242643,0,0,-0.00905555,-0.00242643,-0.00905555,0.000175781,-1.80114,0,0.00736341,0,-1.80114,0.00580265,0.00736341,0.00580265,0,-6.93E+11,0,1.13E+09,0,-6.93E+11,8.93E+08,1.13E+09,8.93E+08,-4.16E+11,5.37E+07,2.63E+07,1.13E+09,2.63E+07,4.10E+07,8.93E+08,1.13E+09,8.93E+08,4.73E+07,1.44E+09,1.44E+09,1.44E+09,-4.16E+11,4.73E+07,8.84989,8.85533,1.06E-12
0.00375,3.05433,0.5,-0.00373573,0.000326834,0.00279726,-0.00249757,0.00653299,-0.00282441,0,-0.801144,-0.598472,0.0124879,0.598472,-0.801144,0.0139863,0,0,1,-0.801144,-0.598472,0.0124879,0.598472,-0.801144,0.0139863,0,0,1,0,0,-0.000817085,0,0,-0.00933933,-0.000817085,-0.00933933,0.000175781,-1.80114,0,0.00624393,0,-1.80114,0.00699314,0.00624393,0.00699314,0,-6.93E+11,0,9.61E+08,0,-6.93E+11,1.08E+09,9.61E+08,1.08E+09,-4.16E+11,4.43E+07,2.69E+07,9.61E+08,2.69E+07,5.04E+07,1.08E+09,9.61E+08,1.08E+09,4.73E+07,1.44E+09,1.44E+09,1.44E+09,-4.16E+11,4.73E+07,8.84989,8.85533,1.02E-12
0.00375,3.22886,0.5,-0.00373573,-0.000326834,0.00318846,-0.00197389,0.00692419,-0.00164706,0,-0.801144,-0.598472,0.00986945,0.598472,-0.801144,0.0159423,0,0,1,-0.801144,-0.598472,0.00986945,0.598472,-0.801144,0.0159423,0,0,1,0,0,0.000817085,0,0,-0.00933933,0.000817085,-0.00933933,0.000175781,-1.80114,0,0.00493472,0,-1.80114,0.00797114,0.00493472,0.00797114,0,-6.93E+11,0,7.59E+08,0,-6.93E+11,1.23E+09,7.59E+08,1.23E+09,-4.16E+11,3.53E+07,2.42E+07,7.60E+08,2.42E+07,5.94E+07,1.23E+09,7.60E+08,1.23E+09,4.73E+07,1.44E+09,1.44E+09,1.44E+09,-4.16E+11,4.73E+07,8.84989,8.85533,1.05E-12
0.00375,3.40339,0.5,-0.00362222,-0.000970571,0.00348278,-0.00139023,0.007105,-0.00041966,0,-0.801144,-0.598472,0.00695116,0.598472,-0.801144,0.0174139,0,0,1,-0.801144,-0.598472,0.00695116,0.598472,-0.801144,0.0174139,0,0,1,0,0,0.00242643,0,0,-0.00905555,0.00242643,-0.00905555,0.000175781,-1.80114,0,0.00347558,0,-1.80114,0.00870695,0.00347558,0.00870695,0,-6.93E+11,0,5.35E+08,0,-6.93E+11,1.34E+09,5.35E+08,1.34E+09,-4.16E+11,2.77E+07,1.86E+07,5.35E+08,1.86E+07,6.69E+07,1.34E+09,5.35E+08,1.34E+09,4.73E+07,1.44E+09,1.44E+09,1.44E+09,-4.16E+11,4.73E+07,8.84989,8.85533,1.05E-12
0.00375,3.57792,0.5,-0.00339865,-0.00158482,0.00367128,-0.000764333,0.00706993,0.000820486,0,-0.801144,-0.598472,0.00382166,0.598472,-0.801144,0.0183564,0,0,1,-0.801144,-0.598472,0.00382166,0.598472,-0.801144,0.0183564,0,0,1,0,0,0.00396205,0,0,-0.00849664,0.00396205,-0.00849664,0.000175781,-1.80114,0,0.00191083,0,-1.80114,0.0091782,0.00191083,0.0091782,0,-6.93E+11,0,2.94E+08,0,-6.93E+11,1.41E+09,2.94E+08,1.41E+09,-4.16E+11,2.25E+07,1.08E+07,2.94E+08,1.08E+07,7.21E+07,1.41E+09,2.94E+08,1.41E+09,4.73E+07,1.44E+09,1.44E+09,1.44E+09,-4.16E+11,4.73E+07,8.84989,8.85533,1.10E-12
0.00375,3.75246,0.5,-0.00307182,-0.00215091,0.00374823,-0.00011521,0.00682005,0.0020357,0,-0.801144,-0.598472,0.000576048,0.598472,-0.801144,0.0187411,0,0,1,-0.801144,-0.598472,0.000576048,0.598472,-0.801144,0.0187411,0,0,1,0,0,0.00537728,0,0,-0.00767955,0.00537728,-0.00767955,0.000175781,-1.80114,0,0.000288024,0,-1.80114,0.00937057,0.000288024,0.00937057,0,-6.93E+11,0,4.43E+07,0,-6.93E+11,1.44E+09,4.43E+07,1.44E+09,-4.16E+11,2.03E+07,1.66E+06,4.43E+07,1.66E+06,7.43E+07,1.44E+09,4.43E+07,1.44E+09,4.73E+07,1.44E+09,1.44E+09,1.44E+09,-4.16E+11,4.73E+07,8.84989,8.85533,1.04E-12
0.00375,3.92699,0.5,-0.00265165,-0.00265165,0.00371129,0.000537414,0.00636294,0.00318906,0,-0.801144,-0.598472,-0.00268707,0.598472,-0.801144,0.0185565,0,0,1,-0.801144,-0.598472,-0.00268707,0.598472,-0.801144,0.0185565,0,0,1,0,0,0.00662913,0,0,-0.00662913,0.00662913,-0.00662913,0.000175781,-1.80114,0,-0.00134353,0,-1.80114,0.00927823,-0.00134353,0.00927823,0,-6.93E+11,0,-2.07E+08,0,-6.93E+11,1.43E+09,-2.07E+08,1.43E+09,-4.16E+11,2.14E+07,-7.67E+06,-2.07E+08,-7.67E+06,7.33E+07,1.43E+09,-2.07E+08,1.43E+09,4.73E+07,1.44E+09,1.44E+09,1.44E+09,-4.16E+11,4.73E+07,8.84989,8.85533,1.04E-12
0.00375,4.10152,0.5,-0.00215091,-0.00307182,0.00356159,0.00117371,0.0057125,0.00424553,0,-0.801144,-0.598472,-0.00586854,0.598472,-0.801144,0.0178079,0,0,1,-0.801144,-0.598472,-0.00586854,0.598472,-0.801144,0.0178079,0,0,1,0,0,0.00767955,0,0,-0.00537728,0.00767955,-0.00537728,0.000175781,-1.80114,0,-0.00293427,0,-1.80114,0.00890397,-0.00293427,0.00890397,0,-6.93E+11,0,-4.51E+08,0,-6.93E+11,1.37E+09,-4.51E+08,1.37E+09,-4.16E+11,2.56E+07,-1.61E+07,-4.52E+08,-1.61E+07,6.91E+07,1.37E+09,-4.52E+08,1.37E+09,4.73E+07,1.44E+09,1.44E+09,1.44E+09,-4.16E+11,4.73E+07,8.84989,8.85533,1.05E-12
0.00375,4.27606,0.5,-0.00158482,-0.00339865,0.00330367,0.00177434,0.00488849,0.00517299,0,-0.801144,-0.598472,-0.0088717,0.598472,-0.801144,0.0165183,0,0,1,-0.801144,-0.598472,-0.0088717,0.598472,-0.801144,0.0165183,0,0,1,0,0,0.00849664,0,0,-0.00396205,0.00849664,-0.00396205,0.000175781,-1.80114,0,-0.00443585,0,-1.80114,0.00825917,-0.00443585,0.00825917,0,-6.93E+11,0,-6.82E+08,0,-6.93E+11,1.27E+09,-6.82E+08,1.27E+09,-4.16E+11,3.24E+07,-2.26E+07,-6.83E+08,-2.26E+07,6.23E+07,1.27E+09,-6.83E+08,1.27E+09,4.73E+07,1.44E+09,1.44E+09,1.44E+09,-4.16E+11,4.73E+07,8.84989,8.85533,1.04E-12
0.00375,4.45059,0.5,-0.000970571,-0.00362222,0.00294537,0.00232106,0.00391594,0.00594328,0,-0.801144,-0.598472,-0.0116053,0.598472,-0.801144,0.0147268,0,0,1,-0.801144,-0.598472,-0.0116053,0.598472,-0.801144,0.0147268,0,0,1,0,0,0.00905555,0,0,-0.00242643,0.00905555,-0.00242643,0.000175781,-1.80114,0,-0.00580265,0,-1.80114,0.00736341,-0.00580265,0.00736341,0,-6.93E+11,0,-8.93E+08,0,-6.93E+11,1.13E+09,-8.93E+08,1.13E+09,-4.16E+11,4.10E+07,-2.63E+07,-8.93E+08,-2.63E+07,5.37E+07,1.13E+09,-8.93E+08,1.13E+09,4.73E+07,1.44E+09,1.44E+09,1.44E+09,-4.16E+11,4.73E+07,8.84989,8.85533,1.07E-12
0.00375,4.62512,0.5,-0.000326834,-0.00373573,0.00249757,0.00279726,0.00282441,0.00653299,0,-0.801144,-0.598472,-0.0139863,0.598472,-0.801144,0.0124879,0,0,1,-0.801144,-0.598472,-0.0139863,0.598472,-0.801144,0.0124879,0,0,1,0,0,0.00933933,0,0,-0.000817085,0.00933933,-0.000817085,0.000175781,-1.80114,0,-0.00699314,0,-1.80114,0.00624393,-0.00699314,0.00624393,0,-6.93E+11,0,-1.08E+09,0,-6.93E+11,9.61E+08,-1.08E+09,9.61E+08,-4.16E+11,5.04E+07,-2.69E+07,-1.08E+09,-2.69E+07,4.43E+07,9.61E+08,-1.08E+09,9.61E+08,4.73E+07,1.44E+09,1.44E+09,1.44E+09,-4.16E+11,4.73E+07,8.84989,8.85533,1.06E-12
0.00375,4.79966,0.5,0.000326834,-0.00373573,0.00197389,0.00318846,0.00164706,0.00692419,0,-0.801144,-0.598472,-0.0159423,0.598472,-0.801144,0.00986945,0,0,1,-0.801144,-0.598472,-0.0159423,0.598472,-0.801144,0.00986945,0,0,1,0,0,0.00933933,0,0,0.000817085,0.00933933,0.000817085,0.000175781,-1.80114,0,-0.00797114,0,-1.80114,0.00493472,-0.00797114,0.00493472,0,-6.93E+11,0,-1.23E+09,0,-6.93E+11,7.59E+08,-1.23E+09,7.59E+08,-4.16E+11,5.94E+07,-2.42E+07,-1.23E+09,-2.42E+07,3.53E+07,7.60E+08,-1.23E+09,7.60E+08,4.73E+07,1.44E+09,1.44E+09,1.44E+09,-4.16E+11,4.73E+07,8.84989,8.85533,1.01E-12
0.00375,4.97419,0.5,0.000970571,-0.00362222,0.00139023,0.00348278,0.00041966,0.007105,0,-0.801144,-0.598472,-0.0174139,0.598472,-0.801144,0.00695116,0,0,1,-0.801144,-0.598472,-0.0174139,0.598472,-0.801144,0.00695116,0,0,1,0,0,0.00905555,0,0,0.00242643,0.00905555,0.00242643,0.000175781,-1.80114,0,-0.00870695,0,-1.80114,0.00347558,-0.00870695,0.00347558,0,-6.93E+11,0,-1.34E+09,0,-6.93E+11,5.35E+08,-1.34E+09,5.35E+08,-4.16E+11,6.69E+07,-1.86E+07,-1.34E+09,-1.86E+07,2.77E+07,5.35E+08,-1.34E+09,5.35E+08,4.73E+07,1.44E+09,1.44E+09,1.44E+09,-4.16E+11,4.73E+07,8.84989,8.85533,1.02E-12
0.00375,5.14872,0.5,0.00158482,-0.00339865,0.000764333,0.00367128,-0.000820486,0.00706993,0,-0.801144,-0.598472,-0.0183564,0.598472,-0.801144,0.00382166,0,0,1,-0.801144,-0.598472,-0.0183564,0.598472,-0.801144,0.00382166,0,0,1,0,0,0.00849664,0,0,0.00396205,0.00849664,0.00396205,0.000175781,-1.80114,0,-0.0091782,0,-1.80114,0.00191083,-0.0091782,0.00191083,0,-6.93E+11,0,-1.41E+09,0,-6.93E+11,2.94E+08,-1.41E+09,2.94E+08,-4.16E+11,7.21E+07,-1.08E+07,-1.41E+09,-1.08E+07,2.25E+07,2.94E+08,-1.41E+09,2.94E+08,4.73E+07,1.44E+09,1.44E+09,1.44E+09,-4.16E+11,4.73E+07,8.84989,8.85533,1.05E-12
0.00375,5.32325,0.5,0.00215091,-0.00307182,0.00011521,0.00374823,-0.0020357,0.00682005,0,-0.801144,-0.598472,-0.0187411,0.598472,-0.801144,0.000576048,0,0,1,-0.801144,-0.598472,-0.0187411,0.598472,-0.801144,0.000576048,0,0,1,0,0,0.00767955,0,0,0.00537728,0.00767955,0.00537728,0.000175781,-1.80114,0,-0.00937057,0,-1.80114,0.000288024,-0.00937057,0.000288024,0,-6.93E+11,0,-1.44E+09,0,-6.93E+11,4.43E+07,-1.44E+09,4.43E+07,-4.16E+11,7.43E+07,-1.66E+06,-1.44E+09,-1.66E+06,2.03E+07,4.43E+07,-1.44E+09,4.43E+07,4.73E+07,1.44E+09,1.44E+09,1.44E+09,-4.16E+11,4.73E+07,8.84989,8.85533,1.07E-12
0.00375,5.49779,0.5,0.00265165,-0.00265165,-0.000537414,0.00371129,-0.00318906,0.00636294,0,-0.801144,-0.598472,-0.0185565,0.598472,-0.801144,-0.00268707,0,0,1,-0.801144,-0.598472,-0.0185565,0.598472,-0.801144,-0.00268707,0,0,1,0,0,0.00662913,0,0,0.00662913,0.00662913,0.00662913,0.000175781,-1.80114,0,-0.00927823,0,-1.80114,-0.00134353,-0.00927823,-0.00134353,0,-6.93E+11,0,-1.43E+09,0,-6.93E+11,-2.07E+08,-1.43E+09,-2.07E+08,-4.16E+11,7.33E+07,7.67E+06,-1.43E+09,7.67E+06,2.14E+07,-2.07E+08,-1.43E+09,-2.07E+08,4.73E+07,1.44E+09,1.44E+09,1.44E+09,-4.16E+11,4.73E+07,8.84989,8.85533,1.06E-12
0.00375,5.67232,0.5,0.00307182,-0.00215091,-0.00117371,0.00356159,-0.00424553,0.0057125,0,-0.801144,-0.598472,-0.0178079,0.598472,-0.801144,-0.00586854,0,0,1,-0.801144,-0.598472,-0.0178079,0.598472,-0.801144,-0.00586854,0,0,1,0,0,0.00537728,0,0,0.00767955,0.00537728,0.00767955,0.000175781,-1.80114,0,-0.00890397,0,-1.80114,-0.00293427,-0.00890397,-0.00293427,0,-6.93E+11,0,-1.37E+09,0,-6.93E+11,-4.51E+08,-1.37E+09,-4.51E+08,-4.16E+11,6.91E+07,1.61E+07,-1.37E+09,1.61E+07,2.56E+07,-4.52E+08,-1.37E+09,-4.52E+08,4.73E+07,1.44E+09,1.44E+09,1.44E+09,-4.16E+11,4.73E+07,8.84989,8.85533,1.12E-12
0.00375,5.84685,0.5,0.00339865,-0.00158482,-0.00177434,0.00330367,-0.00517299,0.00488849,0,-0.801144,-0.598472,-0.0165183,0.598472,-0.801144,-0.0088717,0,0,1,-0.801144,-0.598472,-0.0165183,0.598472,-0.801144,-0.0088717,0,0,1,0,0,0.00396205,0,0,0.00849664,0.00396205,0.00849664,0.000175781,-1.80114,0,-0.00825917,0,-1.80114,-0.00443585,-0.00825917,-0.00443585,0,-6.93E+11,0,-1.27E+09,0,-6.93E+11,-6.82E+08,-1.27E+09,-6.82E+08,-4.16E+11,6.23E+07,2.26E+07,-1.27E+09,2.26E+07,3.24E+07,-6.83E+08,-1.27E+09,-6.83E+08,4.73E+07,1.44E+09,1.44E+09,1.44E+09,-4.16E+11,4.73E+07,8.84989,8.85533,1.03E-12
0.00375,6.02139,0.5,0.00362222,-0.000970571,-0.00232106,0.00294537,-0.00594328,0.00391594,0,-0.801144,-0.598472,-0.0147268,0.598472,-0.801144,-0.0116053,0,0,1,-0.801144,-0.598472,-0.0147268,0.598472,-0.801144,-0.0116053,0,0,1,0,0,0.00242643,0,0,0.00905555,0.00242643,0.00905555,0.000175781,-1.80114,0,-0.00736341,0,-1.80114,-0.00580265,-0.00736341,-0.00580265,0,-6.93E+11,0,-1.13E+09,0,-6.93E+11,-8.93E+08,-1.13E+09,-8.93E+08,-4.16E+11,5.37E+07,2.63E+07,-1.13E+09,2.63E+07,4.10E+07,-8.93E+08,-1.13E+09,-8.93E+08,4.73E+07,1.44E+09,1.44E+09,1.44E+09,-4.16E+11,4.73E+07,8.84989,8.85533,1.03E-12
0.00375,6.19592,0.5,0.00373573,-0.000326834,-0.00279726,0.00249757,-0.00653299,0.00282441,0,-0.801144,-0.598472,-0.0124879,0.598472,-0.801144,-0.0139863,0,0,1,-0.801144,-0.598472,-0.0124879,0.598472,-0.801144,-0.0139863,0,0,1,0,0,0.000817085,0,0,0.00933933,0.000817085,0.00933933,0.000175781,-1.80114,0,-0.00624393,0,-1.80114,-0.00699314,-0.00624393,-0.00699314,0,-6.93E+11,0,-9.61E+08,0,-6.93E+11,-1.08E+09,-9.61E+08,-1.08E+09,-4.16E+11,4.43E+07,2.69E+07,-9.61E+08,2.69E+07,5.04E+07,-1.08E+09,-9.61E+08,-1.08E+09,4.73E+07,1.44E+09,1.44E+09,1.44E+09,-4.16E+11,4.73E+07,8.84989,8.85533,1.05E-12
0.00625,0.0872665,0.5,0.00622622,0.000544723,-0.0053141,0.00328982,-0.0115403,0.00274509,0,-0.801144,-0.598472,-0.0164491,0.598472,-0.801144,-0.0265705,0,0,1,-0.801144,-0.598472,-0.0164491,0.598472,-0.801144,-0.0265705,0,0,1,0,0,-0.00136181,0,0,0.0155655,-0.00136181,0.0155655,0.000488281,-1.80114,0,-0.00822454,0,-1.80114,-0.0132852,-0.00822454,-0.0132852,0,-6.93E+11,0,-1.27E+09,0,-6.93E+11,-2.04E+09,-1.27E+09,-2.04E+09,-4.16E+11,9.80E+07,6.73E+07,-1.27E+09,6.73E+07,1.65E+08,-2.05E+09,-1.27E+09,-2.05E+09,1.31E+08,2.40E+09,2.41E+09,2.40E+09,-4.16E+11,1.31E+08,40.9717,41.0417,1.15E-12
0.00625,0.261799,0.5,0.00603704,0.00161762,-0.00580463,0.00231705,-0.0118417,0.000699434,0,-0.801144,-0.598472,-0.0115853,0.598472,-0.801144,-0.0290232,0,0,1,-0.801144,-0.598472,-0.0115853,0.598472,-0.801144,-0.0290232,0,0,1,0,0,-0.00404405,0,0,0.0150926,-0.00404405,0.0150926,0.000488281,-1.80114,0,-0.00579263,0,-1.80114,-0.0145116,-0.00579263,-0.0145116,0,-6.93E+11,0,-8.91E+08,0,-6.93E+11,-2.23E+09,-8.91E+08,-2.23E+09,-4.16E+11,7.70E+07,5.18E+07,-8.93E+08,5.18E+07,1.86E+08,-2.24E+09,-8.93E+08,-2.24E+09,1.31E+08,2.40E+09,2.41E+09,2.40E+09,-4.16E+11,1.31E+08,40.9717,41.0417,1.22E-12
0.00625,0.436332,0.5,0.00566442,0.00264136,-0.0061188,0.00127389,-0.0117832,-0.00136748,0,-0.801144,-0.598472,-0.00636944,0.598472,-0.801144,-0.030594,0,0,1,-0.801144,-0.598472,-0.00636944,0.598472,-0.801144,-0.030594,0,0,1,0,0,-0.00660341,0,0,0.0141611,-0.00660341,0.0141611,0.000488281,-1.80114,0,-0.00318472,0,-1.80114,-0.015297,-0.00318472,-0.015297,0,-6.93E+11,0,-4.90E+08,0,-6.93E+11,-2.35E+09,-4.90E+08,-2.35E+09,-4.16E+11,6.26E+07,3.00E+07,-4.91E+08,3.00E+07,2.00E+08,-2.36E+09,-4.91E+08,-2.36E+09,1.31E+08,2.40E+09,2.41E+09,2.40E+09,-4.16E+11,1.31E+08,40.9717,41.0417,1.16E-12
0.00625,0.610865,0.5,0.0051197,0.00358485,-0.00624705,0.000192016,-0.0113667,-0.00339284,0,-0.801144,-0.598472,-0.000960081,0.598472,-0.801144,-0.0312352,0,0,1,-0.801144,-0.598472,-0.000960081,0.598472,-0.801144,-0.0312352,0,0,1,0,0,-0.00896213,0,0,0.0127993,-0.00896213,0.0127993,0.000488281,-1.80114,0,-0.00048004,0,-1.80114,-0.0156176,-0.00048004,-0.0156176,0,-6.93E+11,0,-7.39E+07,0,-6.93E+11,-2.40E+09,-7.39E+07,-2.40E+09,-4.16E+11,5.65E+07,4.62E+06,-7.40E+07,4.62E+06,2.07E+08,-2.41E+09,-7.40E+07,-2.41E+09,1.31E+08,2.40E+09,2.41E+09,2.40E+09,-4.16E+11,1.31E+08,40.9717,41.0417,1.19E-12
0.00625,0.785398,0.5,0.00441942,0.00441942,-0.00618549,-0.00089569,-0.0106049,-0.00531511,0,-0.801144,-0.598472,0.00447845,0.598472,-0.801144,-0.0309274,0,0,1,-0.801144,-0.598472,0.00447845,0.598472,-0.801144,-0.0309274,0,0,1,0,0,-0.0110485,0,0,0.0110485,-0.0110485,0.0110485,0.000488281,-1.80114,0,0.00223922,0,-1.80114,-0.0154637,0.00223922,-0.0154637,0,-6.93E+11,0,3.44E+08,0,-6.93E+11,-2.38E+09,3.44E+08,-2.38E+09,-4.16E+11,5.94E+07,-2.13E+07,3.45E+08,-2.13E+07,2.04E+08,-2.38E+09,3.45E+08,-2.38E+09,1.31E+08,2.40E+09,2.41E+09,2.40E+09,-4.16E+11,1.31E+08,40.9717,41.0417,1.06E-12
0.00625,0.959931,0.5,0.00358485,0.0051197,-0.00593598,-0.00195618,-0.00952083,-0.00707588,0,-0.801144,-0.598472,0.0097809,0.598472,-0.801144,-0.0296799,0,0,1,-0.801144,-0.598472,0.0097809,0.598472,-0.801144,-0.0296799,0,0,1,0,0,-0.0127993,0,0,0.00896213,-0.0127993,0.00896213,0.000488281,-1.80114,0,0.00489045,0,-1.80114,-0.0148399,0.00489045,-0.0148399,0,-6.93E+11,0,7.52E+08,0,-6.93E+11,-2.28E+09,7.52E+08,-2.28E+09,-4.16E+11,7.11E+07,-4.47E+07,7.54E+08,-4.47E+07,1.92E+08,-2.29E+09,7.54E+08,-2.29E+09,1.31E+08,2.40E+09,2.41E+09,2.40E+09,-4.16E+11,1.31E+08,40.9717,41.0417,1.22E-12
0.00625,1.13446,0.5,0.00264136,0.00566442,-0.00550611,-0.00295723,-0.00814748,-0.00862166,0,-0.801144,-0.598472,0.0147862,0.598472,-0.801144,-0.0275306,0,0,1,-0.801144,-0.598472,0.0147862,0.598472,-0.801144,-0.0275306,0,0,1,0,0,-0.0141611,0,0,0.00660341,-0.0141611,0.00660341,0.000488281,-1.80114,0,0.00739309,0,-1.80114,-0.0137653,0.00739309,-0.0137653,0,-6.93E+11,0,1.14E+09,0,-6.93E+11,-2.12E+09,1.14E+09,-2.12E+09,-4.16E+11,9.00E+07,-6.27E+07,1.14E+09,-6.27E+07,1.73E+08,-2.12E+09,1.14E+09,-2.12E+09,1.31E+08,2.40E+09,2.41E+09,2.40E+09,-4.16E+11,1.31E+08,40.9717,41.0417,1.24E-12
0.00625,1.309,0.5,0.00161762,0.00603704,-0.00490894,-0.00386843,-0.00652656,-0.00990547,0,-0.801144,-0.598472,0.0193422,0.598472,-0.801144,-0.0245447,0,0,1,-0.801144,-0.598472,0.0193422,0.598472,-0.801144,-0.0245447,0,0,1,0,0,-0.0150926,0,0,0.00404405,-0.0150926,0.00404405,0.000488281,-1.80114,0,0.00967108,0,-1.80114,-0.0122724,0.00967108,-0.0122724,0,-6.93E+11,0,1.49E+09,0,-6.93E+11,-1.89E+09,1.49E+09,-1.89E+09,-4.16E+11,1.14E+08,-7.31E+07,1.49E+09,-7.31E+07,1.49E+08,-1.89E+09,1.49E+09,-1.89E+09,1.31E+08,2.40E+09,2.41E+09,2.40E+09,-4.16E+11,1.31E+08,40.9717,41.0417,1.06E-12
0.00625,1.48353,0.5,0.000544723,0.00622622,-0.00416262,-0.00466209,-0.00470734,-0.0108883,0,-0.801144,-0.598472,0.0233105,0.598472,-0.801144,-0.0208131,0,0,1,-0.801144,-0.598472,0.0233105,0.598472,-0.801144,-0.0208131,0,0,1,0,0,-0.0155655,0,0,0.00136181,-0.0155655,0.00136181,0.000488281,-1.80114,0,0.0116552,0,-1.80114,-0.0104065,0.0116552,-0.0104065,0,-6.93E+11,0,1.79E+09,0,-6.93E+11,-1.60E+09,1.79E+09,-1.60E+09,-4.16E+11,1.40E+08,-7.47E+07,1.80E+09,-7.47E+07,1.23E+08,-1.60E+09,1.80E+09,-1.60E+09,1.31E+08,2.40E+09,2.41E+09,2.40E+09,-4.16E+11,1.31E+08,40.9717,41.0417,1.19E-12
0.00625,1.65806,0.5,-0.000544723,0.00622622,-0.00328982,-0.0053141,-0.00274509,-0.0115403,0,-0.801144,-0.598472,0.0265705,0.598472,-0.801144,-0.0164491,0,0,1,-0.801144,-0.598472,0.0265705,0.598472,-0.801144,-0.0164491,0,0,1,0,0,-0.0155655,0,0,-0.00136181,-0.0155655,-0.00136181,0.000488281,-1.80114,0,0.0132852,0,-1.80114,-0.00822454,0.0132852,-0.00822454,0,-6.93E+11,0,2.04E+09,0,-6.93E+11,-1.27E+09,2.04E+09,-1.27E+09,-4.16E+11,1.65E+08,-6.73E+07,2.05E+09,-6.73E+07,9.80E+07,-1.27E+09,2.05E+09,-1.27E+09,1.31E+08,2.40E+09,2.41E+09,2.40E+09,-4.16E+11,1.31E+08,40.9717,41.0417,1.13E-12
0.00625,1.8326,0.5,-0.00161762,0.00603704,-0.00231705,-0.00580463,-0.000699434,-0.0118417,0,-0.801144,-0.598472,0.0290232,0.598472,-0.801144,-0.0115853,0,0,1,-0.801144,-0.598472,0.0290232,0.598472,-0.801144,-0.0115853,0,0,1,0,0,-0.0150926,0,0,-0.00404405,-0.0150926,-0.00404405,0.000488281,-1.80114,0,0.0145116,0,-1.80114,-0.00579263,0.0145116,-0.00579263,0,-6.93E+11,0,2.23E+09,0,-6.93E+11,-8.91E+08,2.23E+09,-8.91E+08,-4.16E+11,1.86E+08,-5.18E+07,2.24E+09,-5.18E+07,7.70E+07,-8.93E+08,2.24E+09,-8.93E+08,1.31E+08,2.40E+09,2.41E+09,2.40E+09,-4.16E+11,1.31E+08,40.9717,41.0417,1.11E-12
0.00625,2.00713,0.5,-0.00264136,0.00566442,-0.00127389,-0.0061188,0.00136748,-0.0117832,0,-0.801144,-0.598472,0.030594,0.598472,-0.801144,-0.00636944,0,0,1,-0.801144,-0.598472,0.030594,0.598472,-0.801144,-0.00636944,0,0,1,0,0,-0.0141611,0,0,-0.00660341,-0.0141611,-0.00660341,0.000488281,-1.80114,0,0.015297,0,-1.80114,-0.00318472,0.015297,-0.00318472,0,-6.93E+11,0,2.35E+09,0,-6.93E+11,-4.90E+08,2.35E+09,-4.90E+08,-4.16E+11,2.00E+08,-3.00E+07,2.36E+09,-3.00E+07,6.26E+07,-4.91E+08,2.36E+09,-4.91E+08,1.31E+08,2.40E+09,2.41E+09,2.40E+09,-4.16E+11,1.31E+08,40.9717,41.0417,1.13E-12
0.00625,2.18166,0.5,-0.00358485,0.0051197,-0.000192016,-0.00624705,0.00339284,-0.0113667,0,-0.801144,-0.598472,0.0312352,0.598472,-0.801144,-0.000960081,0,0,1,-0.801144,-0.598472,0.0312352,0.598472,-0.801144,-0.000960081,0,0,1,0,0,-0.0127993,0,0,-0.00896213,-0.0127993,-0.00896213,0.000488281,-1.80114,0,0.0156176,0,-1.80114,-0.00048004,0.0156176,-0.00048004,0,-6.93E+11,0,2.40E+09,0,-6.93E+11,-7.39E+07,2.40E+09,-7.39E+07,-4.16E+11,2.07E+08,-4.62E+06,2.41E+09,-4.62E+06,5.65E+07,-7.40E+07,2.41E+09,-7.40E+07,1.31E+08,2.40E+09,2.41E+09,2.40E+09,-4.16E+11,1.31E+08,40.9717,41.0417,1.10E-12
0.00625,2.35619,0.5,-0.00441942,0.00441942,0.00089569,-0.00618549,0.00531511,-0.0106049,0,-0.801144,-0.598472,0.0309274,0.598472,-0.801144,0.00447845,0,0,1,-0.801144,-0.598472,0.0309274,0.598472,-0.801144,0.00447845,0,0,1,0,0,-0.0110485,0,0,-0.0110485,-0.0110485,-0.0110485,0.000488281,-1.80114,0,0.0154637,0,-1.80114,0.00223922,0.0154637,0.00223922,0,-6.93E+11,0,2.38E+09,0,-6.93E+11,3.44E+08,2.38E+09,3.44E+08,-4.16E+11,2.04E+08,2.13E+07,2.38E+09,2.13E+07,5.94E+07,3.45E+08,2.38E+09,3.45E+08,1.31E+08,2.40E+09,2.41E+09,2.40E+09,-4.16E+11,1.31E+08,40.9717,41.0417,1.06E-12
0.00625,2.53073,0.5,-0.0051197,0.00358485,0.00195618,-0.00593598,0.00707588,-0.00952083,0,-0.801144,-0.598472,0.0296799,0.598472,-0.801144,0.0097809,0,0,1,-0.801144,-0.598472,0.0296799,0.598472,-0.801144,0.0097809,0,0,1,0,0,-0.00896213,0,0,-0.0127993,-0.00896213,-0.0127993,0.000488281,-1.80114,0,0.0148399,0,-1.80114,0.00489045,0.0148399,0.00489045,0,-6.93E+11,0,2.28E+09,0,-6.93E+11,7.52E+08,2.28E+09,7.52E+08,-4.16E+11,1.92E+08,4.47E+07,2.29E+09,4.47E+07,7.11E+07,7.54E+08,2.29E+09,7.54E+08,1.31E+08,2.40E+09,2.41E+09,2.40E+09,-4.16E+11,1.31E+08,40.9717,41.0417,1.16E-12
0.00625,2.70526,0.5,-0.00566442,0.00264136,0.00295723,-0.00550611,0.00862166,-0.00814748,0,-0.801144,-0.598472,0.0275306,0.598472,-0.801144,0.0147862,0,0,1,-0.801144,-0.598472,0.0275306,0.598472,-0.801144,0.0147862,0,0,1,0,0,-0.00660341,0,0,-0.0141611,-0.00660341,-0.0141611,0.000488281,-1.80114,0,0.0137653,0,-1.80114,0.00739309,0.0137653,0.00739309,0,-6.93E+11,0,2.12E+09,0,-6.93E+11,1.14E+09,2.12E+09,1.14E+09,-4.16E+11,1.73E+08,6.27E+07,2.12E+09,6.27E+07,9.00E+07,1.14E+09,2.12E+09,1.14E+09,1.31E+08,2.40E+09,2.41E+09,2.40E+09,-4.16E+11,1.31E+08,40.9717,41.0417,1.31E-12
0.00625,2.87979,0.5,-0.00603704,0.00161762,0.00386843,-0.00490894,0.00990547,-0.00652656,0,-0.801144,-0.598472,0.0245447,0.598472,-0.801144,0.0193422,0,0,1,-0.801144,-0.598472,0.0245447,0.598472,-0.801144,0.0193422,0,0,1,0,0,-0.00404405,0,0,-0.0150926,-0.00404405,-0.0150926,0.000488281,-1.80114,0,0.0122724,0,-1.80114,0.00967108,0.0122724,0.00967108,0,-6.93E+11,0,1.89E+09,0,-6.93E+11,1.49E+09,1.89E+09,1.49E+09,-4.16E+11,1.49E+08,7.31E+07,1.89E+09,7.31E+07,1.14E+08,1.49E+09,1.89E+09,1.49E+09,1.31E+08,2.40E+09,2.41E+09,2.40E+09,-4.16E+11,1.31E+08,40.9717,41.0417,1.12E-12
0.00625,3.05433,0.5,-0.00622622,0.000544723,0.00466209,-0.00416262,0.0108883,-0.00470734,0,-0.801144,-0.598472,0.0208131,0.598472,-0.801144,0.0233105,0,0,1,-0.801144,-0.598472,0.0208131,0.598472,-0.801144,0.0233105,0,0,1,0,0,-0.00136181,0,0,-0.0155655,-0.00136181,-0.0155655,0.000488281,-1.80114,0,0.0104065,0,-1.80114,0.0116552,0.0104065,0.0116552,0,-6.93E+11,0,1.60E+09,0,-6.93E+11,1.79E+09,1.60E+09,1.79E+09,-4.16E+11,1.23E+08,7.47E+07,1.60E+09,7.47E+07,1.40E+08,1.80E+09,1.60E+09,1.80E+09,1.31E+08,2.40E+09,2.41E+09,2.40E+09,-4.16E+11,1.31E+08,40.9717,41.0417,1.12E-12
0.00625,3.22886,0.5,-0.00622622,-0.000544723,0.0053141,-0.00328982,0.0115403,-0.00274509,0,-0.801144,-0.598472,0.0164491,0.598472,-0.801144,0.0265705,0,0,1,-0.801144,-0.598472,0.0164491,0.598472,-0.801144,0.0265705,0,0,1,0,0,0.00136181,0,0,-0.0155655,0.00136181,-0.0155655,0.000488281,-1.80114,0,0.00822454,0,-1.80114,0.0132852,0.00822454,0.0132852,0,-6.93E+11,0,1.27E+09,0,-6.93E+11,2.04E+09,1.27E+09,2.04E+09,-4.16E+11,9.80E+07,6.73E+07,1.27E+09,6.73E+07,1.65E+08,2.05E+09,1.27E+09,2.05E+09,1.31E+08,2.40E+09,2.41E+09,2.40E+09,-4.16E+11,1.31E+08,40.9717,41.0417,1.15E-12
0.00625,3.40339,0.5,-0.00603704,-0.00161762,0.00580463,-0.00231705,0.0118417,-0.000699434,0,-0.801144,-0.598472,0.0115853,0.598472,-0.801144,0.0290232,0,0,1,-0.801144,-0.598472,0.0115853,0.598472,-0.801144,0.0290232,0,0,1,0,0,0.00404405,0,0,-0.0150926,0.00404405,-0.0150926,0.000488281,-1.80114,0,0.00579263,0,-1.80114,0.0145116,0.00579263,0.0145116,0,-6.93E+11,0,8.91E+08,0,-6.93E+11,2.23E+09,8.91E+08,2.23E+09,-4.16E+11,7.70E+07,5.18E+07,8.93E+08,5.18E+07,1.86E+08,2.24E+09,8.93E+08,2.24E+09,1.31E+08,2.40E+09,2.41E+09,2.40E+09,-4.16E+11,1.31E+08,40.9717,41.0417,1.11E-12
0.00625,3.57792,0.5,-0.00566442,-0.00264136,0.0061188,-0.00127389,0.0117832,0.00136748,0,-0.801144,-0.598472,0.00636944,0.598472,-0.801144,0.030594,0,0,1,-0.801144,-0.598472,0.00636944,0.598472,-0.801144,0.030594,0,0,1,0,0,0.00660341,0,0,-0.0141611,0.00660341,-0.0141611,0.000488281,-1.80114,0,0.00318472,0,-1.80114,0.015297,0.00318472,0.015297,0,-6.93E+11,0,4.90E+08,0,-6.93E+11,2.35E+09,4.90E+08,2.35E+09,-4.16E+11,6.26E+07,3.00E+07,4.91E+08,3.00E+07,2.00E+08,2.36E+09,4.91E+08,2.36E+09,1.31E+08,2.40E+09,2.41E+09,2.40E+09,-4.16E+11,1.31E+08,40.9717,41.0417,1.18E-12
0.00625,3.75246,0.5,-0.0051197,-0.00358485,0.00624705,-0.000192016,0.0113667,0.00339284,0,-0.801144,-0.598472,0.000960081,0.598472,-0.801144,0.0312352,0,0,1,-0.801144,-0.598472,0.000960081,0.598472,-0.801144,0.0312352,0,0,1,0,0,0.00896213,0,0,-0.0127993,0.00896213,-0.0127993,0.000488281,-1.80114,0,0.00048004,0,-1.80114,0.0156176,0.00048004,0.0156176,0,-6.93E+11,0,7.39E+07,0,-6.93E+11,2.40E+09,7.39E+07,2.40E+09,-4.16E+11,5.65E+07,4.62E+06,7.40E+07,4.62E+06,2.07E+08,2.41E+09,7.40E+07,2.41E+09,1.31E+08,2.40E+09,2.41E+09,2.40E+09,-4.16E+11,1.31E+08,40.9717,41.0417,1.10E-12
0.00625,3.92699,0.5,-0.00441942,-0.00441942,0.00618549,0.00089569,0.0106049,0.00531511,0,-0.801144,-0.598472,-0.00447845,0.598472,-0.801144,0.0309274,0,0,1,-0.801144,-0.598472,-0.00447845,0.598472,-0.801144,0.0309274,0,0,1,0,0,0.0110485,0,0,-0.0110485,0.0110485,-0.0110485,0.000488281,-1.80114,0,-0.00223922,0,-1.80114,0.0154637,-0.00223922,0.0154637,0,-6.93E+11,0,-3.44E+08,0,-6.93E+11,2.38E+09,-3.44E+08,2.38E+09,-4.16E+11,5.94E+07,-2.13E+07,-3.45E+08,-2.13E+07,2.04E+08,2.38E+09,-3.45E+08,2.38E+09,1.31E+08,2.40E+09,2.41E+09,2.40E+09,-4.16E+11,1.31E+08,40.9717,41.0417,1.06E-12
0.00625,4.10152,0.5,-0.00358485,-0.0051197,0.00593598,0.00195618,0.00952083,0.00707588,0,-0.801144,-0.598472,-0.0097809,0.598472,-0.801144,0.0296799,0,0,1,-0.801144,-0.598472,-0.0097809,0.598472,-0.801144,0.0296799,0,0,1,0,0,0.0127993,0,0,-0.00896213,0.0127993,-0.00896213,0.000488281,-1.80114,0,-0.00489045,0,-1.80114,0.0148399,-0.00489045,0.0148399,0,-6.93E+11,0,-7.52E+08,0,-6.93E+11,2.28E+09,-7.52E+08,2.28E+09,-4.16E+11,7.11E+07,-4.47E+07,-7.54E+08,-4.47E+07,1.92E+08,2.29E+09,-7.54E+08,2.29E+09,1.31E+08,2.40E+09,2.41E+09,2.40E+09,-4.16E+11,1.31E+08,40.9717,41.0417,1.16E-12
0.00625,4.27606,0.5,-0.00264136,-0.00566442,0.00550611,0.00295723,0.00814748,0.00862166,0,-0.801144,-0.598472,-0.0147862,0.598472,-0.801144,0.0275306,0,0,1,-0.801144,-0.598472,-0.0147862,0.598472,-0.801144,0.0275306,0,0,1,0,0,0.0141611,0,0,-0.00660341,0.0141611,-0.00660341,0.000488281,-1.80114,0,-0.00739309,0,-1.80114,0.0137653,-0.00739309,0.0137653,0,-6.93E+11,0,-1.14E+09,0,-6.93E+11,2.12E+09,-1.14E+09,2.12E+09,-4.16E+11,9.00E+07,-6.27E+07,-1.14E+09,-6.27E+07,1.73E+08,2.12E+09,-1.14E+09,2.12E+09,1.31E+08,2.40E+09,2.41E+09,2.40E+09,-4.16E+11,1.31E+08,40.9717,41.0417,1.22E-12
0.00625,4.45059,0.5,-0.00161762,-0.00603704,0.00490894,0.00386843,0.00652656,0.00990547,0,-0.801144,-0.598472,-0.0193422,0.598472,-0.801144,0.0245447,0,0,1,-0.801144,-0.598472,-0.0193422,0.598472,-0.801144,0.0245447,0,0,1,0,0,0.0150926,0,0,-0.00404405,0.0150926,-0.00404405,0.000488281,-1.80114,0,-0.00967108,0,-1.80114,0.0122724,-0.00967108,0.0122724,0,-6.93E+11,0,-1.49E+09,0,-6.93E+11,1.89E+09,-1.49E+09,1.89E+09,-4.16E+11,1.14E+08,-7.31E+07,-1.49E+09,-7.31E+07,1.49E+08,1.89E+09,-1.49E+09,1.89E+09,1.31E+08,2.40E+09,2.41E+09,2.40E+09,-4.16E+11,1.31E+08,40.9717,41.0417,1.21E-12
0.00625,4.62512,0.5,-0.000544723,-0.00622622,0.00416262,0.00466209,0.00470734,0.0108883,0,-0.801144,-0.598472,-0.0233105,0.598472,-0.801144,0.0208131,0,0,1,-0.801144,-0.598472,-0.0233105,0.598472,-0.801144,0.0208131,0,0,1,0,0,0.0155655,0,0,-0.00136181,0.0155655,-0.00136181,0.000488281,-1.80114,0,-0.0116552,0,-1.80114,0.0104065,-0.0116552,0.0104065,0,-6.93E+11,0,-1.79E+09,0,-6.93E+11,1.60E+09,-1.79E+09,1.60E+09,-4.16E+11,1.40E+08,-7.47E+07,-1.80E+09,-7.47E+07,1.23E+08,1.60E+09,-1.80E+09,1.60E+09,1.31E+08,2.40E+09,2.41E+09,2.40E+09,-4.16E+11,1.31E+08,40.9717,41.0417,1.19E-12
0.00625,4.79966,0.5,0.000544723,-0.00622622,0.00328982,0.0053141,0.00274509,0.0115403,0,-0.801144,-0.598472,-0.0265705,0.598472,-0.801144,0.0164491,0,0,1,-0.801144,-0.598472,-0.0265705,0.598472,-0.801144,0.0164491,0,0,1,0,0,0.0155655,0,0,0.00136181,0.0155655,0.00136181,0.000488281,-1.80114,0,-0.0132852,0,-1.80114,0.00822454,-0.0132852,0.00822454,0,-6.93E+11,0,-2.04E+09,0,-6.93E+11,1.27E+09,-2.04E+09,1.27E+09,-4.16E+11,1.65E+08,-6.73E+07,-2.05E+09,-6.73E+07,9.80E+07,1.27E+09,-2.05E+09,1.27E+09,1.31E+08,2.40E+09,2.41E+09,2.40E+09,-4.16E+11,1.31E+08,40.9717,41.0417,1.09E-12
0.00625,4.97419,0.5,0.00161762,-0.00603704,0.00231705,0.00580463,0.000699434,0.0118417,0,-0.801144,-0.598472,-0.0290232,0.598472,-0.801144,0.0115853,0,0,1,-0.801144,-0.598472,-0.0290232,0.598472,-0.801144,0.0115853,0,0,1,0,0,0.0150926,0,0,0.00404405,0.0150926,0.00404405,0.000488281,-1.80114,0,-0.0145116,0,-1.80114,0.00579263,-0.0145116,0.00579263,0,-6.93E+11,0,-2.23E+09,0,-6.93E+11,8.91E+08,-2.23E+09,8.91E+08,-4.16E+11,1.86E+08,-5.18E+07,-2.24E+09,-5.18E+07,7.70E+07,8.93E+08,-2.24E+09,8.93E+08,1.31E+08,2.40E+09,2.41E+09,2.40E+09,-4.16E+11,1.31E+08,40.9717,41.0417,1.15E-12
0.00625,5.14872,0.5,0.00264136,-0.00566442,0.00127389,0.0061188,-0.00136748,0.0117832,0,-0.801144,-0.598472,-0.030594,0.598472,-0.801144,0.00636944,0,0,1,-0.801144,-0.598472,-0.030594,0.598472,-0.801144,0.00636944,0,0,1,0,0,0.0141611,0,0,0.00660341,0.0141611,0.00660341,0.000488281,-1.80114,0,-0.015297,0,-1.80114,0.00318472,-0.015297,0.00318472,0,-6.93E+11,0,-2.35E+09,0,-6.93E+11,4.90E+08,-2.35E+09,4.90E+08,-4.16E+11,2.00E+08,-3.00E+07,-2.36E+09,-3.00E+07,6.26E+07,4.91E+08,-2.36E+09,4.91E+08,1.31E+08,2.40E+09,2.41E+09,2.40E+09,-4.16E+11,1.31E+08,40.9717,41.0417,1.06E-12
0.00625,5.32325,0.5,0.00358485,-0.0051197,0.000192016,0.00624705,-0.00339284,0.0113667,0,-0.801144,-0.598472,-0.0312352,0.598472,-0.801144,0.000960081,0,0,1,-0.801144,-0.598472,-0.0312352,0.598472,-0.801144,0.000960081,0,0,1,0,0,0.0127993,0,0,0.00896213,0.0127993,0.00896213,0.000488281,-1.80114,0,-0.0156176,0,-1.80114,0.00048004,-0.0156176,0.00048004,0,-6.93E+11,0,-2.40E+09,0,-6.93E+11,7.39E+07,-2.40E+09,7.39E+07,-4.16E+11,2.07E+08,-4.62E+06,-2.41E+09,-4.62E+06,5.65E+07,7.40E+07,-2.41E+09,7.40E+07,1.31E+08,2.40E+09,2.41E+09,2.40E+09,-4.16E+11,1.31E+08,40.9717,41.0417,1.19E-12
0.00625,5.49779,0.5,0.00441942,-0.00441942,-0.00089569,0.00618549,-0.00531511,0.0106049,0,-0.801144,-0.598472,-0.0309274,0.598472,-0.801144,-0.00447845,0,0,1,-0.801144,-0.598472,-0.0309274,0.598472,-0.801144,-0.00447845,0,0,1,0,0,0.0110485,0,0,0.0110485,0.0110485,0.0110485,0.000488281,-1.80114,0,-0.0154637,0,-1.80114,-0.00223922,-0.0154637,-0.00223922,0,-6.93E+11,0,-2.38E+09,0,-6.93E+11,-3.44E+08,-2.38E+09,-3.44E+08,-4.16E+11,2.04E+08,2.13E+07,-2.38E+09,2.13E+07,5.94E+07,-3.45E+08,-2.38E+09,-3.45E+08,1.31E+08,2.40E+09,2.41E+09,2.40E+09,-4.16E+11,1.31E+08,40.9717,41.0417,1.12E-12
0.00625,5.67232,0.5,0.0051197,-0.00358485,-0.00195618,0.00593598,-0.00707588,0.00952083,0,-0.801144,-0.598472,-0.0296799,0.598472,-0.801144,-0.0097809,0,0,1,-0.801144,-0.598472,-0.0296799,0.598472,-0.801144,-0.0097809,0,0,1,0,0,0.00896213,0,0,0.0127993,0.00896213,0.0127993,0.000488281,-1.80114,0,-0.0148399,0,-1.80114,-0.00489045,-0.0148399,-0.00489045,0,-6.93E+11,0,-2.28E+09,0,-6.93E+11,-7.52E+08,-2.28E+09,-7.52E+08,-4.16E+11,1.92E+08,4.47E+07,-2.29E+09,4.47E+07,7.11E+07,-7.54E+08,-2.29E+09,-7.54E+08,1.31E+08,2.40E+09,2.41E+09,2.40E+09,-4.16E+11,1.31E+08,40.9717,41.0417,1.06E-12
0.00625,5.84685,0.5,0.00566442,-0.00264136,-0.00295723,0.00550611,-0.00862166,0.00814748,0,-0.801144,-0.598472,-0.0275306,0.598472,-0.801144,-0.0147862,0,0,1,-0.801144,-0.598472,-0.0275306,0.598472,-0.801144,-0.0147862,0,0,1,0,0,0.00660341,0,0,0.0141611,0.00660341,0.0141611,0.000488281,-1.80114,0,-0.0137653,0,-1.80114,-0.00739309,-0.0137653,-0.00739309,0,-6.93E+11,0,-2.12E+09,0,-6.93E+11,-1.14E+09,-2.12E+09,-1.14E+09,-4.16E+11,1.73E+08,6.27E+07,-2.12E+09,6.27E+07,9.00E+07,-1.14E+09,-2.12E+09,-1.14E+09,1.31E+08,2.40E+09,2.41E+09,2.40E+09,-4.16E+11,1.31E+08,40.9717,41.0417,1.12E-12
0.00625,6.02139,0.5,0.00603704,-0.00161762,-0.00386843,0.00490894,-0.00990547,0.00652656,0,-0.801144,-0.598472,-0.0245447,0.598472,-0.801144,-0.0193422,0,0,1,-0.801144,-0.598472,-0.0245447,0.598472,-0.801144,-0.0193422,0,0,1,0,0,0.00404405,0,0,0.0150926,0.00404405,0.0150926,0.000488281,-1.80114,0,-0.0122724,0,-1.80114,-0.00967108,-0.0122724,-0.00967108,0,-6.93E+11,0,-1.89E+09,0,-6.93E+11,-1.49E+09,-1.89E+09,-1.49E+09,-4.16E+11,1.49E+08,7.31E+07,-1.89E+09,7.31E+07,1.14E+08,-1.49E+09,-1.89E+09,-1.49E+09,1.31E+08,2.40E+09,2.41E+09,2.40E+09,-4.16E+11,1.31E+08,40.9717,41.0417,1.18E-12
0.00625,6.19592,0.5,0.00622622,-0.000544723,-0.00466209,0.00416262,-0.0108883,0.00470734,0,-0.801144,-0.598472,-0.0208131,0.598472,-0.801144,-0.0233105,0,0,1,-0.801144,-0.598472,-0.0208131,0.598472,-0.801144,-0.0233105,0,0,1,0,0,0.00136181,0,0,0.0155655,0.00136181,0.0155655,0.000488281,-1.80114,0,-0.0104065,0,-1.80114,-0.0116552,-0.0104065,-0.0116552,0,-6.93E+11,0,-1.60E+09,0,-6.93E+11,-1.79E+09,-1.60E+09,-1.79E+09,-4.16E+11,1.23E+08,7.47E+07,-1.60E+09,7.47E+07,1.40E+08,-1.80E+09,-1.60E+09,-1.80E+09,1.31E+08,2.40E+09,2.41E+09,2.40E+09,-4.16E+11,1.31E+08,40.9717,41.0417,1.19E-12
0.00875,0.0872665,0.5,0.0087167,0.000762613,-0.00743973,0.00460574,-0.0161564,0.00384313,0,-0.801144,-0.598472,-0.0230287,0.598472,-0.801144,-0.0371987,0,0,1,-0.801144,-0.598472,-0.0230287,0.598472,-0.801144,-0.0371987,0,0,1,0,0,-0.00190653,0,0,0.0217918,-0.00190653,0.0217918,0.000957031,-1.80114,0,-0.0115144,0,-1.80114,-0.0185993,-0.0115144,-0.0185993,0,-6.93E+11,0,-1.77E+09,0,-6.93E+11,-2.86E+09,-1.77E+09,-2.86E+09,-4.16E+11,1.92E+08,1.32E+08,-1.78E+09,1.32E+08,3.24E+08,-2.87E+09,-1.78E+09,-2.87E+09,2.58E+08,3.37E+09,3.38E+09,3.37E+09,-4.16E+11,2.58E+08,112.426,112.803,1.52E-12
0.00875,0.261799,0.5,0.00845185,0.00226467,-0.00812649,0.00324387,-0.0165783,0.000979208,0,-0.801144,-0.598472,-0.0162194,0.598472,-0.801144,-0.0406324,0,0,1,-0.801144,-0.598472,-0.0162194,0.598472,-0.801144,-0.0406324,0,0,1,0,0,-0.00566167,0,0,0.0211296,-0.00566167,0.0211296,0.000957031,-1.80114,0,-0.00810969,0,-1.80114,-0.0203162,-0.00810969,-0.0203162,0,-6.93E+11,0,-1.25E+09,0,-6.93E+11,-3.13E+09,-1.25E+09,-3.13E+09,-4.16E+11,1.51E+08,1.02E+08,-1.25E+09,1.02E+08,3.65E+08,-3.14E+09,-1.25E+09,-3.14E+09,2.58E+08,3.37E+09,3.38E+09,3.37E+09,-4.16E+11,2.58E+08,112.426,112.803,1.32E-12
0.00875,0.436332,0.5,0.00793019,0.00369791,-0.00856632,0.00178344,-0.0164965,-0.00191447,0,-0.801144,-0.598472,-0.00891721,0.598472,-0.801144,-0.0428316,0,0,1,-0.801144,-0.598472,-0.00891721,0.598472,-0.801144,-0.0428316,0,0,1,0,0,-0.00924477,0,0,0.0198255,-0.00924477,0.0198255,0.000957031,-1.80114,0,-0.00445861,0,-1.80114,-0.0214158,-0.00445861,-0.0214158,0,-6.93E+11,0,-6.86E+08,0,-6.93E+11,-3.29E+09,-6.86E+08,-3.29E+09,-4.16E+11,1.23E+08,5.89E+07,-6.88E+08,5.89E+07,3.93E+08,-3.31E+09,-6.88E+08,-3.31E+09,2.58E+08,3.37E+09,3.38E+09,3.37E+09,-4.16E+11,2.58E+08,112.426,112.803,1.54E-12
0.00875,0.610865,0.5,0.00716758,0.00501879,-0.00874587,0.000268823,-0.0159134,-0.00474997,0,-0.801144,-0.598472,-0.00134411,0.598472,-0.801144,-0.0437293,0,0,1,-0.801144,-0.598472,-0.00134411,0.598472,-0.801144,-0.0437293,0,0,1,0,0,-0.012547,0,0,0.017919,-0.012547,0.017919,0.000957031,-1.80114,0,-0.000672056,0,-1.80114,-0.0218647,-0.000672056,-0.0218647,0,-6.93E+11,0,-1.03E+08,0,-6.93E+11,-3.36E+09,-1.03E+08,-3.36E+09,-4.16E+11,1.11E+08,9.06E+06,-1.04E+08,9.06E+06,4.05E+08,-3.38E+09,-1.04E+08,-3.38E+09,2.58E+08,3.37E+09,3.38E+09,3.37E+09,-4.16E+11,2.58E+08,112.426,112.803,1.34E-12
0.00875,0.785398,0.5,0.00618718,0.00618718,-0.00865968,-0.00125397,-0.0148469,-0.00744115,0,-0.801144,-0.598472,0.00626983,0.598472,-0.801144,-0.0432984,0,0,1,-0.801144,-0.598472,0.00626983,0.598472,-0.801144,-0.0432984,0,0,1,0,0,-0.015468,0,0,0.015468,-0.015468,0.015468,0.000957031,-1.80114,0,0.00313491,0,-1.80114,-0.0216492,0.00313491,-0.0216492,0,-6.93E+11,0,4.82E+08,0,-6.93E+11,-3.33E+09,4.82E+08,-3.33E+09,-4.16E+11,1.16E+08,-4.18E+07,4.84E+08,-4.18E+07,3.99E+08,-3.34E+09,4.84E+08,-3.34E+09,2.58E+08,3.37E+09,3.38E+09,3.37E+09,-4.16E+11,2.58E+08,112.426,112.803,1.27E-12
0.00875,0.959931,0.5,0.00501879,0.00716758,-0.00831037,-0.00273865,-0.0133292,-0.00990623,0,-0.801144,-0.598472,0.0136933,0.598472,-0.801144,-0.0415519,0,0,1,-0.801144,-0.598472,0.0136933,0.598472,-0.801144,-0.0415519,0,0,1,0,0,-0.017919,0,0,0.012547,-0.017919,0.012547,0.000957031,-1.80114,0,0.00684663,0,-1.80114,-0.0207759,0.00684663,-0.0207759,0,-6.93E+11,0,1.05E+09,0,-6.93E+11,-3.20E+09,1.05E+09,-3.20E+09,-4.16E+11,1.39E+08,-8.77E+07,1.06E+09,-8.77E+07,3.76E+08,-3.21E+09,1.06E+09,-3.21E+09,2.58E+08,3.37E+09,3.38E+09,3.37E+09,-4.16E+11,2.58E+08,112.426,112.803,1.18E-12
0.00875,1.13446,0.5,0.00369791,0.00793019,-0.00770856,-0.00414013,-0.0114065,-0.0120703,0,-0.801144,-0.598472,0.0207006,0.598472,-0.801144,-0.0385428,0,0,1,-0.801144,-0.598472,0.0207006,0.598472,-0.801144,-0.0385428,0,0,1,0,0,-0.0198255,0,0,0.00924477,-0.0198255,0.00924477,0.000957031,-1.80114,0,0.0103503,0,-1.80114,-0.0192714,0.0103503,-0.0192714,0,-6.93E+11,0,1.59E+09,0,-6.93E+11,-2.96E+09,1.59E+09,-2.96E+09,-4.16E+11,1.76E+08,-1.23E+08,1.60E+09,-1.23E+08,3.39E+08,-2.97E+09,1.60E+09,-2.97E+09,2.58E+08,3.37E+09,3.38E+09,3.37E+09,-4.16E+11,2.58E+08,112.426,112.803,1.48E-12
0.00875,1.309,0.5,0.00226467,0.00845185,-0.00687252,-0.00541581,-0.00913719,-0.0138677,0,-0.801144,-0.598472,0.027079,0.598472,-0.801144,-0.0343626,0,0,1,-0.801144,-0.598472,0.027079,0.598472,-0.801144,-0.0343626,0,0,1,0,0,-0.0211296,0,0,0.00566167,-0.0211296,0.00566167,0.000957031,-1.80114,0,0.0135395,0,-1.80114,-0.0171813,0.0135395,-0.0171813,0,-6.93E+11,0,2.08E+09,0,-6.93E+11,-2.64E+09,2.08E+09,-2.64E+09,-4.16E+11,2.23E+08,-1.43E+08,2.09E+09,-1.43E+08,2.92E+08,-2.65E+09,2.09E+09,-2.65E+09,2.58E+08,3.37E+09,3.38E+09,3.37E+09,-4.16E+11,2.58E+08,112.426,112.803,1.35E-12
0.00875,1.48353,0.5,0.000762613,0.0087167,-0.00582767,-0.00652693,-0.00659028,-0.0152436,0,-0.801144,-0.598472,0.0326346,0.598472,-0.801144,-0.0291383,0,0,1,-0.801144,-0.598472,0.0326346,0.598472,-0.801144,-0.0291383,0,0,1,0,0,-0.0217918,0,0,0.00190653,-0.0217918,0.00190653,0.000957031,-1.80114,0,0.0163173,0,-1.80114,-0.0145692,0.0163173,-0.0145692,0,-6.93E+11,0,2.51E+09,0,-6.93E+11,-2.24E+09,2.51E+09,-2.24E+09,-4.16E+11,2.75E+08,-1.47E+08,2.52E+09,-1.47E+08,2.41E+08,-2.25E+09,2.52E+09,-2.25E+09,2.58E+08,3.37E+09,3.38E+09,3.37E+09,-4.16E+11,2.58E+08,112.426,112.803,1.54E-12
0.00875,1.65806,0.5,-0.000762613,0.0087167,-0.00460574,-0.00743973,-0.00384313,-0.0161564,0,-0.801144,-0.598472,0.0371987,0.598472,-0.801144,-0.0230287,0,0,1,-0.801144,-0.598472,0.0371987,0.598472,-0.801144,-0.0230287,0,0,1,0,0,-0.0217918,0,0,-0.00190653,-0.0217918,-0.00190653,0.000957031,-1.80114,0,0.0185993,0,-1.80114,-0.0115144,0.0185993,-0.0115144,0,-6.93E+11,0,2.86E+09,0,-6.93E+11,-1.77E+09,2.86E+09,-1.77E+09,-4.16E+11,3.24E+08,-1.32E+08,2.87E+09,-1.32E+08,1.92E+08,-1.78E+09,2.87E+09,-1.78E+09,2.58E+08,3.37E+09,3.38E+09,3.37E+09,-4.16E+11,2.58E+08,112.426,112.803,1.48E-12
0.00875,1.8326,0.5,-0.00226467,0.00845185,-0.00324387,-0.00812649,-0.000979208,-0.0165783,0,-0.801144,-0.598472,0.0406324,0.598472,-0.801144,-0.0162194,0,0,1,-0.801144,-0.598472,0.0406324,0.598472,-0.801144,-0.0162194,0,0,1,0,0,-0.0211296,0,0,-0.00566167,-0.0211296,-0.00566167,0.000957031,-1.80114,0,0.0203162,0,-1.80114,-0.00810969,0.0203162,-0.00810969,0,-6.93E+11,0,3.13E+09,0,-6.93E+11,-1.25E+09,3.13E+09,-1.25E+09,-4.16E+11,3.65E+08,-1.02E+08,3.14E+09,-1.02E+08,1.51E+08,-1.25E+09,3.14E+09,-1.25E+09,2.58E+08,3.37E+09,3.38E+09,3.37E+09,-4.16E+11,2.58E+08,112.426,112.803,1.32E-12
0.00875,2.00713,0.5,-0.00369791,0.00793019,-0.00178344,-0.00856632,0.00191447,-0.0164965,0,-0.801144,-0.598472,0.0428316,0.598472,-0.801144,-0.00891721,0,0,1,-0.801144,-0.598472,0.0428316,0.598472,-0.801144,-0.00891721,0,0,1,0,0,-0.0198255,0,0,-0.00924477,-0.0198255,-0.00924477,0.000957031,-1.80114,0,0.0214158,0,-1.80114,-0.00445861,0.0214158,-0.00445861,0,-6.93E+11,0,3.29E+09,0,-6.93E+11,-6.86E+08,3.29E+09,-6.86E+08,-4.16E+11,3.93E+08,-5.89E+07,3.31E+09,-5.89E+07,1.23E+08,-6.88E+08,3.31E+09,-6.88E+08,2.58E+08,3.37E+09,3.38E+09,3.37E+09,-4.16E+11,2.58E+08,112.426,112.803,1.35E-12
0.00875,2.18166,0.5,-0.00501879,0.00716758,-0.000268823,-0.00874587,0.00474997,-0.0159134,0,-0.801144,-0.598472,0.0437293,0.598472,-0.801144,-0.00134411,0,0,1,-0.801144,-0.598472,0.0437293,0.598472,-0.801144,-0.00134411,0,0,1,0,0,-0.017919,0,0,-0.012547,-0.017919,-0.012547,0.000957031,-1.80114,0,0.0218647,0,-1.80114,-0.000672056,0.0218647,-0.000672056,0,-6.93E+11,0,3.36E+09,0,-6.93E+11,-1.03E+08,3.36E+09,-1.03E+08,-4.16E+11,4.05E+08,-9.06E+06,3.38E+09,-9.06E+06,1.11E+08,-1.04E+08,3.38E+09,-1.04E+08,2.58E+08,3.37E+09,3.38E+09,3.37E+09,-4.16E+11,2.58E+08,112.426,112.803,1.25E-12
0.00875,2.35619,0.5,-0.00618718,0.00618718,0.00125397,-0.00865968,0.00744115,-0.0148469,0,-0.801144,-0.598472,0.0432984,0.598472,-0.801144,0.00626983,0,0,1,-0.801144,-0.598472,0.0432984,0.598472,-0.801144,0.00626983,0,0,1,0,0,-0.015468,0,0,-0.015468,-0.015468,-0.015468,0.000957031,-1.80114,0,0.0216492,0,-1.80114,0.00313491,0.0216492,0.00313491,0,-6.93E+11,0,3.33E+09,0,-6.93E+11,4.82E+08,3.33E+09,4.82E+08,-4.16E+11,3.99E+08,4.18E+07,3.34E+09,4.18E+07,1.16E+08,4.84E+08,3.34E+09,4.84E+08,2.58E+08,3.37E+09,3.38E+09,3.37E+09,-4.16E+11,2.58E+08,112.426,112.803,1.27E-12
0.00875,2.53073,0.5,-0.00716758,0.00501879,0.00273865,-0.00831037,0.00990623,-0.0133292,0,-0.801144,-0.598472,0.0415519,0.598472,-0.801144,0.0136933,0,0,1,-0.801144,-0.598472,0.0415519,0.598472,-0.801144,0.0136933,0,0,1,0,0,-0.012547,0,0,-0.017919,-0.012547,-0.017919,0.000957031,-1.80114,0,0.0207759,0,-1.80114,0.00684663,0.0207759,0.00684663,0,-6.93E+11,0,3.20E+09,0,-6.93E+11,1.05E+09,3.20E+09,1.05E+09,-4.16E+11,3.76E+08,8.77E+07,3.21E+09,8.77E+07,1.39E+08,1.06E+09,3.21E+09,1.06E+09,2.58E+08,3.37E+09,3.38E+09,3.37E+09,-4.16E+11,2.58E+08,112.426,112.803,1.28E-12
0.00875,2.70526,0.5,-0.00793019,0.00369791,0.00414013,-0.00770856,0.0120703,-0.0114065,0,-0.801144,-0.598472,0.0385428,0.598472,-0.801144,0.0207006,0,0,1,-0.801144,-0.598472,0.0385428,0.598472,-0.801144,0.0207006,0,0,1,0,0,-0.00924477,0,0,-0.0198255,-0.00924477,-0.0198255,0.000957031,-1.80114,0,0.0192714,0,-1.80114,0.0103503,0.0192714,0.0103503,0,-6.93E+11,0,2.96E+09,0,-6.93E+11,1.59E+09,2.96E+09,1.59E+09,-4.16E+11,3.39E+08,1.23E+08,2.97E+09,1.23E+08,1.76E+08,1.60E+09,2.97E+09,1.60E+09,2.58E+08,3.37E+09,3.38E+09,3.37E+09,-4.16E+11,2.58E+08,112.426,112.803,1.58E-12
0.00875,2.87979,0.5,-0.00845185,0.00226467,0.00541581,-0.00687252,0.0138677,-0.00913719,0,-0.801144,-0.598472,0.0343626,0.598472,-0.801144,0.027079,0,0,1,-0.801144,-0.598472,0.0343626,0.598472,-0.801144,0.027079,0,0,1,0,0,-0.00566167,0,0,-0.0211296,-0.00566167,-0.0211296,0.000957031,-1.80114,0,0.0171813,0,-1.80114,0.0135395,0.0171813,0.0135395,0,-6.93E+11,0,2.64E+09,0,-6.93E+11,2.08E+09,2.64E+09,2.08E+09,-4.16E+11,2.92E+08,1.43E+08,2.65E+09,1.43E+08,2.23E+08,2.09E+09,2.65E+09,2.09E+09,2.58E+08,3.37E+09,3.38E+09,3.37E+09,-4.16E+11,2.58E+08,112.426,112.803,1.53E-12
0.00875,3.05433,0.5,-0.0087167,0.000762613,0.00652693,-0.00582767,0.0152436,-0.00659028,0,-0.801144,-0.598472,0.0291383,0.598472,-0.801144,0.0326346,0,0,1,-0.801144,-0.598472,0.0291383,0.598472,-0.801144,0.0326346,0,0,1,0,0,-0.00190653,0,0,-0.0217918,-0.00190653,-0.0217918,0.000957031,-1.80114,0,0.0145692,0,-1.80114,0.0163173,0.0145692,0.0163173,0,-6.93E+11,0,2.24E+09,0,-6.93E+11,2.51E+09,2.24E+09,2.51E+09,-4.16E+11,2.41E+08,1.47E+08,2.25E+09,1.47E+08,2.75E+08,2.52E+09,2.25E+09,2.52E+09,2.58E+08,3.37E+09,3.38E+09,3.37E+09,-4.16E+11,2.58E+08,112.426,112.803,1.46E-12
0.00875,3.22886,0.5,-0.0087167,-0.000762613,0.00743973,-0.00460574,0.0161564,-0.00384313,0,-0.801144,-0.598472,0.0230287,0.598472,-0.801144,0.0371987,0,0,1,-0.801144,-0.598472,0.0230287,0.598472,-0.801144,0.0371987,0,0,1,0,0,0.00190653,0,0,-0.0217918,0.00190653,-0.0217918,0.000957031,-1.80114,0,0.0115144,0,-1.80114,0.0185993,0.0115144,0.0185993,0,-6.93E+11,0,1.77E+09,0,-6.93E+11,2.86E+09,1.77E+09,2.86E+09,-4.16E+11,1.92E+08,1.32E+08,1.78E+09,1.32E+08,3.24E+08,2.87E+09,1.78E+09,2.87E+09,2.58E+08,3.37E+09,3.38E+09,3.37E+09,-4.16E+11,2.58E+08,112.426,112.803,1.51E-12
0.00875,3.40339,0.5,-0.00845185,-0.00226467,0.00812649,-0.00324387,0.0165783,-0.000979208,0,-0.801144,-0.598472,0.0162194,0.598472,-0.801144,0.0406324,0,0,1,-0.801144,-0.598472,0.0162194,0.598472,-0.801144,0.0406324,0,0,1,0,0,0.00566167,0,0,-0.0211296,0.00566167,-0.0211296,0.000957031,-1.80114,0,0.00810969,0,-1.80114,0.0203162,0.00810969,0.0203162,0,-6.93E+11,0,1.25E+09,0,-6.93E+11,3.13E+09,1.25E+09,3.13E+09,-4.16E+11,1.51E+08,1.02E+08,1.25E+09,1.02E+08,3.65E+08,3.14E+09,1.25E+09,3.14E+09,2.58E+08,3.37E+09,3.38E+09,3.37E+09,-4.16E+11,2.58E+08,112.426,112.803,1.48E-12
0.00875,3.57792,0.5,-0.00793019,-0.00369791,0.00856632,-0.00178344,0.0164965,0.00191447,0,-0.801144,-0.598472,0.00891721,0.598472,-0.801144,0.0428316,0,0,1,-0.801144,-0.598472,0.00891721,0.598472,-0.801144,0.0428316,0,0,1,0,0,0.00924477,0,0,-0.0198255,0.00924477,-0.0198255,0.000957031,-1.80114,0,0.00445861,0,-1.80114,0.0214158,0.00445861,0.0214158,0,-6.93E+11,0,6.86E+08,0,-6.93E+11,3.29E+09,6.86E+08,3.29E+09,-4.16E+11,1.23E+08,5.89E+07,6.88E+08,5.89E+07,3.93E+08,3.31E+09,6.88E+08,3.31E+09,2.58E+08,3.37E+09,3.38E+09,3.37E+09,-4.16E+11,2.58E+08,112.426,112.803,1.27E-12
0.00875,3.75246,0.5,-0.00716758,-0.00501879,0.00874587,-0.000268823,0.0159134,0.00474997,0,-0.801144,-0.598472,0.00134411,0.598472,-0.801144,0.0437293,0,0,1,-0.801144,-0.598472,0.00134411,0.598472,-0.801144,0.0437293,0,0,1,0,0,0.012547,0,0,-0.017919,0.012547,-0.017919,0.000957031,-1.80114,0,0.000672056,0,-1.80114,0.0218647,0.000672056,0.0218647,0,-6.93E+11,0,1.03E+08,0,-6.93E+11,3.36E+09,1.03E+08,3.36E+09,-4.16E+11,1.11E+08,9.06E+06,1.04E+08,9.06E+06,4.05E+08,3.38E+09,1.04E+08,3.38E+09,2.58E+08,3.37E+09,3.38E+09,3.37E+09,-4.16E+11,2.58E+08,112.426,112.803,1.25E-12
0.00875,3.92699,0.5,-0.00618718,-0.00618718,0.00865968,0.00125397,0.0148469,0.00744115,0,-0.801144,-0.598472,-0.00626983,0.598472,-0.801144,0.0432984,0,0,1,-0.801144,-0.598472,-0.00626983,0.598472,-0.801144,0.0432984,0,0,1,0,0,0.015468,0,0,-0.015468,0.015468,-0.015468,0.000957031,-1.80114,0,-0.00313491,0,-1.80114,0.0216492,-0.00313491,0.0216492,0,-6.93E+11,0,-4.82E+08,0,-6.93E+11,3.33E+09,-4.82E+08,3.33E+09,-4.16E+11,1.16E+08,-4.18E+07,-4.84E+08,-4.18E+07,3.99E+08,3.34E+09,-4.84E+08,3.34E+09,2.58E+08,3.37E+09,3.38E+09,3.37E+09,-4.16E+11,2.58E+08,112.426,112.803,1.30E-12
0.00875,4.10152,0.5,-0.00501879,-0.00716758,0.00831037,0.00273865,0.0133292,0.00990623,0,-0.801144,-0.598472,-0.0136933,0.598472,-0.801144,0.0415519,0,0,1,-0.801144,-0.598472,-0.0136933,0.598472,-0.801144,0.0415519,0,0,1,0,0,0.017919,0,0,-0.012547,0.017919,-0.012547,0.000957031,-1.80114,0,-0.00684663,0,-1.80114,0.0207759,-0.00684663,0.0207759,0,-6.93E+11,0,-1.05E+09,0,-6.93E+11,3.20E+09,-1.05E+09,3.20E+09,-4.16E+11,1.39E+08,-8.77E+07,-1.06E+09,-8.77E+07,3.76E+08,3.21E+09,-1.06E+09,3.21E+09,2.58E+08,3.37E+09,3.38E+09,3.37E+09,-4.16E+11,2.58E+08,112.426,112.803,1.28E-12
0.00875,4.27606,0.5,-0.00369791,-0.00793019,0.00770856,0.00414013,0.0114065,0.0120703,0,-0.801144,-0.598472,-0.0207006,0.598472,-0.801144,0.0385428,0,0,1,-0.801144,-0.598472,-0.0207006,0.598472,-0.801144,0.0385428,0,0,1,0,0,0.0198255,0,0,-0.00924477,0.0198255,-0.00924477,0.000957031,-1.80114,0,-0.0103503,0,-1.80114,0.0192714,-0.0103503,0.0192714,0,-6.93E+11,0,-1.59E+09,0,-6.93E+11,2.96E+09,-1.59E+09,2.96E+09,-4.16E+11,1.76E+08,-1.23E+08,-1.60E+09,-1.23E+08,3.39E+08,2.97E+09,-1.60E+09,2.97E+09,2.58E+08,3.37E+09,3.38E+09,3.37E+09,-4.16E+11,2.58E+08,112.426,112.803,1.45E-12
0.00875,4.45059,0.5,-0.00226467,-0.00845185,0.00687252,0.00541581,0.00913719,0.0138677,0,-0.801144,-0.598472,-0.027079,0.598472,-0.801144,0.0343626,0,0,1,-0.801144,-0.598472,-0.027079,0.598472,-0.801144,0.0343626,0,0,1,0,0,0.0211296,0,0,-0.00566167,0.0211296,-0.00566167,0.000957031,-1.80114,0,-0.0135395,0,-1.80114,0.0171813,-0.0135395,0.0171813,0,-6.93E+11,0,-2.08E+09,0,-6.93E+11,2.64E+09,-2.08E+09,2.64E+09,-4.16E+11,2.23E+08,-1.43E+08,-2.09E+09,-1.43E+08,2.92E+08,2.65E+09,-2.09E+09,2.65E+09,2.58E+08,3.37E+09,3.38E+09,3.37E+09,-4.16E+11,2.58E+08,112.426,112.803,1.33E-12
0.00875,4.62512,0.5,-0.000762613,-0.0087167,0.00582767,0.00652693,0.00659028,0.0152436,0,-0.801144,-0.598472,-0.0326346,0.598472,-0.801144,0.0291383,0,0,1,-0.801144,-0.598472,-0.0326346,0.598472,-0.801144,0.0291383,0,0,1,0,0,0.0217918,0,0,-0.00190653,0.0217918,-0.00190653,0.000957031,-1.80114,0,-0.0163173,0,-1.80114,0.0145692,-0.0163173,0.0145692,0,-6.93E+11,0,-2.51E+09,0,-6.93E+11,2.24E+09,-2.51E+09,2.24E+09,-4.16E+11,2.75E+08,-1.47E+08,-2.52E+09,-1.47E+08,2.41E+08,2.25E+09,-2.52E+09,2.25E+09,2.58E+08,3.37E+09,3.38E+09,3.37E+09,-4.16E+11,2.58E+08,112.426,112.803,1.52E-12
0.00875,4.79966,0.5,0.000762613,-0.0087167,0.00460574,0.00743973,0.00384313,0.0161564,0,-0.801144,-0.598472,-0.0371987,0.598472,-0.801144,0.0230287,0,0,1,-0.801144,-0.598472,-0.0371987,0.598472,-0.801144,0.0230287,0,0,1,0,0,0.0217918,0,0,0.00190653,0.0217918,0.00190653,0.000957031,-1.80114,0,-0.0185993,0,-1.80114,0.0115144,-0.0185993,0.0115144,0,-6.93E+11,0,-2.86E+09,0,-6.93E+11,1.77E+09,-2.86E+09,1.77E+09,-4.16E+11,3.24E+08,-1.32E+08,-2.87E+09,-1.32E+08,1.92E+08,1.78E+09,-2.87E+09,1.78E+09,2.58E+08,3.37E+09,3.38E+09,3.37E+09,-4.16E+11,2.58E+08,112.426,112.803,1.51E-12
0.00875,4.97419,0.5,0.00226467,-0.00845185,0.00324387,0.00812649,0.000979208,0.0165783,0,-0.801144,-0.598472,-0.0406324,0.598472,-0.801144,0.0162194,0,0,1,-0.801144,-0.598472,-0.0406324,0.598472,-0.801144,0.0162194,0,0,1,0,0,0.0211296,0,0,0.00566167,0.0211296,0.00566167,0.000957031,-1.80114,0,-0.0203162,0,-1.80114,0.00810969,-0.0203162,0.00810969,0,-6.93E+11,0,-3.13E+09,0,-6.93E+11,1.25E+09,-3.13E+09,1.25E+09,-4.16E+11,3.65E+08,-1.02E+08,-3.14E+09,-1.02E+08,1.51E+08,1.25E+09,-3.14E+09,1.25E+09,2.58E+08,3.37E+09,3.38E+09,3.37E+09,-4.16E+11,2.58E+08,112.426,112.803,1.32E-12
0.00875,5.14872,0.5,0.00369791,-0.00793019,0.00178344,0.00856632,-0.00191447,0.0164965,0,-0.801144,-0.598472,-0.0428316,0.598472,-0.801144,0.00891721,0,0,1,-0.801144,-0.598472,-0.0428316,0.598472,-0.801144,0.00891721,0,0,1,0,0,0.0198255,0,0,0.00924477,0.0198255,0.00924477,0.000957031,-1.80114,0,-0.0214158,0,-1.80114,0.00445861,-0.0214158,0.00445861,0,-6.93E+11,0,-3.29E+09,0,-6.93E+11,6.86E+08,-3.29E+09,6.86E+08,-4.16E+11,3.93E+08,-5.89E+07,-3.31E+09,-5.89E+07,1.23E+08,6.88E+08,-3.31E+09,6.88E+08,2.58E+08,3.37E+09,3.38E+09,3.37E+09,-4.16E+11,2.58E+08,112.426,112.803,1.60E-12
0.00875,5.32325,0.5,0.00501879,-0.00716758,0.000268823,0.00874587,-0.00474997,0.0159134,0,-0.801144,-0.598472,-0.0437293,0.598472,-0.801144,0.00134411,0,0,1,-0.801144,-0.598472,-0.0437293,0.598472,-0.801144,0.00134411,0,0,1,0,0,0.017919,0,0,0.012547,0.017919,0.012547,0.000957031,-1.80114,0,-0.0218647,0,-1.80114,0.000672056,-0.0218647,0.000672056,0,-6.93E+11,0,-3.36E+09,0,-6.93E+11,1.03E+08,-3.36E+09,1.03E+08,-4.16E+11,4.05E+08,-9.06E+06,-3.38E+09,-9.06E+06,1.11E+08,1.04E+08,-3.38E+09,1.04E+08,2.58E+08,3.37E+09,3.38E+09,3.37E+09,-4.16E+11,2.58E+08,112.426,112.803,1.34E-12
0.00875,5.49779,0.5,0.00618718,-0.00618718,-0.00125397,0.00865968,-0.00744115,0.0148469,0,-0.801144,-0.598472,-0.0432984,0.598472,-0.801144,-0.00626983,0,0,1,-0.801144,-0.598472,-0.0432984,0.598472,-0.801144,-0.00626983,0,0,1,0,0,0.015468,0,0,0.015468,0.015468,0.015468,0.000957031,-1.80114,0,-0.0216492,0,-1.80114,-0.00313491,-0.0216492,-0.00313491,0,-6.93E+11,0,-3.33E+09,0,-6.93E+11,-4.82E+08,-3.33E+09,-4.82E+08,-4.16E+11,3.99E+08,4.18E+07,-3.34E+09,4.18E+07,1.16E+08,-4.84E+08,-3.34E+09,-4.84E+08,2.58E+08,3.37E+09,3.38E+09,3.37E+09,-4.16E+11,2.58E+08,112.426,112.803,1.18E-12
0.00875,5.67232,0.5,0.00716758,-0.00501879,-0.00273865,0.00831037,-0.00990623,0.0133292,0,-0.801144,-0.598472,-0.0415519,0.598472,-0.801144,-0.0136933,0,0,1,-0.801144,-0.598472,-0.0415519,0.598472,-0.801144,-0.0136933,0,0,1,0,0,0.012547,0,0,0.017919,0.012547,0.017919,0.000957031,-1.80114,0,-0.0207759,0,-1.80114,-0.00684663,-0.0207759,-0.00684663,0,-6.93E+11,0,-3.20E+09,0,-6.93E+11,-1.05E+09,-3.20E+09,-1.05E+09,-4.16E+11,3.76E+08,8.77E+07,-3.21E+09,8.77E+07,1.39E+08,-1.06E+09,-3.21E+09,-1.06E+09,2.58E+08,3.37E+09,3.38E+09,3.37E+09,-4.16E+11,2.58E+08,112.426,112.803,1.21E-12
0.00875,5.84685,0.5,0.00793019,-0.00369791,-0.00414013,0.00770856,-0.0120703,0.0114065,0,-0.801144,-0.598472,-0.0385428,0.598472,-0.801144,-0.0207006,0,0,1,-0.801144,-0.598472,-0.0385428,0.598472,-0.801144,-0.0207006,0,0,1,0,0,0.00924477,0,0,0.0198255,0.00924477,0.0198255,0.000957031,-1.80114,0,-0.0192714,0,-1.80114,-0.0103503,-0.0192714,-0.0103503,0,-6.93E+11,0,-2.96E+09,0,-6.93E+11,-1.59E+09,-2.96E+09,-1.59E+09,-4.16E+11,3.39E+08,1.23E+08,-2.97E+09,1.23E+08,1.76E+08,-1.60E+09,-2.97E+09,-1.60E+09,2.58E+08,3.37E+09,3.38E+09,3.37E+09,-4.16E+11,2.58E+08,112.426,112.803,1.34E-12
0.00875,6.02139,0.5,0.00845185,-0.00226467,-0.00541581,0.00687252,-0.0138677,0.00913719,0,-0.801144,-0.598472,-0.0343626,0.598472,-0.801144,-0.027079,0,0,1,-0.801144,-0.598472,-0.0343626,0.598472,-0.801144,-0.027079,0,0,1,0,0,0.00566167,0,0,0.0211296,0.00566167,0.0211296,0.000957031,-1.80114,0,-0.0171813,0,-1.80114,-0.0135395,-0.0171813,-0.0135395,0,-6.93E+11,0,-2.64E+09,0,-6.93E+11,-2.08E+09,-2.64E+09,-2.08E+09,-4.16E+11,2.92E+08,1.43E+08,-2.65E+09,1.43E+08,2.23E+08,-2.09E+09,-2.65E+09,-2.09E+09,2.58E+08,3.37E+09,3.38E+09,3.37E+09,-4.16E+11,2.58E+08,112.426,112.803,1.32E-12
0.00875,6.19592,0.5,0.0087167,-0.000762613,-0.00652693,0.00582767,-0.0152436,0.00659028,0,-0.801144,-0.598472,-0.0291383,0.598472,-0.801144,-0.0326346,0,0,1,-0.801144,-0.598472,-0.0291383,0.598472,-0.801144,-0.0326346,0,0,1,0,0,0.00190653,0,0,0.0217918,0.00190653,0.0217918,0.000957031,-1.80114,0,-0.0145692,0,-1.80114,-0.0163173,-0.0145692,-0.0163173,0,-6.93E+11,0,-2.24E+09,0,-6.93E+11,-2.51E+09,-2.24E+09,-2.51E+09,-4.16E+11,2.41E+08,1.47E+08,-2.25E+09,1.47E+08,2.75E+08,-2.52E+09,-2.25E+09,-2.52E+09,2.58E+08,3.37E+09,3.38E+09,3.37E+09,-4.16E+11,2.58E+08,112.426,112.803,1.46E-12
0.01125,0.0872665,0.5,0.0112072,0.000980502,-0.00956537,0.00592167,-0.0207726,0.00494117,0,-0.801144,-0.598472,-0.0296083,0.598472,-0.801144,-0.0478269,0,0,1,-0.801144,-0.598472,-0.0296083,0.598472,-0.801144,-0.0478269,0,0,1,0,0,-0.00245126,0,0,0.028018,-0.00245126,0.028018,0.00158203,-1.80114,0,-0.0148042,0,-1.80114,-0.0239134,-0.0148042,-0.0239134,0,-6.93E+11,0,-2.28E+09,0,-6.93E+11,-3.68E+09,-2.28E+09,-3.68E+09,-4.16E+11,3.18E+08,2.18E+08,-2.29E+09,2.18E+08,5.35E+08,-3.70E+09,-2.29E+09,-3.70E+09,4.26E+08,4.33E+09,4.35E+09,4.33E+09,-4.16E+11,4.26E+08,238.947,240.27,1.29E-12
0.01125,0.261799,0.5,0.0108667,0.00291171,-0.0104483,0.0041707,-0.021315,0.00125898,0,-0.801144,-0.598472,-0.0208535,0.598472,-0.801144,-0.0522417,0,0,1,-0.801144,-0.598472,-0.0208535,0.598472,-0.801144,-0.0522417,0,0,1,0,0,-0.00727929,0,0,0.0271667,-0.00727929,0.0271667,0.00158203,-1.80114,0,-0.0104267,0,-1.80114,-0.0261208,-0.0104267,-0.0261208,0,-6.93E+11,0,-1.60E+09,0,-6.93E+11,-4.02E+09,-1.60E+09,-4.02E+09,-4.16E+11,2.50E+08,1.68E+08,-1.61E+09,1.68E+08,6.04E+08,-4.04E+09,-1.61E+09,-4.04E+09,4.26E+08,4.33E+09,4.35E+09,4.33E+09,-4.16E+11,4.26E+08,238.947,240.27,1.66E-12
0.01125,0.436332,0.5,0.010196,0.00475446,-0.0110138,0.002293,-0.0212098,-0.00246146,0,-0.801144,-0.598472,-0.011465,0.598472,-0.801144,-0.0550692,0,0,1,-0.801144,-0.598472,-0.011465,0.598472,-0.801144,-0.0550692,0,0,1,0,0,-0.0118861,0,0,0.0254899,-0.0118861,0.0254899,0.00158203,-1.80114,0,-0.00573249,0,-1.80114,-0.0275346,-0.00573249,-0.0275346,0,-6.93E+11,0,-8.82E+08,0,-6.93E+11,-4.24E+09,-8.82E+08,-4.24E+09,-4.16E+11,2.03E+08,9.74E+07,-8.87E+08,9.74E+07,6.50E+08,-4.26E+09,-8.87E+08,-4.26E+09,4.26E+08,4.33E+09,4.35E+09,4.33E+09,-4.16E+11,4.26E+08,238.947,240.27,1.37E-12
0.01125,0.610865,0.5,0.00921546,0.00645273,-0.0112447,0.000345629,-0.0204601,-0.00610711,0,-0.801144,-0.598472,-0.00172815,0.598472,-0.801144,-0.0562234,0,0,1,-0.801144,-0.598472,-0.00172815,0.598472,-0.801144,-0.0562234,0,0,1,0,0,-0.0161318,0,0,0.0230387,-0.0161318,0.0230387,0.00158203,-1.80114,0,-0.000864073,0,-1.80114,-0.0281117,-0.000864073,-0.0281117,0,-6.93E+11,0,-1.33E+08,0,-6.93E+11,-4.32E+09,-1.33E+08,-4.32E+09,-4.16E+11,1.83E+08,1.50E+07,-1.34E+08,1.50E+07,6.70E+08,-4.35E+09,-1.34E+08,-4.35E+09,4.26E+08,4.33E+09,4.35E+09,4.33E+09,-4.16E+11,4.26E+08,238.947,240.27,1.27E-12
0.01125,0.785398,0.5,0.00795495,0.00795495,-0.0111339,-0.00161224,-0.0190888,-0.00956719,0,-0.801144,-0.598472,0.00806121,0.598472,-0.801144,-0.0556694,0,0,1,-0.801144,-0.598472,0.00806121,0.598472,-0.801144,-0.0556694,0,0,1,0,0,-0.0198874,0,0,0.0198874,-0.0198874,0.0198874,0.00158203,-1.80114,0,0.0040306,0,-1.80114,-0.0278347,0.0040306,-0.0278347,0,-6.93E+11,0,6.20E+08,0,-6.93E+11,-4.28E+09,6.20E+08,-4.28E+09,-4.16E+11,1.93E+08,-6.92E+07,6.24E+08,-6.92E+07,6.61E+08,-4.31E+09,6.24E+08,-4.31E+09,4.26E+08,4.33E+09,4.35E+09,4.33E+09,-4.16E+11,4.26E+08,238.947,240.27,1.37E-12
0.01125,0.959931,0.5,0.00645273,0.00921546,-0.0106848,-0.00352113,-0.0171375,-0.0127366,0,-0.801144,-0.598472,0.0176056,0.598472,-0.801144,-0.0534238,0,0,1,-0.801144,-0.598472,0.0176056,0.598472,-0.801144,-0.0534238,0,0,1,0,0,-0.0230387,0,0,0.0161318,-0.0230387,0.0161318,0.00158203,-1.80114,0,0.00880281,0,-1.80114,-0.0267119,0.00880281,-0.0267119,0,-6.93E+11,0,1.35E+09,0,-6.93E+11,-4.11E+09,1.35E+09,-4.11E+09,-4.16E+11,2.30E+08,-1.45E+08,1.36E+09,-1.45E+08,6.23E+08,-4.13E+09,1.36E+09,-4.13E+09,4.26E+08,4.33E+09,4.35E+09,4.33E+09,-4.16E+11,4.26E+08,238.947,240.27,1.84E-12
0.01125,1.13446,0.5,0.00475446,0.010196,-0.009911,-0.00532302,-0.0146655,-0.015519,0,-0.801144,-0.598472,0.0266151,0.598472,-0.801144,-0.049555,0,0,1,-0.801144,-0.598472,0.0266151,0.598472,-0.801144,-0.049555,0,0,1,0,0,-0.0254899,0,0,0.0118861,-0.0254899,0.0118861,0.00158203,-1.80114,0,0.0133076,0,-1.80114,-0.0247775,0.0133076,-0.0247775,0,-6.93E+11,0,2.05E+09,0,-6.93E+11,-3.81E+09,2.05E+09,-3.81E+09,-4.16E+11,2.92E+08,-2.03E+08,2.06E+09,-2.03E+08,5.61E+08,-3.83E+09,2.06E+09,-3.83E+09,4.26E+08,4.33E+09,4.35E+09,4.33E+09,-4.16E+11,4.26E+08,238.947,240.27,1.31E-12
0.01125,1.309,0.5,0.00291171,0.0108667,-0.0088361,-0.00696318,-0.0117478,-0.0178298,0,-0.801144,-0.598472,0.0348159,0.598472,-0.801144,-0.0441805,0,0,1,-0.801144,-0.598472,0.0348159,0.598472,-0.801144,-0.0441805,0,0,1,0,0,-0.0271667,0,0,0.00727929,-0.0271667,0.00727929,0.00158203,-1.80114,0,0.0174079,0,-1.80114,-0.0220902,0.0174079,-0.0220902,0,-6.93E+11,0,2.68E+09,0,-6.93E+11,-3.40E+09,2.68E+09,-3.40E+09,-4.16E+11,3.70E+08,-2.37E+08,2.69E+09,-2.37E+08,4.84E+08,-3.42E+09,2.69E+09,-3.42E+09,4.26E+08,4.33E+09,4.35E+09,4.33E+09,-4.16E+11,4.26E+08,238.947,240.27,1.94E-12
0.01125,1.48353,0.5,0.000980502,0.0112072,-0.00749271,-0.00839177,-0.00847322,-0.019599,0,-0.801144,-0.598472,0.0419588,0.598472,-0.801144,-0.0374636,0,0,1,-0.801144,-0.598472,0.0419588,0.598472,-0.801144,-0.0374636,0,0,1,0,0,-0.028018,0,0,0.00245126,-0.028018,0.00245126,0.00158203,-1.80114,0,0.0209794,0,-1.80114,-0.0187318,0.0209794,-0.0187318,0,-6.93E+11,0,3.23E+09,0,-6.93E+11,-2.88E+09,3.23E+09,-2.88E+09,-4.16E+11,4.54E+08,-2.43E+08,3.25E+09,-2.43E+08,3.99E+08,-2.90E+09,3.25E+09,-2.90E+09,4.26E+08,4.33E+09,4.35E+09,4.33E+09,-4.16E+11,4.26E+08,238.947,240.27,1.38E-12
0.01125,1.65806,0.5,-0.000980502,0.0112072,-0.00592167,-0.00956537,-0.00494117,-0.0207726,0,-0.801144,-0.598472,0.0478269,0.598472,-0.801144,-0.0296083,0,0,1,-0.801144,-0.598472,0.0478269,0.598472,-0.801144,-0.0296083,0,0,1,0,0,-0.028018,0,0,-0.00245126,-0.028018,-0.00245126,0.00158203,-1.80114,0,0.0239134,0,-1.80114,-0.0148042,0.0239134,-0.0148042,0,-6.93E+11,0,3.68E+09,0,-6.93E+11,-2.28E+09,3.68E+09,-2.28E+09,-4.16E+11,5.35E+08,-2.18E+08,3.70E+09,-2.18E+08,3.18E+08,-2.29E+09,3.70E+09,-2.29E+09,4.26E+08,4.33E+09,4.35E+09,4.33E+09,-4.16E+11,4.26E+08,238.947,240.27,1.38E-12
0.01125,1.8326,0.5,-0.00291171,0.0108667,-0.0041707,-0.0104483,-0.00125898,-0.021315,0,-0.801144,-0.598472,0.0522417,0.598472,-0.801144,-0.0208535,0,0,1,-0.801144,-0.598472,0.0522417,0.598472,-0.801144,-0.0208535,0,0,1,0,0,-0.0271667,0,0,-0.00727929,-0.0271667,-0.00727929,0.00158203,-1.80114,0,0.0261208,0,-1.80114,-0.0104267,0.0261208,-0.0104267,0,-6.93E+11,0,4.02E+09,0,-6.93E+11,-1.60E+09,4.02E+09,-1.60E+09,-4.16E+11,6.04E+08,-1.68E+08,4.04E+09,-1.68E+08,2.50E+08,-1.61E+09,4.04E+09,-1.61E+09,4.26E+08,4.33E+09,4.35E+09,4.33E+09,-4.16E+11,4.26E+08,238.947,240.27,1.64E-12
0.01125,2.00713,0.5,-0.00475446,0.010196,-0.002293,-0.0110138,0.00246146,-0.0212098,0,-0.801144,-0.598472,0.0550692,0.598472,-0.801144,-0.011465,0,0,1,-0.801144,-0.598472,0.0550692,0.598472,-0.801144,-0.011465,0,0,1,0,0,-0.0254899,0,0,-0.0118861,-0.0254899,-0.0118861,0.00158203,-1.80114,0,0.0275346,0,-1.80114,-0.00573249,0.0275346,-0.00573249,0,-6.93E+11,0,4.24E+09,0,-6.93E+11,-8.82E+08,4.24E+09,-8.82E+08,-4.16E+11,6.50E+08,-9.74E+07,4.26E+09,-9.74E+07,2.03E+08,-8.87E+08,4.26E+09,-8.87E+08,4.26E+08,4.33E+09,4.35E+09,4.33E+09,-4.16E+11,4.26E+08,238.947,240.27,1.80E-12
0.01125,2.18166,0.5,-0.00645273,0.00921546,-0.000345629,-0.0112447,0.00610711,-0.0204601,0,-0.801144,-0.598472,0.0562234,0.598472,-0.801144,-0.00172815,0,0,1,-0.801144,-0.598472,0.0562234,0.598472,-0.801144,-0.00172815,0,0,1,0,0,-0.0230387,0,0,-0.0161318,-0.0230387,-0.0161318,0.00158203,-1.80114,0,0.0281117,0,-1.80114,-0.000864073,0.0281117,-0.000864073,0,-6.93E+11,0,4.32E+09,0,-6.93E+11,-1.33E+08,4.32E+09,-1.33E+08,-4.16E+11,6.70E+08,-1.50E+07,4.35E+09,-1.50E+07,1.83E+08,-1.34E+08,4.35E+09,-1.34E+08,4.26E+08,4.33E+09,4.35E+09,4.33E+09,-4.16E+11,4.26E+08,238.947,240.27,2.03E-12
0.01125,2.35619,0.5,-0.00795495,0.00795495,0.00161224,-0.0111339,0.00956719,-0.0190888,0,-0.801144,-0.598472,0.0556694,0.598472,-0.801144,0.00806121,0,0,1,-0.801144,-0.598472,0.0556694,0.598472,-0.801144,0.00806121,0,0,1,0,0,-0.0198874,0,0,-0.0198874,-0.0198874,-0.0198874,0.00158203,-1.80114,0,0.0278347,0,-1.80114,0.0040306,0.0278347,0.0040306,0,-6.93E+11,0,4.28E+09,0,-6.93E+11,6.20E+08,4.28E+09,6.20E+08,-4.16E+11,6.61E+08,6.92E+07,4.31E+09,6.92E+07,1.93E+08,6.24E+08,4.31E+09,6.24E+08,4.26E+08,4.33E+09,4.35E+09,4.33E+09,-4.16E+11,4.26E+08,238.947,240.27,1.37E-12
0.01125,2.53073,0.5,-0.00921546,0.00645273,0.00352113,-0.0106848,0.0127366,-0.0171375,0,-0.801144,-0.598472,0.0534238,0.598472,-0.801144,0.0176056,0,0,1,-0.801144,-0.598472,0.0534238,0.598472,-0.801144,0.0176056,0,0,1,0,0,-0.0161318,0,0,-0.0230387,-0.0161318,-0.0230387,0.00158203,-1.80114,0,0.0267119,0,-1.80114,0.00880281,0.0267119,0.00880281,0,-6.93E+11,0,4.11E+09,0,-6.93E+11,1.35E+09,4.11E+09,1.35E+09,-4.16E+11,6.23E+08,1.45E+08,4.13E+09,1.45E+08,2.30E+08,1.36E+09,4.13E+09,1.36E+09,4.26E+08,4.33E+09,4.35E+09,4.33E+09,-4.16E+11,4.26E+08,238.947,240.27,1.42E-12
0.01125,2.70526,0.5,-0.010196,0.00475446,0.00532302,-0.009911,0.015519,-0.0146655,0,-0.801144,-0.598472,0.049555,0.598472,-0.801144,0.0266151,0,0,1,-0.801144,-0.598472,0.049555,0.598472,-0.801144,0.0266151,0,0,1,0,0,-0.0118861,0,0,-0.0254899,-0.0118861,-0.0254899,0.00158203,-1.80114,0,0.0247775,0,-1.80114,0.0133076,0.0247775,0.0133076,0,-6.93E+11,0,3.81E+09,0,-6.93E+11,2.05E+09,3.81E+09,2.05E+09,-4.16E+11,5.61E+08,2.03E+08,3.83E+09,2.03E+08,2.92E+08,2.06E+09,3.83E+09,2.06E+09,4.26E+08,4.33E+09,4.35E+09,4.33E+09,-4.16E+11,4.26E+08,238.947,240.27,1.34E-12
0.01125,2.87979,0.5,-0.0108667,0.00291171,0.00696318,-0.0088361,0.0178298,-0.0117478,0,-0.801144,-0.598472,0.0441805,0.598472,-0.801144,0.0348159,0,0,1,-0.801144,-0.598472,0.0441805,0.598472,-0.801144,0.0348159,0,0,1,0,0,-0.00727929,0,0,-0.0271667,-0.00727929,-0.0271667,0.00158203,-1.80114,0,0.0220902,0,-1.80114,0.0174079,0.0220902,0.0174079,0,-6.93E+11,0,3.40E+09,0,-6.93E+11,2.68E+09,3.40E+09,2.68E+09,-4.16E+11,4.84E+08,2.37E+08,3.42E+09,2.37E+08,3.70E+08,2.69E+09,3.42E+09,2.69E+09,4.26E+08,4.33E+09,4.35E+09,4.33E+09,-4.16E+11,4.26E+08,238.947,240.27,1.50E-12
0.01125,3.05433,0.5,-0.0112072,0.000980502,0.00839177,-0.00749271,0.019599,-0.00847322,0,-0.801144,-0.598472,0.0374636,0.598472,-0.801144,0.0419588,0,0,1,-0.801144,-0.598472,0.0374636,0.598472,-0.801144,0.0419588,0,0,1,0,0,-0.00245126,0,0,-0.028018,-0.00245126,-0.028018,0.00158203,-1.80114,0,0.0187318,0,-1.80114,0.0209794,0.0187318,0.0209794,0,-6.93E+11,0,2.88E+09,0,-6.93E+11,3.23E+09,2.88E+09,3.23E+09,-4.16E+11,3.99E+08,2.43E+08,2.90E+09,2.43E+08,4.54E+08,3.25E+09,2.90E+09,3.25E+09,4.26E+08,4.33E+09,4.35E+09,4.33E+09,-4.16E+11,4.26E+08,238.947,240.27,1.39E-12
0.01125,3.22886,0.5,-0.0112072,-0.000980502,0.00956537,-0.00592167,0.0207726,-0.00494117,0,-0.801144,-0.598472,0.0296083,0.598472,-0.801144,0.0478269,0,0,1,-0.801144,-0.598472,0.0296083,0.598472,-0.801144,0.0478269,0,0,1,0,0,0.00245126,0,0,-0.028018,0.00245126,-0.028018,0.00158203,-1.80114,0,0.0148042,0,-1.80114,0.0239134,0.0148042,0.0239134,0,-6.93E+11,0,2.28E+09,0,-6.93E+11,3.68E+09,2.28E+09,3.68E+09,-4.16E+11,3.18E+08,2.18E+08,2.29E+09,2.18E+08,5.35E+08,3.70E+09,2.29E+09,3.70E+09,4.26E+08,4.33E+09,4.35E+09,4.33E+09,-4.16E+11,4.26E+08,238.947,240.27,1.49E-12
0.01125,3.40339,0.5,-0.0108667,-0.00291171,0.0104483,-0.0041707,0.021315,-0.00125898,0,-0.801144,-0.598472,0.0208535,0.598472,-0.801144,0.0522417,0,0,1,-0.801144,-0.598472,0.0208535,0.598472,-0.801144,0.0522417,0,0,1,0,0,0.00727929,0,0,-0.0271667,0.00727929,-0.0271667,0.00158203,-1.80114,0,0.0104267,0,-1.80114,0.0261208,0.0104267,0.0261208,0,-6.93E+11,0,1.60E+09,0,-6.93E+11,4.02E+09,1.60E+09,4.02E+09,-4.16E+11,2.50E+08,1.68E+08,1.61E+09,1.68E+08,6.04E+08,4.04E+09,1.61E+09,4.04E+09,4.26E+08,4.33E+09,4.35E+09,4.33E+09,-4.16E+11,4.26E+08,238.947,240.27,1.44E-12
0.01125,3.57792,0.5,-0.010196,-0.00475446,0.0110138,-0.002293,0.0212098,0.00246146,0,-0.801144,-0.598472,0.011465,0.598472,-0.801144,0.0550692,0,0,1,-0.801144,-0.598472,0.011465,0.598472,-0.801144,0.0550692,0,0,1,0,0,0.0118861,0,0,-0.0254899,0.0118861,-0.0254899,0.00158203,-1.80114,0,0.00573249,0,-1.80114,0.0275346,0.00573249,0.0275346,0,-6.93E+11,0,8.82E+08,0,-6.93E+11,4.24E+09,8.82E+08,4.24E+09,-4.16E+11,2.03E+08,9.74E+07,8.87E+08,9.74E+07,6.50E+08,4.26E+09,8.87E+08,4.26E+09,4.26E+08,4.33E+09,4.35E+09,4.33E+09,-4.16E+11,4.26E+08,238.947,240.27,1.81E-12
0.01125,3.75246,0.5,-0.00921546,-0.00645273,0.0112447,-0.000345629,0.0204601,0.00610711,0,-0.801144,-0.598472,0.00172815,0.598472,-0.801144,0.0562234,0,0,1,-0.801144,-0.598472,0.00172815,0.598472,-0.801144,0.0562234,0,0,1,0,0,0.0161318,0,0,-0.0230387,0.0161318,-0.0230387,0.00158203,-1.80114,0,0.000864073,0,-1.80114,0.0281117,0.000864073,0.0281117,0,-6.93E+11,0,1.33E+08,0,-6.93E+11,4.32E+09,1.33E+08,4.32E+09,-4.16E+11,1.83E+08,1.50E+07,1.34E+08,1.50E+07,6.70E+08,4.35E+09,1.34E+08,4.35E+09,4.26E+08,4.33E+09,4.35E+09,4.33E+09,-4.16E+11,4.26E+08,238.947,240.27,2.03E-12
0.01125,3.92699,0.5,-0.00795495,-0.00795495,0.0111339,0.00161224,0.0190888,0.00956719,0,-0.801144,-0.598472,-0.00806121,0.598472,-0.801144,0.0556694,0,0,1,-0.801144,-0.598472,-0.00806121,0.598472,-0.801144,0.0556694,0,0,1,0,0,0.0198874,0,0,-0.0198874,0.0198874,-0.0198874,0.00158203,-1.80114,0,-0.0040306,0,-1.80114,0.0278347,-0.0040306,0.0278347,0,-6.93E+11,0,-6.20E+08,0,-6.93E+11,4.28E+09,-6.20E+08,4.28E+09,-4.16E+11,1.93E+08,-6.92E+07,-6.24E+08,-6.92E+07,6.61E+08,4.31E+09,-6.24E+08,4.31E+09,4.26E+08,4.33E+09,4.35E+09,4.33E+09,-4.16E+11,4.26E+08,238.947,240.27,2.31E-12
0.01125,4.10152,0.5,-0.00645273,-0.00921546,0.0106848,0.00352113,0.0171375,0.0127366,0,-0.801144,-0.598472,-0.0176056,0.598472,-0.801144,0.0534238,0,0,1,-0.801144,-0.598472,-0.0176056,0.598472,-0.801144,0.0534238,0,0,1,0,0,0.0230387,0,0,-0.0161318,0.0230387,-0.0161318,0.00158203,-1.80114,0,-0.00880281,0,-1.80114,0.0267119,-0.00880281,0.0267119,0,-6.93E+11,0,-1.35E+09,0,-6.93E+11,4.11E+09,-1.35E+09,4.11E+09,-4.16E+11,2.30E+08,-1.45E+08,-1.36E+09,-1.45E+08,6.23E+08,4.13E+09,-1.36E+09,4.13E+09,4.26E+08,4.33E+09,4.35E+09,4.33E+09,-4.16E+11,4.26E+08,238.947,240.27,1.42E-12
0.01125,4.27606,0.5,-0.00475446,-0.010196,0.009911,0.00532302,0.0146655,0.015519,0,-0.801144,-0.598472,-0.0266151,0.598472,-0.801144,0.049555,0,0,1,-0.801144,-0.598472,-0.0266151,0.598472,-0.801144,0.049555,0,0,1,0,0,0.0254899,0,0,-0.0118861,0.0254899,-0.0118861,0.00158203,-1.80114,0,-0.0133076,0,-1.80114,0.0247775,-0.0133076,0.0247775,0,-6.93E+11,0,-2.05E+09,0,-6.93E+11,3.81E+09,-2.05E+09,3.81E+09,-4.16E+11,2.92E+08,-2.03E+08,-2.06E+09,-2.03E+08,5.61E+08,3.83E+09,-2.06E+09,3.83E+09,4.26E+08,4.33E+09,4.35E+09,4.33E+09,-4.16E+11,4.26E+08,238.947,240.27,1.31E-12
0.01125,4.45059,0.5,-0.00291171,-0.0108667,0.0088361,0.00696318,0.0117478,0.0178298,0,-0.801144,-0.598472,-0.0348159,0.598472,-0.801144,0.0441805,0,0,1,-0.801144,-0.598472,-0.0348159,0.598472,-0.801144,0.0441805,0,0,1,0,0,0.0271667,0,0,-0.00727929,0.0271667,-0.00727929,0.00158203,-1.80114,0,-0.0174079,0,-1.80114,0.0220902,-0.0174079,0.0220902,0,-6.93E+11,0,-2.68E+09,0,-6.93E+11,3.40E+09,-2.68E+09,3.40E+09,-4.16E+11,3.70E+08,-2.37E+08,-2.69E+09,-2.37E+08,4.84E+08,3.42E+09,-2.69E+09,3.42E+09,4.26E+08,4.33E+09,4.35E+09,4.33E+09,-4.16E+11,4.26E+08,238.947,240.27,1.50E-12
0.01125,4.62512,0.5,-0.000980502,-0.0112072,0.00749271,0.00839177,0.00847322,0.019599,0,-0.801144,-0.598472,-0.0419588,0.598472,-0.801144,0.0374636,0,0,1,-0.801144,-0.598472,-0.0419588,0.598472,-0.801144,0.0374636,0,0,1,0,0,0.028018,0,0,-0.00245126,0.028018,-0.00245126,0.00158203,-1.80114,0,-0.0209794,0,-1.80114,0.0187318,-0.0209794,0.0187318,0,-6.93E+11,0,-3.23E+09,0,-6.93E+11,2.88E+09,-3.23E+09,2.88E+09,-4.16E+11,4.54E+08,-2.43E+08,-3.25E+09,-2.43E+08,3.99E+08,2.90E+09,-3.25E+09,2.90E+09,4.26E+08,4.33E+09,4.35E+09,4.33E+09,-4.16E+11,4.26E+08,238.947,240.27,1.31E-12
0.01125,4.79966,0.5,0.000980502,-0.0112072,0.00592167,0.00956537,0.00494117,0.0207726,0,-0.801144,-0.598472,-0.0478269,0.598472,-0.801144,0.0296083,0,0,1,-0.801144,-0.598472,-0.0478269,0.598472,-0.801144,0.0296083,0,0,1,0,0,0.028018,0,0,0.00245126,0.028018,0.00245126,0.00158203,-1.80114,0,-0.0239134,0,-1.80114,0.0148042,-0.0239134,0.0148042,0,-6.93E+11,0,-3.68E+09,0,-6.93E+11,2.28E+09,-3.68E+09,2.28E+09,-4.16E+11,5.35E+08,-2.18E+08,-3.70E+09,-2.18E+08,3.18E+08,2.29E+09,-3.70E+09,2.29E+09,4.26E+08,4.33E+09,4.35E+09,4.33E+09,-4.16E+11,4.26E+08,238.947,240.27,1.36E-12
0.01125,4.97419,0.5,0.00291171,-0.0108667,0.0041707,0.0104483,0.00125898,0.021315,0,-0.801144,-0.598472,-0.0522417,0.598472,-0.801144,0.0208535,0,0,1,-0.801144,-0.598472,-0.0522417,0.598472,-0.801144,0.0208535,0,0,1,0,0,0.0271667,0,0,0.00727929,0.0271667,0.00727929,0.00158203,-1.80114,0,-0.0261208,0,-1.80114,0.0104267,-0.0261208,0.0104267,0,-6.93E+11,0,-4.02E+09,0,-6.93E+11,1.60E+09,-4.02E+09,1.60E+09,-4.16E+11,6.04E+08,-1.68E+08,-4.04E+09,-1.68E+08,2.50E+08,1.61E+09,-4.04E+09,1.61E+09,4.26E+08,4.33E+09,4.35E+09,4.33E+09,-4.16E+11,4.26E+08,238.947,240.27,1.34E-12
0.01125,5.14872,0.5,0.00475446,-0.010196,0.002293,0.0110138,-0.00246146,0.0212098,0,-0.801144,-0.598472,-0.0550692,0.598472,-0.801144,0.011465,0,0,1,-0.801144,-0.598472,-0.0550692,0.598472,-0.801144,0.011465,0,0,1,0,0,0.0254899,0,0,0.0118861,0.0254899,0.0118861,0.00158203,-1.80114,0,-0.0275346,0,-1.80114,0.00573249,-0.0275346,0.00573249,0,-6.93E+11,0,-4.24E+09,0,-6.93E+11,8.82E+08,-4.24E+09,8.82E+08,-4.16E+11,6.50E+08,-9.74E+07,-4.26E+09,-9.74E+07,2.03E+08,8.87E+08,-4.26E+09,8.87E+08,4.26E+08,4.33E+09,4.35E+09,4.33E+09,-4.16E+11,4.26E+08,238.947,240.27,1.30E-12
0.01125,5.32325,0.5,0.00645273,-0.00921546,0.000345629,0.0112447,-0.00610711,0.0204601,0,-0.801144,-0.598472,-0.0562234,0.598472,-0.801144,0.00172815,0,0,1,-0.801144,-0.598472,-0.0562234,0.598472,-0.801144,0.00172815,0,0,1,0,0,0.0230387,0,0,0.0161318,0.0230387,0.0161318,0.00158203,-1.80114,0,-0.0281117,0,-1.80114,0.000864073,-0.0281117,0.000864073,0,-6.93E+11,0,-4.32E+09,0,-6.93E+11,1.33E+08,-4.32E+09,1.33E+08,-4.16E+11,6.70E+08,-1.50E+07,-4.35E+09,-1.50E+07,1.83E+08,1.34E+08,-4.35E+09,1.34E+08,4.26E+08,4.33E+09,4.35E+09,4.33E+09,-4.16E+11,4.26E+08,238.947,240.27,1.27E-12
0.01125,5.49779,0.5,0.00795495,-0.00795495,-0.00161224,0.0111339,-0.00956719,0.0190888,0,-0.801144,-0.598472,-0.0556694,0.598472,-0.801144,-0.00806121,0,0,1,-0.801144,-0.598472,-0.0556694,0.598472,-0.801144,-0.00806121,0,0,1,0,0,0.0198874,0,0,0.0198874,0.0198874,0.0198874,0.00158203,-1.80114,0,-0.0278347,0,-1.80114,-0.0040306,-0.0278347,-0.0040306,0,-6.93E+11,0,-4.28E+09,0,-6.93E+11,-6.20E+08,-4.28E+09,-6.20E+08,-4.16E+11,6.61E+08,6.92E+07,-4.31E+09,6.92E+07,1.93E+08,-6.24E+08,-4.31E+09,-6.24E+08,4.26E+08,4.33E+09,4.35E+09,4.33E+09,-4.16E+11,4.26E+08,238.947,240.27,1.51E-12
0.01125,5.67232,0.5,0.00921546,-0.00645273,-0.00352113,0.0106848,-0.0127366,0.0171375,0,-0.801144,-0.598472,-0.0534238,0.598472,-0.801144,-0.0176056,0,0,1,-0.801144,-0.598472,-0.0534238,0.598472,-0.801144,-0.0176056,0,0,1,0,0,0.0161318,0,0,0.0230387,0.0161318,0.0230387,0.00158203,-1.80114,0,-0.0267119,0,-1.80114,-0.00880281,-0.0267119,-0.00880281,0,-6.93E+11,0,-4.11E+09,0,-6.93E+11,-1.35E+09,-4.11E+09,-1.35E+09,-4.16E+11,6.23E+08,1.45E+08,-4.13E+09,1.45E+08,2.30E+08,-1.36E+09,-4.13E+09,-1.36E+09,4.26E+08,4.33E+09,4.35E+09,4.33E+09,-4.16E+11,4.26E+08,238.947,240.27,1.30E-12
0.01125,5.84685,0.5,0.010196,-0.00475446,-0.00532302,0.009911,-0.015519,0.0146655,0,-0.801144,-0.598472,-0.049555,0.598472,-0.801144,-0.0266151,0,0,1,-0.801144,-0.598472,-0.049555,0.598472,-0.801144,-0.0266151,0,0,1,0,0,0.0118861,0,0,0.0254899,0.0118861,0.0254899,0.00158203,-1.80114,0,-0.0247775,0,-1.80114,-0.0133076,-0.0247775,-0.0133076,0,-6.93E+11,0,-3.81E+09,0,-6.93E+11,-2.05E+09,-3.81E+09,-2.05E+09,-4.16E+11,5.61E+08,2.03E+08,-3.83E+09,2.03E+08,2.92E+08,-2.06E+09,-3.83E+09,-2.06E+09,4.26E+08,4.33E+09,4.35E+09,4.33E+09,-4.16E+11,4.26E+08,238.947,240.27,1.87E-12
0.01125,6.02139,0.5,0.0108667,-0.00291171,-0.00696318,0.0088361,-0.0178298,0.0117478,0,-0.801144,-0.598472,-0.0441805,0.598472,-0.801144,-0.0348159,0,0,1,-0.801144,-0.598472,-0.0441805,0.598472,-0.801144,-0.0348159,0,0,1,0,0,0.00727929,0,0,0.0271667,0.00727929,0.0271667,0.00158203,-1.80114,0,-0.0220902,0,-1.80114,-0.0174079,-0.0220902,-0.0174079,0,-6.93E+11,0,-3.40E+09,0,-6.93E+11,-2.68E+09,-3.40E+09,-2.68E+09,-4.16E+11,4.84E+08,2.37E+08,-3.42E+09,2.37E+08,3.70E+08,-2.69E+09,-3.42E+09,-2.69E+09,4.26E+08,4.33E+09,4.35E+09,4.33E+09,-4.16E+11,4.26E+08,238.947,240.27,1.46E-12
0.01125,6.19592,0.5,0.0112072,-0.000980502,-0.00839177,0.00749271,-0.019599,0.00847322,0,-0.801144,-0.598472,-0.0374636,0.598472,-0.801144,-0.0419588,0,0,1,-0.801144,-0.598472,-0.0374636,0.598472,-0.801144,-0.0419588,0,0,1,0,0,0.00245126,0,0,0.028018,0.00245126,0.028018,0.00158203,-1.80114,0,-0.0187318,0,-1.80114,-0.0209794,-0.0187318,-0.0209794,0,-6.93E+11,0,-2.88E+09,0,-6.93E+11,-3.23E+09,-2.88E+09,-3.23E+09,-4.16E+11,3.99E+08,2.43E+08,-2.90E+09,2.43E+08,4.54E+08,-3.25E+09,-2.90E+09,-3.25E+09,4.26E+08,4.33E+09,4.35E+09,4.33E+09,-4.16E+11,4.26E+08,238.947,240.27,1.38E-12
0.01375,0.0872665,0.5,0.0136977,0.00119839,-0.011691,0.00723759,-0.0253887,0.0060392,0,-0.801144,-0.598472,-0.036188,0.598472,-0.801144,-0.0584551,0,0,1,-0.801144,-0.598472,-0.036188,0.598472,-0.801144,-0.0584551,0,0,1,0,0,-0.00299598,0,0,0.0342442,-0.00299598,0.0342442,0.00236328,-1.80114,0,-0.018094,0,-1.80114,-0.0292275,-0.018094,-0.0292275,0,-6.93E+11,0,-2.78E+09,0,-6.93E+11,-4.50E+09,-2.78E+09,-4.50E+09,-4.16E+11,4.75E+08,3.27E+08,-2.81E+09,3.27E+08,8.01E+08,-4.53E+09,-2.81E+09,-4.53E+09,6.36E+08,5.29E+09,5.33E+09,5.29E+09,-4.16E+11,6.36E+08,436.267,439.875,1.84E-12
0.01375,0.261799,0.5,0.0132815,0.00355876,-0.0127702,0.00509752,-0.0260517,0.00153875,0,-0.801144,-0.598472,-0.0254876,0.598472,-0.801144,-0.063851,0,0,1,-0.801144,-0.598472,-0.0254876,0.598472,-0.801144,-0.063851,0,0,1,0,0,-0.0088969,0,0,0.0332037,-0.0088969,0.0332037,0.00236328,-1.80114,0,-0.0127438,0,-1.80114,-0.0319255,-0.0127438,-0.0319255,0,-6.93E+11,0,-1.96E+09,0,-6.93E+11,-4.91E+09,-1.96E+09,-4.91E+09,-4.16E+11,3.73E+08,2.51E+08,-1.98E+09,2.51E+08,9.03E+08,-4.95E+09,-1.98E+09,-4.95E+09,6.36E+08,5.29E+09,5.33E+09,5.29E+09,-4.16E+11,6.36E+08,436.267,439.875,1.76E-12
0.01375,0.436332,0.5,0.0124617,0.005811,-0.0134614,0.00280255,-0.0259231,-0.00300845,0,-0.801144,-0.598472,-0.0140128,0.598472,-0.801144,-0.0673068,0,0,1,-0.801144,-0.598472,-0.0140128,0.598472,-0.801144,-0.0673068,0,0,1,0,0,-0.0145275,0,0,0.0311543,-0.0145275,0.0311543,0.00236328,-1.80114,0,-0.00700638,0,-1.80114,-0.0336534,-0.00700638,-0.0336534,0,-6.93E+11,0,-1.08E+09,0,-6.93E+11,-5.18E+09,-1.08E+09,-5.18E+09,-4.16E+11,3.03E+08,1.46E+08,-1.09E+09,1.46E+08,9.73E+08,-5.22E+09,-1.09E+09,-5.22E+09,6.36E+08,5.29E+09,5.33E+09,5.29E+09,-4.16E+11,6.36E+08,436.267,439.875,1.23E-12
0.01375,0.610865,0.5,0.0112633,0.00788668,-0.0137435,0.000422435,-0.0250068,-0.00746424,0,-0.801144,-0.598472,-0.00211218,0.598472,-0.801144,-0.0687175,0,0,1,-0.801144,-0.598472,-0.00211218,0.598472,-0.801144,-0.0687175,0,0,1,0,0,-0.0197167,0,0,0.0281584,-0.0197167,0.0281584,0.00236328,-1.80114,0,-0.00105609,0,-1.80114,-0.0343588,-0.00105609,-0.0343588,0,-6.93E+11,0,-1.62E+08,0,-6.93E+11,-5.29E+09,-1.62E+08,-5.29E+09,-4.16E+11,2.73E+08,2.24E+07,-1.64E+08,2.24E+07,1.00E+09,-5.33E+09,-1.64E+08,-5.33E+09,6.36E+08,5.29E+09,5.33E+09,5.29E+09,-4.16E+11,6.36E+08,436.267,439.875,1.41E-12
0.01375,0.785398,0.5,0.00972272,0.00972272,-0.0136081,-0.00197052,-0.0233308,-0.0116932,0,-0.801144,-0.598472,0.00985259,0.598472,-0.801144,-0.0680403,0,0,1,-0.801144,-0.598472,0.00985259,0.598472,-0.801144,-0.0680403,0,0,1,0,0,-0.0243068,0,0,0.0243068,-0.0243068,0.0243068,0.00236328,-1.80114,0,0.00492629,0,-1.80114,-0.0340202,0.00492629,-0.0340202,0,-6.93E+11,0,7.58E+08,0,-6.93E+11,-5.23E+09,7.58E+08,-5.23E+09,-4.16E+11,2.88E+08,-1.04E+08,7.64E+08,-1.04E+08,9.88E+08,-5.28E+09,7.64E+08,-5.28E+09,6.36E+08,5.29E+09,5.33E+09,5.29E+09,-4.16E+11,6.36E+08,436.267,439.875,2.16E-12
0.01375,0.959931,0.5,0.00788668,0.0112633,-0.0130592,-0.0043036,-0.0209458,-0.0155669,0,-0.801144,-0.598472,0.021518,0.598472,-0.801144,-0.0652958,0,0,1,-0.801144,-0.598472,0.021518,0.598472,-0.801144,-0.0652958,0,0,1,0,0,-0.0281584,0,0,0.0197167,-0.0281584,0.0197167,0.00236328,-1.80114,0,0.010759,0,-1.80114,-0.0326479,0.010759,-0.0326479,0,-6.93E+11,0,1.66E+09,0,-6.93E+11,-5.02E+09,1.66E+09,-5.02E+09,-4.16E+11,3.44E+08,-2.17E+08,1.67E+09,-2.17E+08,9.31E+08,-5.06E+09,1.67E+09,-5.06E+09,6.36E+08,5.29E+09,5.33E+09,5.29E+09,-4.16E+11,6.36E+08,436.267,439.875,2.04E-12
0.01375,1.13446,0.5,0.005811,0.0124617,-0.0121134,-0.00650591,-0.0179244,-0.0189676,0,-0.801144,-0.598472,0.0325296,0.598472,-0.801144,-0.0605672,0,0,1,-0.801144,-0.598472,0.0325296,0.598472,-0.801144,-0.0605672,0,0,1,0,0,-0.0311543,0,0,0.0145275,-0.0311543,0.0145275,0.00236328,-1.80114,0,0.0162648,0,-1.80114,-0.0302836,0.0162648,-0.0302836,0,-6.93E+11,0,2.50E+09,0,-6.93E+11,-4.66E+09,2.50E+09,-4.66E+09,-4.16E+11,4.36E+08,-3.04E+08,2.52E+09,-3.04E+08,8.39E+08,-4.70E+09,2.52E+09,-4.70E+09,6.36E+08,5.29E+09,5.33E+09,5.29E+09,-4.16E+11,6.36E+08,436.267,439.875,1.42E-12
0.01375,1.309,0.5,0.00355876,0.0132815,-0.0107997,-0.00851055,-0.0143584,-0.021792,0,-0.801144,-0.598472,0.0425528,0.598472,-0.801144,-0.0539984,0,0,1,-0.801144,-0.598472,0.0425528,0.598472,-0.801144,-0.0539984,0,0,1,0,0,-0.0332037,0,0,0.0088969,-0.0332037,0.0088969,0.00236328,-1.80114,0,0.0212764,0,-1.80114,-0.0269992,0.0212764,-0.0269992,0,-6.93E+11,0,3.27E+09,0,-6.93E+11,-4.15E+09,3.27E+09,-4.15E+09,-4.16E+11,5.52E+08,-3.55E+08,3.30E+09,-3.55E+08,7.23E+08,-4.19E+09,3.30E+09,-4.19E+09,6.36E+08,5.29E+09,5.33E+09,5.29E+09,-4.16E+11,6.36E+08,436.267,439.875,1.36E-12
0.01375,1.48353,0.5,0.00119839,0.0136977,-0.00915776,-0.0102566,-0.0103562,-0.0239543,0,-0.801144,-0.598472,0.051283,0.598472,-0.801144,-0.0457888,0,0,1,-0.801144,-0.598472,0.051283,0.598472,-0.801144,-0.0457888,0,0,1,0,0,-0.0342442,0,0,0.00299598,-0.0342442,0.00299598,0.00236328,-1.80114,0,0.0256415,0,-1.80114,-0.0228944,0.0256415,-0.0228944,0,-6.93E+11,0,3.94E+09,0,-6.93E+11,-3.52E+09,3.94E+09,-3.52E+09,-4.16E+11,6.79E+08,-3.63E+08,3.98E+09,-3.63E+08,5.97E+08,-3.55E+09,3.98E+09,-3.55E+09,6.36E+08,5.29E+09,5.33E+09,5.29E+09,-4.16E+11,6.36E+08,436.267,439.875,1.91E-12
0.01375,1.65806,0.5,-0.00119839,0.0136977,-0.00723759,-0.011691,-0.0060392,-0.0253887,0,-0.801144,-0.598472,0.0584551,0.598472,-0.801144,-0.036188,0,0,1,-0.801144,-0.598472,0.0584551,0.598472,-0.801144,-0.036188,0,0,1,0,0,-0.0342442,0,0,-0.00299598,-0.0342442,-0.00299598,0.00236328,-1.80114,0,0.0292275,0,-1.80114,-0.018094,0.0292275,-0.018094,0,-6.93E+11,0,4.50E+09,0,-6.93E+11,-2.78E+09,4.50E+09,-2.78E+09,-4.16E+11,8.01E+08,-3.27E+08,4.53E+09,-3.27E+08,4.75E+08,-2.81E+09,4.53E+09,-2.81E+09,6.36E+08,5.29E+09,5.33E+09,5.29E+09,-4.16E+11,6.36E+08,436.267,439.875,1.84E-12
0.01375,1.8326,0.5,-0.00355876,0.0132815,-0.00509752,-0.0127702,-0.00153875,-0.0260517,0,-0.801144,-0.598472,0.063851,0.598472,-0.801144,-0.0254876,0,0,1,-0.801144,-0.598472,0.063851,0.598472,-0.801144,-0.0254876,0,0,1,0,0,-0.0332037,0,0,-0.0088969,-0.0332037,-0.0088969,0.00236328,-1.80114,0,0.0319255,0,-1.80114,-0.0127438,0.0319255,-0.0127438,0,-6.93E+11,0,4.91E+09,0,-6.93E+11,-1.96E+09,4.91E+09,-1.96E+09,-4.16E+11,9.03E+08,-2.51E+08,4.95E+09,-2.51E+08,3.73E+08,-1.98E+09,4.95E+09,-1.98E+09,6.36E+08,5.29E+09,5.33E+09,5.29E+09,-4.16E+11,6.36E+08,436.267,439.875,1.73E-12
0.01375,2.00713,0.5,-0.005811,0.0124617,-0.00280255,-0.0134614,0.00300845,-0.0259231,0,-0.801144,-0.598472,0.0673068,0.598472,-0.801144,-0.0140128,0,0,1,-0.801144,-0.598472,0.0673068,0.598472,-0.801144,-0.0140128,0,0,1,0,0,-0.0311543,0,0,-0.0145275,-0.0311543,-0.0145275,0.00236328,-1.80114,0,0.0336534,0,-1.80114,-0.00700638,0.0336534,-0.00700638,0,-6.93E+11,0,5.18E+09,0,-6.93E+11,-1.08E+09,5.18E+09,-1.08E+09,-4.16E+11,9.73E+08,-1.46E+08,5.22E+09,-1.46E+08,3.03E+08,-1.09E+09,5.22E+09,-1.09E+09,6.36E+08,5.29E+09,5.33E+09,5.29E+09,-4.16E+11,6.36E+08,436.267,439.875,1.29E-12
0.01375,2.18166,0.5,-0.00788668,0.0112633,-0.000422435,-0.0137435,0.00746424,-0.0250068,0,-0.801144,-0.598472,0.0687175,0.598472,-0.801144,-0.00211218,0,0,1,-0.801144,-0.598472,0.0687175,0.598472,-0.801144,-0.00211218,0,0,1,0,0,-0.0281584,0,0,-0.0197167,-0.0281584,-0.0197167,0.00236328,-1.80114,0,0.0343588,0,-1.80114,-0.00105609,0.0343588,-0.00105609,0,-6.93E+11,0,5.29E+09,0,-6.93E+11,-1.62E+08,5.29E+09,-1.62E+08,-4.16E+11,1.00E+09,-2.24E+07,5.33E+09,-2.24E+07,2.73E+08,-1.64E+08,5.33E+09,-1.64E+08,6.36E+08,5.29E+09,5.33E+09,5.29E+09,-4.16E+11,6.36E+08,436.267,439.875,1.92E-12
0.01375,2.35619,0.5,-0.00972272,0.00972272,0.00197052,-0.0136081,0.0116932,-0.0233308,0,-0.801144,-0.598472,0.0680403,0.598472,-0.801144,0.00985259,0,0,1,-0.801144,-0.598472,0.0680403,0.598472,-0.801144,0.00985259,0,0,1,0,0,-0.0243068,0,0,-0.0243068,-0.0243068,-0.0243068,0.00236328,-1.80114,0,0.0340202,0,-1.80114,0.00492629,0.0340202,0.00492629,0,-6.93E+11,0,5.23E+09,0,-6.93E+11,7.58E+08,5.23E+09,7.58E+08,-4.16E+11,9.88E+08,1.04E+08,5.28E+09,1.04E+08,2.88E+08,7.64E+08,5.28E+09,7.64E+08,6.36E+08,5.29E+09,5.33E+09,5.29E+09,-4.16E+11,6.36E+08,436.267,439.875,2.16E-12
0.01375,2.53073,0.5,-0.0112633,0.00788668,0.0043036,-0.0130592,0.0155669,-0.0209458,0,-0.801144,-0.598472,0.0652958,0.598472,-0.801144,0.021518,0,0,1,-0.801144,-0.598472,0.0652958,0.598472,-0.801144,0.021518,0,0,1,0,0,-0.0197167,0,0,-0.0281584,-0.0197167,-0.0281584,0.00236328,-1.80114,0,0.0326479,0,-1.80114,0.010759,0.0326479,0.010759,0,-6.93E+11,0,5.02E+09,0,-6.93E+11,1.66E+09,5.02E+09,1.66E+09,-4.16E+11,9.31E+08,2.17E+08,5.06E+09,2.17E+08,3.44E+08,1.67E+09,5.06E+09,1.67E+09,6.36E+08,5.29E+09,5.33E+09,5.29E+09,-4.16E+11,6.36E+08,436.267,439.875,2.30E-12
0.01375,2.70526,0.5,-0.0124617,0.005811,0.00650591,-0.0121134,0.0189676,-0.0179244,0,-0.801144,-0.598472,0.0605672,0.598472,-0.801144,0.0325296,0,0,1,-0.801144,-0.598472,0.0605672,0.598472,-0.801144,0.0325296,0,0,1,0,0,-0.0145275,0,0,-0.0311543,-0.0145275,-0.0311543,0.00236328,-1.80114,0,0.0302836,0,-1.80114,0.0162648,0.0302836,0.0162648,0,-6.93E+11,0,4.66E+09,0,-6.93E+11,2.50E+09,4.66E+09,2.50E+09,-4.16E+11,8.39E+08,3.04E+08,4.70E+09,3.04E+08,4.36E+08,2.52E+09,4.70E+09,2.52E+09,6.36E+08,5.29E+09,5.33E+09,5.29E+09,-4.16E+11,6.36E+08,436.267,439.875,1.38E-12
0.01375,2.87979,0.5,-0.0132815,0.00355876,0.00851055,-0.0107997,0.021792,-0.0143584,0,-0.801144,-0.598472,0.0539984,0.598472,-0.801144,0.0425528,0,0,1,-0.801144,-0.598472,0.0539984,0.598472,-0.801144,0.0425528,0,0,1,0,0,-0.0088969,0,0,-0.0332037,-0.0088969,-0.0332037,0.00236328,-1.80114,0,0.0269992,0,-1.80114,0.0212764,0.0269992,0.0212764,0,-6.93E+11,0,4.15E+09,0,-6.93E+11,3.27E+09,4.15E+09,3.27E+09,-4.16E+11,7.23E+08,3.55E+08,4.19E+09,3.55E+08,5.52E+08,3.30E+09,4.19E+09,3.30E+09,6.36E+08,5.29E+09,5.33E+09,5.29E+09,-4.16E+11,6.36E+08,436.267,439.875,1.65E-12
0.01375,3.05433,0.5,-0.0136977,0.00119839,0.0102566,-0.00915776,0.0239543,-0.0103562,0,-0.801144,-0.598472,0.0457888,0.598472,-0.801144,0.051283,0,0,1,-0.801144,-0.598472,0.0457888,0.598472,-0.801144,0.051283,0,0,1,0,0,-0.00299598,0,0,-0.0342442,-0.00299598,-0.0342442,0.00236328,-1.80114,0,0.0228944,0,-1.80114,0.0256415,0.0228944,0.0256415,0,-6.93E+11,0,3.52E+09,0,-6.93E+11,3.94E+09,3.52E+09,3.94E+09,-4.16E+11,5.97E+08,3.63E+08,3.55E+09,3.63E+08,6.79E+08,3.98E+09,3.55E+09,3.98E+09,6.36E+08,5.29E+09,5.33E+09,5.29E+09,-4.16E+11,6.36E+08,436.267,439.875,1.91E-12
0.01375,3.22886,0.5,-0.0136977,-0.00119839,0.011691,-0.00723759,0.0253887,-0.0060392,0,-0.801144,-0.598472,0.036188,0.598472,-0.801144,0.0584551,0,0,1,-0.801144,-0.598472,0.036188,0.598472,-0.801144,0.0584551,0,0,1,0,0,0.00299598,0,0,-0.0342442,0.00299598,-0.0342442,0.00236328,-1.80114,0,0.018094,0,-1.80114,0.0292275,0.018094,0.0292275,0,-6.93E+11,0,2.78E+09,0,-6.93E+11,4.50E+09,2.78E+09,4.50E+09,-4.16E+11,4.75E+08,3.27E+08,2.81E+09,3.27E+08,8.01E+08,4.53E+09,2.81E+09,4.53E+09,6.36E+08,5.29E+09,5.33E+09,5.29E+09,-4.16E+11,6.36E+08,436.267,439.875,1.87E-12
0.01375,3.40339,0.5,-0.0132815,-0.00355876,0.0127702,-0.00509752,0.0260517,-0.00153875,0,-0.801144,-0.598472,0.0254876,0.598472,-0.801144,0.063851,0,0,1,-0.801144,-0.598472,0.0254876,0.598472,-0.801144,0.063851,0,0,1,0,0,0.0088969,0,0,-0.0332037,0.0088969,-0.0332037,0.00236328,-1.80114,0,0.0127438,0,-1.80114,0.0319255,0.0127438,0.0319255,0,-6.93E+11,0,1.96E+09,0,-6.93E+11,4.91E+09,1.96E+09,4.91E+09,-4.16E+11,3.73E+08,2.51E+08,1.98E+09,2.51E+08,9.03E+08,4.95E+09,1.98E+09,4.95E+09,6.36E+08,5.29E+09,5.33E+09,5.29E+09,-4.16E+11,6.36E+08,436.267,439.875,1.73E-12
0.01375,3.57792,0.5,-0.0124617,-0.005811,0.0134614,-0.00280255,0.0259231,0.00300845,0,-0.801144,-0.598472,0.0140128,0.598472,-0.801144,0.0673068,0,0,1,-0.801144,-0.598472,0.0140128,0.598472,-0.801144,0.0673068,0,0,1,0,0,0.0145275,0,0,-0.0311543,0.0145275,-0.0311543,0.00236328,-1.80114,0,0.00700638,0,-1.80114,0.0336534,0.00700638,0.0336534,0,-6.93E+11,0,1.08E+09,0,-6.93E+11,5.18E+09,1.08E+09,5.18E+09,-4.16E+11,3.03E+08,1.46E+08,1.09E+09,1.46E+08,9.73E+08,5.22E+09,1.09E+09,5.22E+09,6.36E+08,5.29E+09,5.33E+09,5.29E+09,-4.16E+11,6.36E+08,436.267,439.875,1.32E-12
0.01375,3.75246,0.5,-0.0112633,-0.00788668,0.0137435,-0.000422435,0.0250068,0.00746424,0,-0.801144,-0.598472,0.00211218,0.598472,-0.801144,0.0687175,0,0,1,-0.801144,-0.598472,0.00211218,0.598472,-0.801144,0.0687175,0,0,1,0,0,0.0197167,0,0,-0.0281584,0.0197167,-0.0281584,0.00236328,-1.80114,0,0.00105609,0,-1.80114,0.0343588,0.00105609,0.0343588,0,-6.93E+11,0,1.62E+08,0,-6.93E+11,5.29E+09,1.62E+08,5.29E+09,-4.16E+11,2.73E+08,2.24E+07,1.64E+08,2.24E+07,1.00E+09,5.33E+09,1.64E+08,5.33E+09,6.36E+08,5.29E+09,5.33E+09,5.29E+09,-4.16E+11,6.36E+08,436.267,439.875,1.92E-12
0.01375,3.92699,0.5,-0.00972272,-0.00972272,0.0136081,0.00197052,0.0233308,0.0116932,0,-0.801144,-0.598472,-0.00985259,0.598472,-0.801144,0.0680403,0,0,1,-0.801144,-0.598472,-0.00985259,0.598472,-0.801144,0.0680403,0,0,1,0,0,0.0243068,0,0,-0.0243068,0.0243068,-0.0243068,0.00236328,-1.80114,0,-0.00492629,0,-1.80114,0.0340202,-0.00492629,0.0340202,0,-6.93E+11,0,-7.58E+08,0,-6.93E+11,5.23E+09,-7.58E+08,5.23E+09,-4.16E+11,2.88E+08,-1.04E+08,-7.64E+08,-1.04E+08,9.88E+08,5.28E+09,-7.64E+08,5.28E+09,6.36E+08,5.29E+09,5.33E+09,5.29E+09,-4.16E+11,6.36E+08,436.267,439.875,1.67E-12
0.01375,4.10152,0.5,-0.00788668,-0.0112633,0.0130592,0.0043036,0.0209458,0.0155669,0,-0.801144,-0.598472,-0.021518,0.598472,-0.801144,0.0652958,0,0,1,-0.801144,-0.598472,-0.021518,0.598472,-0.801144,0.0652958,0,0,1,0,0,0.0281584,0,0,-0.0197167,0.0281584,-0.0197167,0.00236328,-1.80114,0,-0.010759,0,-1.80114,0.0326479,-0.010759,0.0326479,0,-6.93E+11,0,-1.66E+09,0,-6.93E+11,5.02E+09,-1.66E+09,5.02E+09,-4.16E+11,3.44E+08,-2.17E+08,-1.67E+09,-2.17E+08,9.31E+08,5.06E+09,-1.67E+09,5.06E+09,6.36E+08,5.29E+09,5.33E+09,5.29E+09,-4.16E+11,6.36E+08,436.267,439.875,2.30E-12
0.01375,4.27606,0.5,-0.005811,-0.0124617,0.0121134,0.00650591,0.0179244,0.0189676,0,-0.801144,-0.598472,-0.0325296,0.598472,-0.801144,0.0605672,0,0,1,-0.801144,-0.598472,-0.0325296,0.598472,-0.801144,0.0605672,0,0,1,0,0,0.0311543,0,0,-0.0145275,0.0311543,-0.0145275,0.00236328,-1.80114,0,-0.0162648,0,-1.80114,0.0302836,-0.0162648,0.0302836,0,-6.93E+11,0,-2.50E+09,0,-6.93E+11,4.66E+09,-2.50E+09,4.66E+09,-4.16E+11,4.36E+08,-3.04E+08,-2.52E+09,-3.04E+08,8.39E+08,4.70E+09,-2.52E+09,4.70E+09,6.36E+08,5.29E+09,5.33E+09,5.29E+09,-4.16E+11,6.36E+08,436.267,439.875,1.97E-12
0.01375,4.45059,0.5,-0.00355876,-0.0132815,0.0107997,0.00851055,0.0143584,0.021792,0,-0.801144,-0.598472,-0.0425528,0.598472,-0.801144,0.0539984,0,0,1,-0.801144,-0.598472,-0.0425528,0.598472,-0.801144,0.0539984,0,0,1,0,0,0.0332037,0,0,-0.0088969,0.0332037,-0.0088969,0.00236328,-1.80114,0,-0.0212764,0,-1.80114,0.0269992,-0.0212764,0.0269992,0,-6.93E+11,0,-3.27E+09,0,-6.93E+11,4.15E+09,-3.27E+09,4.15E+09,-4.16E+11,5.52E+08,-3.55E+08,-3.30E+09,-3.55E+08,7.23E+08,4.19E+09,-3.30E+09,4.19E+09,6.36E+08,5.29E+09,5.33E+09,5.29E+09,-4.16E+11,6.36E+08,436.267,439.875,1.62E-12
0.01375,4.62512,0.5,-0.00119839,-0.0136977,0.00915776,0.0102566,0.0103562,0.0239543,0,-0.801144,-0.598472,-0.051283,0.598472,-0.801144,0.0457888,0,0,1,-0.801144,-0.598472,-0.051283,0.598472,-0.801144,0.0457888,0,0,1,0,0,0.0342442,0,0,-0.00299598,0.0342442,-0.00299598,0.00236328,-1.80114,0,-0.0256415,0,-1.80114,0.0228944,-0.0256415,0.0228944,0,-6.93E+11,0,-3.94E+09,0,-6.93E+11,3.52E+09,-3.94E+09,3.52E+09,-4.16E+11,6.79E+08,-3.63E+08,-3.98E+09,-3.63E+08,5.97E+08,3.55E+09,-3.98E+09,3.55E+09,6.36E+08,5.29E+09,5.33E+09,5.29E+09,-4.16E+11,6.36E+08,436.267,439.875,1.97E-12
0.01375,4.79966,0.5,0.00119839,-0.0136977,0.00723759,0.011691,0.0060392,0.0253887,0,-0.801144,-0.598472,-0.0584551,0.598472,-0.801144,0.036188,0,0,1,-0.801144,-0.598472,-0.0584551,0.598472,-0.801144,0.036188,0,0,1,0,0,0.0342442,0,0,0.00299598,0.0342442,0.00299598,0.00236328,-1.80114,0,-0.0292275,0,-1.80114,0.018094,-0.0292275,0.018094,0,-6.93E+11,0,-4.50E+09,0,-6.93E+11,2.78E+09,-4.50E+09,2.78E+09,-4.16E+11,8.01E+08,-3.27E+08,-4.53E+09,-3.27E+08,4.75E+08,2.81E+09,-4.53E+09,2.81E+09,6.36E+08,5.29E+09,5.33E+09,5.29E+09,-4.16E+11,6.36E+08,436.267,439.875,1.92E-12
0.01375,4.97419,0.5,0.00355876,-0.0132815,0.00509752,0.0127702,0.00153875,0.0260517,0,-0.801144,-0.598472,-0.063851,0.598472,-0.801144,0.0254876,0,0,1,-0.801144,-0.598472,-0.063851,0.598472,-0.801144,0.0254876,0,0,1,0,0,0.0332037,0,0,0.0088969,0.0332037,0.0088969,0.00236328,-1.80114,0,-0.0319255,0,-1.80114,0.0127438,-0.0319255,0.0127438,0,-6.93E+11,0,-4.91E+09,0,-6.93E+11,1.96E+09,-4.91E+09,1.96E+09,-4.16E+11,9.03E+08,-2.51E+08,-4.95E+09,-2.51E+08,3.73E+08,1.98E+09,-4.95E+09,1.98E+09,6.36E+08,5.29E+09,5.33E+09,5.29E+09,-4.16E+11,6.36E+08,436.267,439.875,1.35E-12
0.01375,5.14872,0.5,0.005811,-0.0124617,0.00280255,0.0134614,-0.00300845,0.0259231,0,-0.801144,-0.598472,-0.0673068,0.598472,-0.801144,0.0140128,0,0,1,-0.801144,-0.598472,-0.0673068,0.598472,-0.801144,0.0140128,0,0,1,0,0,0.0311543,0,0,0.0145275,0.0311543,0.0145275,0.00236328,-1.80114,0,-0.0336534,0,-1.80114,0.00700638,-0.0336534,0.00700638,0,-6.93E+11,0,-5.18E+09,0,-6.93E+11,1.08E+09,-5.18E+09,1.08E+09,-4.16E+11,9.73E+08,-1.46E+08,-5.22E+09,-1.46E+08,3.03E+08,1.09E+09,-5.22E+09,1.09E+09,6.36E+08,5.29E+09,5.33E+09,5.29E+09,-4.16E+11,6.36E+08,436.267,439.875,1.47E-12
0.01375,5.32325,0.5,0.00788668,-0.0112633,0.000422435,0.0137435,-0.00746424,0.0250068,0,-0.801144,-0.598472,-0.0687175,0.598472,-0.801144,0.00211218,0,0,1,-0.801144,-0.598472,-0.0687175,0.598472,-0.801144,0.00211218,0,0,1,0,0,0.0281584,0,0,0.0197167,0.0281584,0.0197167,0.00236328,-1.80114,0,-0.0343588,0,-1.80114,0.00105609,-0.0343588,0.00105609,0,-6.93E+11,0,-5.29E+09,0,-6.93E+11,1.62E+08,-5.29E+09,1.62E+08,-4.16E+11,1.00E+09,-2.24E+07,-5.33E+09,-2.24E+07,2.73E+08,1.64E+08,-5.33E+09,1.64E+08,6.36E+08,5.29E+09,5.33E+09,5.29E+09,-4.16E+11,6.36E+08,436.267,439.875,1.41E-12
0.01375,5.49779,0.5,0.00972272,-0.00972272,-0.00197052,0.0136081,-0.0116932,0.0233308,0,-0.801144,-0.598472,-0.0680403,0.598472,-0.801144,-0.00985259,0,0,1,-0.801144,-0.598472,-0.0680403,0.598472,-0.801144,-0.00985259,0,0,1,0,0,0.0243068,0,0,0.0243068,0.0243068,0.0243068,0.00236328,-1.80114,0,-0.0340202,0,-1.80114,-0.00492629,-0.0340202,-0.00492629,0,-6.93E+11,0,-5.23E+09,0,-6.93E+11,-7.58E+08,-5.23E+09,-7.58E+08,-4.16E+11,9.88E+08,1.04E+08,-5.28E+09,1.04E+08,2.88E+08,-7.64E+08,-5.28E+09,-7.64E+08,6.36E+08,5.29E+09,5.33E+09,5.29E+09,-4.16E+11,6.36E+08,436.267,439.875,1.67E-12
0.01375,5.67232,0.5,0.0112633,-0.00788668,-0.0043036,0.0130592,-0.0155669,0.0209458,0,-0.801144,-0.598472,-0.0652958,0.598472,-0.801144,-0.021518,0,0,1,-0.801144,-0.598472,-0.0652958,0.598472,-0.801144,-0.021518,0,0,1,0,0,0.0197167,0,0,0.0281584,0.0197167,0.0281584,0.00236328,-1.80114,0,-0.0326479,0,-1.80114,-0.010759,-0.0326479,-0.010759,0,-6.93E+11,0,-5.02E+09,0,-6.93E+11,-1.66E+09,-5.02E+09,-1.66E+09,-4.16E+11,9.31E+08,2.17E+08,-5.06E+09,2.17E+08,3.44E+08,-1.67E+09,-5.06E+09,-1.67E+09,6.36E+08,5.29E+09,5.33E+09,5.29E+09,-4.16E+11,6.36E+08,436.267,439.875,1.29E-12
0.01375,5.84685,0.5,0.0124617,-0.005811,-0.00650591,0.0121134,-0.0189676,0.0179244,0,-0.801144,-0.598472,-0.0605672,0.598472,-0.801144,-0.0325296,0,0,1,-0.801144,-0.598472,-0.0605672,0.598472,-0.801144,-0.0325296,0,0,1,0,0,0.0145275,0,0,0.0311543,0.0145275,0.0311543,0.00236328,-1.80114,0,-0.0302836,0,-1.80114,-0.0162648,-0.0302836,-0.0162648,0,-6.93E+11,0,-4.66E+09,0,-6.93E+11,-2.50E+09,-4.66E+09,-2.50E+09,-4.16E+11,8.39E+08,3.04E+08,-4.70E+09,3.04E+08,4.36E+08,-2.52E+09,-4.70E+09,-2.52E+09,6.36E+08,5.29E+09,5.33E+09,5.29E+09,-4.16E+11,6.36E+08,436.267,439.875,1.68E-12
0.01375,6.02139,0.5,0.0132815,-0.00355876,-0.00851055,0.0107997,-0.021792,0.0143584,0,-0.801144,-0.598472,-0.0539984,0.598472,-0.801144,-0.0425528,0,0,1,-0.801144,-0.598472,-0.0539984,0.598472,-0.801144,-0.0425528,0,0,1,0,0,0.0088969,0,0,0.0332037,0.0088969,0.0332037,0.00236328,-1.80114,0,-0.0269992,0,-1.80114,-0.0212764,-0.0269992,-0.0212764,0,-6.93E+11,0,-4.15E+09,0,-6.93E+11,-3.27E+09,-4.15E+09,-3.27E+09,-4.16E+11,7.23E+08,3.55E+08,-4.19E+09,3.55E+08,5.52E+08,-3.30E+09,-4.19E+09,-3.30E+09,6.36E+08,5.29E+09,5.33E+09,5.29E+09,-4.16E+11,6.36E+08,436.267,439.875,1.62E-12
0.01375,6.19592,0.5,0.0136977,-0.00119839,-0.0102566,0.00915776,-0.0239543,0.0103562,0,-0.801144,-0.598472,-0.0457888,0.598472,-0.801144,-0.051283,0,0,1,-0.801144,-0.598472,-0.0457888,0.598472,-0.801144,-0.051283,0,0,1,0,0,0.00299598,0,0,0.0342442,0.00299598,0.0342442,0.00236328,-1.80114,0,-0.0228944,0,-1.80114,-0.0256415,-0.0228944,-0.0256415,0,-6.93E+11,0,-3.52E+09,0,-6.93E+11,-3.94E+09,-3.52E+09,-3.94E+09,-4.16E+11,5.97E+08,3.63E+08,-3.55E+09,3.63E+08,6.79E+08,-3.98E+09,-3.55E+09,-3.98E+09,6.36E+08,5.29E+09,5.33E+09,5.29E+09,-4.16E+11,6.36E+08,436.267,439.875,1.94E-12
0.01625,0.0872665,0.5,0.0161882,0.00141628,-0.0138166,0.00855352,-0.0300048,0.00713724,0,-0.801144,-0.598472,-0.0427676,0.598472,-0.801144,-0.0690832,0,0,1,-0.801144,-0.598472,-0.0427676,0.598472,-0.801144,-0.0690832,0,0,1,0,0,-0.0035407,0,0,0.0404704,-0.0035407,0.0404704,0.00330078,-1.80114,0,-0.0213838,0,-1.80114,-0.0345416,-0.0213838,-0.0345416,0,-6.93E+11,0,-3.29E+09,0,-6.93E+11,-5.31E+09,-3.29E+09,-5.31E+09,-4.16E+11,6.64E+08,4.57E+08,-3.33E+09,4.57E+08,1.12E+09,-5.38E+09,-3.33E+09,-5.38E+09,8.89E+08,6.25E+09,6.32E+09,6.25E+09,-4.16E+11,8.89E+08,720.119,728.438,1.65E-12
0.01625,0.261799,0.5,0.0156963,0.00420581,-0.015092,0.00602434,-0.0307883,0.00181853,0,-0.801144,-0.598472,-0.0301217,0.598472,-0.801144,-0.0754602,0,0,1,-0.801144,-0.598472,-0.0301217,0.598472,-0.801144,-0.0754602,0,0,1,0,0,-0.0105145,0,0,0.0392407,-0.0105145,0.0392407,0.00330078,-1.80114,0,-0.0150608,0,-1.80114,-0.0377301,-0.0150608,-0.0377301,0,-6.93E+11,0,-2.32E+09,0,-6.93E+11,-5.80E+09,-2.32E+09,-5.80E+09,-4.16E+11,5.21E+08,3.52E+08,-2.34E+09,3.52E+08,1.26E+09,-5.87E+09,-2.34E+09,-5.87E+09,8.89E+08,6.25E+09,6.32E+09,6.25E+09,-4.16E+11,8.89E+08,720.119,728.438,1.28E-12
0.01625,0.436332,0.5,0.0147275,0.00686755,-0.0159089,0.00331211,-0.0306364,-0.00355544,0,-0.801144,-0.598472,-0.0165605,0.598472,-0.801144,-0.0795444,0,0,1,-0.801144,-0.598472,-0.0165605,0.598472,-0.801144,-0.0795444,0,0,1,0,0,-0.0171689,0,0,0.0368188,-0.0171689,0.0368188,0.00330078,-1.80114,0,-0.00828027,0,-1.80114,-0.0397722,-0.00828027,-0.0397722,0,-6.93E+11,0,-1.27E+09,0,-6.93E+11,-6.12E+09,-1.27E+09,-6.12E+09,-4.16E+11,4.23E+08,2.04E+08,-1.29E+09,2.04E+08,1.36E+09,-6.19E+09,-1.29E+09,-6.19E+09,8.89E+08,6.25E+09,6.32E+09,6.25E+09,-4.16E+11,8.89E+08,720.119,728.438,2.72E-12
0.01625,0.610865,0.5,0.0133112,0.00932062,-0.0162423,0.000499242,-0.0295535,-0.00882138,0,-0.801144,-0.598472,-0.00249621,0.598472,-0.801144,-0.0812116,0,0,1,-0.801144,-0.598472,-0.00249621,0.598472,-0.801144,-0.0812116,0,0,1,0,0,-0.0233015,0,0,0.0332781,-0.0233015,0.0332781,0.00330078,-1.80114,0,-0.0012481,0,-1.80114,-0.0406058,-0.0012481,-0.0406058,0,-6.93E+11,0,-1.92E+08,0,-6.93E+11,-6.25E+09,-1.92E+08,-6.25E+09,-4.16E+11,3.82E+08,3.14E+07,-1.94E+08,3.14E+07,1.40E+09,-6.32E+09,-1.94E+08,-6.32E+09,8.89E+08,6.25E+09,6.32E+09,6.25E+09,-4.16E+11,8.89E+08,720.119,728.438,1.61E-12
0.01625,0.785398,0.5,0.0114905,0.0114905,-0.0160823,-0.00232879,-0.0275727,-0.0138193,0,-0.801144,-0.598472,0.011644,0.598472,-0.801144,-0.0804113,0,0,1,-0.801144,-0.598472,0.011644,0.598472,-0.801144,-0.0804113,0,0,1,0,0,-0.0287262,0,0,0.0287262,-0.0287262,0.0287262,0.00330078,-1.80114,0,0.00582198,0,-1.80114,-0.0402057,0.00582198,-0.0402057,0,-6.93E+11,0,8.96E+08,0,-6.93E+11,-6.19E+09,8.96E+08,-6.19E+09,-4.16E+11,4.02E+08,-1.45E+08,9.06E+08,-1.45E+08,1.38E+09,-6.26E+09,9.06E+08,-6.26E+09,8.89E+08,6.25E+09,6.32E+09,6.25E+09,-4.16E+11,8.89E+08,720.119,728.438,2.33E-12
0.01625,0.959931,0.5,0.00932062,0.0133112,-0.0154335,-0.00508607,-0.0247542,-0.0183973,0,-0.801144,-0.598472,0.0254303,0.598472,-0.801144,-0.0771677,0,0,1,-0.801144,-0.598472,0.0254303,0.598472,-0.801144,-0.0771677,0,0,1,0,0,-0.0332781,0,0,0.0233015,-0.0332781,0.0233015,0.00330078,-1.80114,0,0.0127152,0,-1.80114,-0.0385839,0.0127152,-0.0385839,0,-6.93E+11,0,1.96E+09,0,-6.93E+11,-5.94E+09,1.96E+09,-5.94E+09,-4.16E+11,4.81E+08,-3.04E+08,1.98E+09,-3.04E+08,1.30E+09,-6.00E+09,1.98E+09,-6.00E+09,8.89E+08,6.25E+09,6.32E+09,6.25E+09,-4.16E+11,8.89E+08,720.119,728.438,1.37E-12
0.01625,1.13446,0.5,0.00686755,0.0147275,-0.0143159,-0.00768881,-0.0211834,-0.0224163,0,-0.801144,-0.598472,0.038444,0.598472,-0.801144,-0.0715795,0,0,1,-0.801144,-0.598472,0.038444,0.598472,-0.801144,-0.0715795,0,0,1,0,0,-0.0368188,0,0,0.0171689,-0.0368188,0.0171689,0.00330078,-1.80114,0,0.019222,0,-1.80114,-0.0357897,0.019222,-0.0357897,0,-6.93E+11,0,2.96E+09,0,-6.93E+11,-5.51E+09,2.96E+09,-5.51E+09,-4.16E+11,6.10E+08,-4.26E+08,2.99E+09,-4.26E+08,1.17E+09,-5.57E+09,2.99E+09,-5.57E+09,8.89E+08,6.25E+09,6.32E+09,6.25E+09,-4.16E+11,8.89E+08,720.119,728.438,1.79E-12
0.01625,1.309,0.5,0.00420581,0.0156963,-0.0127633,-0.0100579,-0.0169691,-0.0257542,0,-0.801144,-0.598472,0.0502896,0.598472,-0.801144,-0.0638163,0,0,1,-0.801144,-0.598472,0.0502896,0.598472,-0.801144,-0.0638163,0,0,1,0,0,-0.0392407,0,0,0.0105145,-0.0392407,0.0105145,0.00330078,-1.80114,0,0.0251448,0,-1.80114,-0.0319081,0.0251448,-0.0319081,0,-6.93E+11,0,3.87E+09,0,-6.93E+11,-4.91E+09,3.87E+09,-4.91E+09,-4.16E+11,7.72E+08,-4.97E+08,3.91E+09,-4.97E+08,1.01E+09,-4.97E+09,3.91E+09,-4.97E+09,8.89E+08,6.25E+09,6.32E+09,6.25E+09,-4.16E+11,8.89E+08,720.119,728.438,2.20E-12
0.01625,1.48353,0.5,0.00141628,0.0161882,-0.0108228,-0.0121214,-0.0122391,-0.0283096,0,-0.801144,-0.598472,0.0606072,0.598472,-0.801144,-0.054114,0,0,1,-0.801144,-0.598472,0.0606072,0.598472,-0.801144,-0.054114,0,0,1,0,0,-0.0404704,0,0,0.0035407,-0.0404704,0.0035407,0.00330078,-1.80114,0,0.0303036,0,-1.80114,-0.027057,0.0303036,-0.027057,0,-6.93E+11,0,4.66E+09,0,-6.93E+11,-4.16E+09,4.66E+09,-4.16E+09,-4.16E+11,9.49E+08,-5.07E+08,4.72E+09,-5.07E+08,8.34E+08,-4.21E+09,4.72E+09,-4.21E+09,8.89E+08,6.25E+09,6.32E+09,6.25E+09,-4.16E+11,8.89E+08,720.119,728.438,1.74E-12
0.01625,1.65806,0.5,-0.00141628,0.0161882,-0.00855352,-0.0138166,-0.00713724,-0.0300048,0,-0.801144,-0.598472,0.0690832,0.598472,-0.801144,-0.0427676,0,0,1,-0.801144,-0.598472,0.0690832,0.598472,-0.801144,-0.0427676,0,0,1,0,0,-0.0404704,0,0,-0.0035407,-0.0404704,-0.0035407,0.00330078,-1.80114,0,0.0345416,0,-1.80114,-0.0213838,0.0345416,-0.0213838,0,-6.93E+11,0,5.31E+09,0,-6.93E+11,-3.29E+09,5.31E+09,-3.29E+09,-4.16E+11,1.12E+09,-4.57E+08,5.38E+09,-4.57E+08,6.64E+08,-3.33E+09,5.38E+09,-3.33E+09,8.89E+08,6.25E+09,6.32E+09,6.25E+09,-4.16E+11,8.89E+08,720.119,728.438,1.65E-12
0.01625,1.8326,0.5,-0.00420581,0.0156963,-0.00602434,-0.015092,-0.00181853,-0.0307883,0,-0.801144,-0.598472,0.0754602,0.598472,-0.801144,-0.0301217,0,0,1,-0.801144,-0.598472,0.0754602,0.598472,-0.801144,-0.0301217,0,0,1,0,0,-0.0392407,0,0,-0.0105145,-0.0392407,-0.0105145,0.00330078,-1.80114,0,0.0377301,0,-1.80114,-0.0150608,0.0377301,-0.0150608,0,-6.93E+11,0,5.80E+09,0,-6.93E+11,-2.32E+09,5.80E+09,-2.32E+09,-4.16E+11,1.26E+09,-3.52E+08,5.87E+09,-3.52E+08,5.21E+08,-2.34E+09,5.87E+09,-2.34E+09,8.89E+08,6.25E+09,6.32E+09,6.25E+09,-4.16E+11,8.89E+08,720.119,728.438,1.67E-12
0.01625,2.00713,0.5,-0.00686755,0.0147275,-0.00331211,-0.0159089,0.00355544,-0.0306364,0,-0.801144,-0.598472,0.0795444,0.598472,-0.801144,-0.0165605,0,0,1,-0.801144,-0.598472,0.0795444,0.598472,-0.801144,-0.0165605,0,0,1,0,0,-0.0368188,0,0,-0.0171689,-0.0368188,-0.0171689,0.00330078,-1.80114,0,0.0397722,0,-1.80114,-0.00828027,0.0397722,-0.00828027,0,-6.93E+11,0,6.12E+09,0,-6.93E+11,-1.27E+09,6.12E+09,-1.27E+09,-4.16E+11,1.36E+09,-2.04E+08,6.19E+09,-2.04E+08,4.23E+08,-1.29E+09,6.19E+09,-1.29E+09,8.89E+08,6.25E+09,6.32E+09,6.25E+09,-4.16E+11,8.89E+08,720.119,728.438,2.23E-12
0.01625,2.18166,0.5,-0.00932062,0.0133112,-0.000499242,-0.0162423,0.00882138,-0.0295535,0,-0.801144,-0.598472,0.0812116,0.598472,-0.801144,-0.00249621,0,0,1,-0.801144,-0.598472,0.0812116,0.598472,-0.801144,-0.00249621,0,0,1,0,0,-0.0332781,0,0,-0.0233015,-0.0332781,-0.0233015,0.00330078,-1.80114,0,0.0406058,0,-1.80114,-0.0012481,0.0406058,-0.0012481,0,-6.93E+11,0,6.25E+09,0,-6.93E+11,-1.92E+08,6.25E+09,-1.92E+08,-4.16E+11,1.40E+09,-3.14E+07,6.32E+09,-3.14E+07,3.82E+08,-1.94E+08,6.32E+09,-1.94E+08,8.89E+08,6.25E+09,6.32E+09,6.25E+09,-4.16E+11,8.89E+08,720.119,728.438,3.18E-12
0.01625,2.35619,0.5,-0.0114905,0.0114905,0.00232879,-0.0160823,0.0138193,-0.0275727,0,-0.801144,-0.598472,0.0804113,0.598472,-0.801144,0.011644,0,0,1,-0.801144,-0.598472,0.0804113,0.598472,-0.801144,0.011644,0,0,1,0,0,-0.0287262,0,0,-0.0287262,-0.0287262,-0.0287262,0.00330078,-1.80114,0,0.0402057,0,-1.80114,0.00582198,0.0402057,0.00582198,0,-6.93E+11,0,6.19E+09,0,-6.93E+11,8.96E+08,6.19E+09,8.96E+08,-4.16E+11,1.38E+09,1.45E+08,6.26E+09,1.45E+08,4.02E+08,9.06E+08,6.26E+09,9.06E+08,8.89E+08,6.25E+09,6.32E+09,6.25E+09,-4.16E+11,8.89E+08,720.119,728.438,2.33E-12
0.01625,2.53073,0.5,-0.0133112,0.00932062,0.00508607,-0.0154335,0.0183973,-0.0247542,0,-0.801144,-0.598472,0.0771677,0.598472,-0.801144,0.0254303,0,0,1,-0.801144,-0.598472,0.0771677,0.598472,-0.801144,0.0254303,0,0,1,0,0,-0.0233015,0,0,-0.0332781,-0.0233015,-0.0332781,0.00330078,-1.80114,0,0.0385839,0,-1.80114,0.0127152,0.0385839,0.0127152,0,-6.93E+11,0,5.94E+09,0,-6.93E+11,1.96E+09,5.94E+09,1.96E+09,-4.16E+11,1.30E+09,3.04E+08,6.00E+09,3.04E+08,4.81E+08,1.98E+09,6.00E+09,1.98E+09,8.89E+08,6.25E+09,6.32E+09,6.25E+09,-4.16E+11,8.89E+08,720.119,728.438,2.49E-12
0.01625,2.70526,0.5,-0.0147275,0.00686755,0.00768881,-0.0143159,0.0224163,-0.0211834,0,-0.801144,-0.598472,0.0715795,0.598472,-0.801144,0.038444,0,0,1,-0.801144,-0.598472,0.0715795,0.598472,-0.801144,0.038444,0,0,1,0,0,-0.0171689,0,0,-0.0368188,-0.0171689,-0.0368188,0.00330078,-1.80114,0,0.0357897,0,-1.80114,0.019222,0.0357897,0.019222,0,-6.93E+11,0,5.51E+09,0,-6.93E+11,2.96E+09,5.51E+09,2.96E+09,-4.16E+11,1.17E+09,4.26E+08,5.57E+09,4.26E+08,6.10E+08,2.99E+09,5.57E+09,2.99E+09,8.89E+08,6.25E+09,6.32E+09,6.25E+09,-4.16E+11,8.89E+08,720.119,728.438,2.38E-12
0.01625,2.87979,0.5,-0.0156963,0.00420581,0.0100579,-0.0127633,0.0257542,-0.0169691,0,-0.801144,-0.598472,0.0638163,0.598472,-0.801144,0.0502896,0,0,1,-0.801144,-0.598472,0.0638163,0.598472,-0.801144,0.0502896,0,0,1,0,0,-0.0105145,0,0,-0.0392407,-0.0105145,-0.0392407,0.00330078,-1.80114,0,0.0319081,0,-1.80114,0.0251448,0.0319081,0.0251448,0,-6.93E+11,0,4.91E+09,0,-6.93E+11,3.87E+09,4.91E+09,3.87E+09,-4.16E+11,1.01E+09,4.97E+08,4.97E+09,4.97E+08,7.72E+08,3.91E+09,4.97E+09,3.91E+09,8.89E+08,6.25E+09,6.32E+09,6.25E+09,-4.16E+11,8.89E+08,720.119,728.438,1.80E-12
0.01625,3.05433,0.5,-0.0161882,0.00141628,0.0121214,-0.0108228,0.0283096,-0.0122391,0,-0.801144,-0.598472,0.054114,0.598472,-0.801144,0.0606072,0,0,1,-0.801144,-0.598472,0.054114,0.598472,-0.801144,0.0606072,0,0,1,0,0,-0.0035407,0,0,-0.0404704,-0.0035407,-0.0404704,0.00330078,-1.80114,0,0.027057,0,-1.80114,0.0303036,0.027057,0.0303036,0,-6.93E+11,0,4.16E+09,0,-6.93E+11,4.66E+09,4.16E+09,4.66E+09,-4.16E+11,8.34E+08,5.07E+08,4.21E+09,5.07E+08,9.49E+08,4.72E+09,4.21E+09,4.72E+09,8.89E+08,6.25E+09,6.32E+09,6.25E+09,-4.16E+11,8.89E+08,720.119,728.438,1.72E-12
0.01625,3.22886,0.5,-0.0161882,-0.00141628,0.0138166,-0.00855352,0.0300048,-0.00713724,0,-0.801144,-0.598472,0.0427676,0.598472,-0.801144,0.0690832,0,0,1,-0.801144,-0.598472,0.0427676,0.598472,-0.801144,0.0690832,0,0,1,0,0,0.0035407,0,0,-0.0404704,0.0035407,-0.0404704,0.00330078,-1.80114,0,0.0213838,0,-1.80114,0.0345416,0.0213838,0.0345416,0,-6.93E+11,0,3.29E+09,0,-6.93E+11,5.31E+09,3.29E+09,5.31E+09,-4.16E+11,6.64E+08,4.57E+08,3.33E+09,4.57E+08,1.12E+09,5.38E+09,3.33E+09,5.38E+09,8.89E+08,6.25E+09,6.32E+09,6.25E+09,-4.16E+11,8.89E+08,720.119,728.438,1.67E-12
0.01625,3.40339,0.5,-0.0156963,-0.00420581,0.015092,-0.00602434,0.0307883,-0.00181853,0,-0.801144,-0.598472,0.0301217,0.598472,-0.801144,0.0754602,0,0,1,-0.801144,-0.598472,0.0301217,0.598472,-0.801144,0.0754602,0,0,1,0,0,0.0105145,0,0,-0.0392407,0.0105145,-0.0392407,0.00330078,-1.80114,0,0.0150608,0,-1.80114,0.0377301,0.0150608,0.0377301,0,-6.93E+11,0,2.32E+09,0,-6.93E+11,5.80E+09,2.32E+09,5.80E+09,-4.16E+11,5.21E+08,3.52E+08,2.34E+09,3.52E+08,1.26E+09,5.87E+09,2.34E+09,5.87E+09,8.89E+08,6.25E+09,6.32E+09,6.25E+09,-4.16E+11,8.89E+08,720.119,728.438,1.76E-12
0.01625,3.57792,0.5,-0.0147275,-0.00686755,0.0159089,-0.00331211,0.0306364,0.00355544,0,-0.801144,-0.598472,0.0165605,0.598472,-0.801144,0.0795444,0,0,1,-0.801144,-0.598472,0.0165605,0.598472,-0.801144,0.0795444,0,0,1,0,0,0.0171689,0,0,-0.0368188,0.0171689,-0.0368188,0.00330078,-1.80114,0,0.00828027,0,-1.80114,0.0397722,0.00828027,0.0397722,0,-6.93E+11,0,1.27E+09,0,-6.93E+11,6.12E+09,1.27E+09,6.12E+09,-4.16E+11,4.23E+08,2.04E+08,1.29E+09,2.04E+08,1.36E+09,6.19E+09,1.29E+09,6.19E+09,8.89E+08,6.25E+09,6.32E+09,6.25E+09,-4.16E+11,8.89E+08,720.119,728.438,2.23E-12
0.01625,3.75246,0.5,-0.0133112,-0.00932062,0.0162423,-0.000499242,0.0295535,0.00882138,0,-0.801144,-0.598472,0.00249621,0.598472,-0.801144,0.0812116,0,0,1,-0.801144,-0.598472,0.00249621,0.598472,-0.801144,0.0812116,0,0,1,0,0,0.0233015,0,0,-0.0332781,0.0233015,-0.0332781,0.00330078,-1.80114,0,0.0012481,0,-1.80114,0.0406058,0.0012481,0.0406058,0,-6.93E+11,0,1.92E+08,0,-6.93E+11,6.25E+09,1.92E+08,6.25E+09,-4.16E+11,3.82E+08,3.14E+07,1.94E+08,3.14E+07,1.40E+09,6.32E+09,1.94E+08,6.32E+09,8.89E+08,6.25E+09,6.32E+09,6.25E+09,-4.16E+11,8.89E+08,720.119,728.438,3.18E-12
0.01625,3.92699,0.5,-0.0114905,-0.0114905,0.0160823,0.00232879,0.0275727,0.0138193,0,-0.801144,-0.598472,-0.011644,0.598472,-0.801144,0.0804113,0,0,1,-0.801144,-0.598472,-0.011644,0.598472,-0.801144,0.0804113,0,0,1,0,0,0.0287262,0,0,-0.0287262,0.0287262,-0.0287262,0.00330078,-1.80114,0,-0.00582198,0,-1.80114,0.0402057,-0.00582198,0.0402057,0,-6.93E+11,0,-8.96E+08,0,-6.93E+11,6.19E+09,-8.96E+08,6.19E+09,-4.16E+11,4.02E+08,-1.45E+08,-9.06E+08,-1.45E+08,1.38E+09,6.26E+09,-9.06E+08,6.26E+09,8.89E+08,6.25E+09,6.32E+09,6.25E+09,-4.16E+11,8.89E+08,720.119,728.438,1.55E-12
0.01625,4.10152,0.5,-0.00932062,-0.0133112,0.0154335,0.00508607,0.0247542,0.0183973,0,-0.801144,-0.598472,-0.0254303,0.598472,-0.801144,0.0771677,0,0,1,-0.801144,-0.598472,-0.0254303,0.598472,-0.801144,0.0771677,0,0,1,0,0,0.0332781,0,0,-0.0233015,0.0332781,-0.0233015,0.00330078,-1.80114,0,-0.0127152,0,-1.80114,0.0385839,-0.0127152,0.0385839,0,-6.93E+11,0,-1.96E+09,0,-6.93E+11,5.94E+09,-1.96E+09,5.94E+09,-4.16E+11,4.81E+08,-3.04E+08,-1.98E+09,-3.04E+08,1.30E+09,6.00E+09,-1.98E+09,6.00E+09,8.89E+08,6.25E+09,6.32E+09,6.25E+09,-4.16E+11,8.89E+08,720.119,728.438,2.49E-12
0.01625,4.27606,0.5,-0.00686755,-0.0147275,0.0143159,0.00768881,0.0211834,0.0224163,0,-0.801144,-0.598472,-0.038444,0.598472,-0.801144,0.0715795,0,0,1,-0.801144,-0.598472,-0.038444,0.598472,-0.801144,0.0715795,0,0,1,0,0,0.0368188,0,0,-0.0171689,0.0368188,-0.0171689,0.00330078,-1.80114,0,-0.019222,0,-1.80114,0.0357897,-0.019222,0.0357897,0,-6.93E+11,0,-2.96E+09,0,-6.93E+11,5.51E+09,-2.96E+09,5.51E+09,-4.16E+11,6.10E+08,-4.26E+08,-2.99E+09,-4.26E+08,1.17E+09,5.57E+09,-2.99E+09,5.57E+09,8.89E+08,6.25E+09,6.32E+09,6.25E+09,-4.16E+11,8.89E+08,720.119,728.438,1.34E-12
0.01625,4.45059,0.5,-0.00420581,-0.0156963,0.0127633,0.0100579,0.0169691,0.0257542,0,-0.801144,-0.598472,-0.0502896,0.598472,-0.801144,0.0638163,0,0,1,-0.801144,-0.598472,-0.0502896,0.598472,-0.801144,0.0638163,0,0,1,0,0,0.0392407,0,0,-0.0105145,0.0392407,-0.0105145,0.00330078,-1.80114,0,-0.0251448,0,-1.80114,0.0319081,-0.0251448,0.0319081,0,-6.93E+11,0,-3.87E+09,0,-6.93E+11,4.91E+09,-3.87E+09,4.91E+09,-4.16E+11,7.72E+08,-4.97E+08,-3.91E+09,-4.97E+08,1.01E+09,4.97E+09,-3.91E+09,4.97E+09,8.89E+08,6.25E+09,6.32E+09,6.25E+09,-4.16E+11,8.89E+08,720.119,728.438,1.83E-12
0.01625,4.62512,0.5,-0.00141628,-0.0161882,0.0108228,0.0121214,0.0122391,0.0283096,0,-0.801144,-0.598472,-0.0606072,0.598472,-0.801144,0.054114,0,0,1,-0.801144,-0.598472,-0.0606072,0.598472,-0.801144,0.054114,0,0,1,0,0,0.0404704,0,0,-0.0035407,0.0404704,-0.0035407,0.00330078,-1.80114,0,-0.0303036,0,-1.80114,0.027057,-0.0303036,0.027057,0,-6.93E+11,0,-4.66E+09,0,-6.93E+11,4.16E+09,-4.66E+09,4.16E+09,-4.16E+11,9.49E+08,-5.07E+08,-4.72E+09,-5.07E+08,8.34E+08,4.21E+09,-4.72E+09,4.21E+09,8.89E+08,6.25E+09,6.32E+09,6.25E+09,-4.16E+11,8.89E+08,720.119,728.438,1.79E-12
0.01625,4.79966,0.5,0.00141628,-0.0161882,0.00855352,0.0138166,0.00713724,0.0300048,0,-0.801144,-0.598472,-0.0690832,0.598472,-0.801144,0.0427676,0,0,1,-0.801144,-0.598472,-0.0690832,0.598472,-0.801144,0.0427676,0,0,1,0,0,0.0404704,0,0,0.0035407,0.0404704,0.0035407,0.00330078,-1.80114,0,-0.0345416,0,-1.80114,0.0213838,-0.0345416,0.0213838,0,-6.93E+11,0,-5.31E+09,0,-6.93E+11,3.29E+09,-5.31E+09,3.29E+09,-4.16E+11,1.12E+09,-4.57E+08,-5.38E+09,-4.57E+08,6.64E+08,3.33E+09,-5.38E+09,3.33E+09,8.89E+08,6.25E+09,6.32E+09,6.25E+09,-4.16E+11,8.89E+08,720.119,728.438,1.70E-12
0.01625,4.97419,0.5,0.00420581,-0.0156963,0.00602434,0.015092,0.00181853,0.0307883,0,-0.801144,-0.598472,-0.0754602,0.598472,-0.801144,0.0301217,0,0,1,-0.801144,-0.598472,-0.0754602,0.598472,-0.801144,0.0301217,0,0,1,0,0,0.0392407,0,0,0.0105145,0.0392407,0.0105145,0.00330078,-1.80114,0,-0.0377301,0,-1.80114,0.0150608,-0.0377301,0.0150608,0,-6.93E+11,0,-5.80E+09,0,-6.93E+11,2.32E+09,-5.80E+09,2.32E+09,-4.16E+11,1.26E+09,-3.52E+08,-5.87E+09,-3.52E+08,5.21E+08,2.34E+09,-5.87E+09,2.34E+09,8.89E+08,6.25E+09,6.32E+09,6.25E+09,-4.16E+11,8.89E+08,720.119,728.438,1.92E-12
0.01625,5.14872,0.5,0.00686755,-0.0147275,0.00331211,0.0159089,-0.00355544,0.0306364,0,-0.801144,-0.598472,-0.0795444,0.598472,-0.801144,0.0165605,0,0,1,-0.801144,-0.598472,-0.0795444,0.598472,-0.801144,0.0165605,0,0,1,0,0,0.0368188,0,0,0.0171689,0.0368188,0.0171689,0.00330078,-1.80114,0,-0.0397722,0,-1.80114,0.00828027,-0.0397722,0.00828027,0,-6.93E+11,0,-6.12E+09,0,-6.93E+11,1.27E+09,-6.12E+09,1.27E+09,-4.16E+11,1.36E+09,-2.04E+08,-6.19E+09,-2.04E+08,4.23E+08,1.29E+09,-6.19E+09,1.29E+09,8.89E+08,6.25E+09,6.32E+09,6.25E+09,-4.16E+11,8.89E+08,720.119,728.438,1.37E-12
0.01625,5.32325,0.5,0.00932062,-0.0133112,0.000499242,0.0162423,-0.00882138,0.0295535,0,-0.801144,-0.598472,-0.0812116,0.598472,-0.801144,0.00249621,0,0,1,-0.801144,-0.598472,-0.0812116,0.598472,-0.801144,0.00249621,0,0,1,0,0,0.0332781,0,0,0.0233015,0.0332781,0.0233015,0.00330078,-1.80114,0,-0.0406058,0,-1.80114,0.0012481,-0.0406058,0.0012481,0,-6.93E+11,0,-6.25E+09,0,-6.93E+11,1.92E+08,-6.25E+09,1.92E+08,-4.16E+11,1.40E+09,-3.14E+07,-6.32E+09,-3.14E+07,3.82E+08,1.94E+08,-6.32E+09,1.94E+08,8.89E+08,6.25E+09,6.32E+09,6.25E+09,-4.16E+11,8.89E+08,720.119,728.438,1.61E-12
0.01625,5.49779,0.5,0.0114905,-0.0114905,-0.00232879,0.0160823,-0.0138193,0.0275727,0,-0.801144,-0.598472,-0.0804113,0.598472,-0.801144,-0.011644,0,0,1,-0.801144,-0.598472,-0.0804113,0.598472,-0.801144,-0.011644,0,0,1,0,0,0.0287262,0,0,0.0287262,0.0287262,0.0287262,0.00330078,-1.80114,0,-0.0402057,0,-1.80114,-0.00582198,-0.0402057,-0.00582198,0,-6.93E+11,0,-6.19E+09,0,-6.93E+11,-8.96E+08,-6.19E+09,-8.96E+08,-4.16E+11,1.38E+09,1.45E+08,-6.26E+09,1.45E+08,4.02E+08,-9.06E+08,-6.26E+09,-9.06E+08,8.89E+08,6.25E+09,6.32E+09,6.25E+09,-4.16E+11,8.89E+08,720.119,728.438,2.97E-12
0.01625,5.67232,0.5,0.0133112,-0.00932062,-0.00508607,0.0154335,-0.0183973,0.0247542,0,-0.801144,-0.598472,-0.0771677,0.598472,-0.801144,-0.0254303,0,0,1,-0.801144,-0.598472,-0.0771677,0.598472,-0.801144,-0.0254303,0,0,1,0,0,0.0233015,0,0,0.0332781,0.0233015,0.0332781,0.00330078,-1.80114,0,-0.0385839,0,-1.80114,-0.0127152,-0.0385839,-0.0127152,0,-6.93E+11,0,-5.94E+09,0,-6.93E+11,-1.96E+09,-5.94E+09,-1.96E+09,-4.16E+11,1.30E+09,3.04E+08,-6.00E+09,3.04E+08,4.81E+08,-1.98E+09,-6.00E+09,-1.98E+09,8.89E+08,6.25E+09,6.32E+09,6.25E+09,-4.16E+11,8.89E+08,720.119,728.438,2.46E-12
0.01625,5.84685,0.5,0.0147275,-0.00686755,-0.00768881,0.0143159,-0.0224163,0.0211834,0,-0.801144,-0.598472,-0.0715795,0.598472,-0.801144,-0.038444,0,0,1,-0.801144,-0.598472,-0.0715795,0.598472,-0.801144,-0.038444,0,0,1,0,0,0.0171689,0,0,0.0368188,0.0171689,0.0368188,0.00330078,-1.80114,0,-0.0357897,0,-1.80114,-0.019222,-0.0357897,-0.019222,0,-6.93E+11,0,-5.51E+09,0,-6.93E+11,-2.96E+09,-5.51E+09,-2.96E+09,-4.16E+11,1.17E+09,4.26E+08,-5.57E+09,4.26E+08,6.10E+08,-2.99E+09,-5.57E+09,-2.99E+09,8.89E+08,6.25E+09,6.32E+09,6.25E+09,-4.16E+11,8.89E+08,720.119,728.438,1.29E-12
0.01625,6.02139,0.5,0.0156963,-0.00420581,-0.0100579,0.0127633,-0.0257542,0.0169691,0,-0.801144,-0.598472,-0.0638163,0.598472,-0.801144,-0.0502896,0,0,1,-0.801144,-0.598472,-0.0638163,0.598472,-0.801144,-0.0502896,0,0,1,0,0,0.0105145,0,0,0.0392407,0.0105145,0.0392407,0.00330078,-1.80114,0,-0.0319081,0,-1.80114,-0.0251448,-0.0319081,-0.0251448,0,-6.93E+11,0,-4.91E+09,0,-6.93E+11,-3.87E+09,-4.91E+09,-3.87E+09,-4.16E+11,1.01E+09,4.97E+08,-4.97E+09,4.97E+08,7.72E+08,-3.91E+09,-4.97E+09,-3.91E+09,8.89E+08,6.25E+09,6.32E+09,6.25E+09,-4.16E+11,8.89E+08,720.119,728.438,1.38E-12
0.01625,6.19592,0.5,0.0161882,-0.00141628,-0.0121214,0.0108228,-0.0283096,0.0122391,0,-0.801144,-0.598472,-0.054114,0.598472,-0.801144,-0.0606072,0,0,1,-0.801144,-0.598472,-0.054114,0.598472,-0.801144,-0.0606072,0,0,1,0,0,0.0035407,0,0,0.0404704,0.0035407,0.0404704,0.00330078,-1.80114,0,-0.027057,0,-1.80114,-0.0303036,-0.027057,-0.0303036,0,-6.93E+11,0,-4.16E+09,0,-6.93E+11,-4.66E+09,-4.16E+09,-4.66E+09,-4.16E+11,8.34E+08,5.07E+08,-4.21E+09,5.07E+08,9.49E+08,-4.72E+09,-4.21E+09,-4.72E+09,8.89E+08,6.25E+09,6.32E+09,6.25E+09,-4.16E+11,8.89E+08,720.119,728.438,1.72E-12
0.01875,0.0872665,0.5,0.0186787,0.00163417,-0.0159423,0.00986945,-0.0346209,0.00823528,0,-0.801144,-0.598472,-0.0493472,0.598472,-0.801144,-0.0797114,0,0,1,-0.801144,-0.598472,-0.0493472,0.598472,-0.801144,-0.0797114,0,0,1,0,0,-0.00408543,0,0,0.0466966,-0.00408543,0.0466966,0.00439453,-1.80114,0,-0.0246736,0,-1.80114,-0.0398557,-0.0246736,-0.0398557,0,-6.93E+11,0,-3.80E+09,0,-6.93E+11,-6.13E+09,-3.80E+09,-6.13E+09,-4.16E+11,8.85E+08,6.10E+08,-3.85E+09,6.10E+08,1.49E+09,-6.23E+09,-3.85E+09,-6.23E+09,1.18E+09,7.21E+09,7.32E+09,7.21E+09,-4.16E+11,1.18E+09,1106.24,1123.25,2.22E-12
0.01875,0.261799,0.5,0.0181111,0.00485286,-0.0174139,0.00695116,-0.035525,0.0020983,0,-0.801144,-0.598472,-0.0347558,0.598472,-0.801144,-0.0870695,0,0,1,-0.801144,-0.598472,-0.0347558,0.598472,-0.801144,-0.0870695,0,0,1,0,0,-0.0121321,0,0,0.0452778,-0.0121321,0.0452778,0.00439453,-1.80114,0,-0.0173779,0,-1.80114,-0.0435347,-0.0173779,-0.0435347,0,-6.93E+11,0,-2.67E+09,0,-6.93E+11,-6.70E+09,-2.67E+09,-6.70E+09,-4.16E+11,6.94E+08,4.69E+08,-2.71E+09,4.69E+08,1.68E+09,-6.80E+09,-2.71E+09,-6.80E+09,1.18E+09,7.21E+09,7.32E+09,7.21E+09,-4.16E+11,1.18E+09,1106.24,1123.25,1.30E-12
0.01875,0.436332,0.5,0.0169933,0.00792409,-0.0183564,0.00382166,-0.0353497,-0.00410243,0,-0.801144,-0.598472,-0.0191083,0.598472,-0.801144,-0.091782,0,0,1,-0.801144,-0.598472,-0.0191083,0.598472,-0.801144,-0.091782,0,0,1,0,0,-0.0198102,0,0,0.0424832,-0.0198102,0.0424832,0.00439453,-1.80114,0,-0.00955416,0,-1.80114,-0.045891,-0.00955416,-0.045891,0,-6.93E+11,0,-1.47E+09,0,-6.93E+11,-7.06E+09,-1.47E+09,-7.06E+09,-4.16E+11,5.64E+08,2.72E+08,-1.49E+09,2.72E+08,1.81E+09,-7.17E+09,-1.49E+09,-7.17E+09,1.18E+09,7.21E+09,7.32E+09,7.21E+09,-4.16E+11,1.18E+09,1106.24,1123.25,1.75E-12
0.01875,0.610865,0.5,0.0153591,0.0107546,-0.0187411,0.000576048,-0.0341002,-0.0101785,0,-0.801144,-0.598472,-0.00288024,0.598472,-0.801144,-0.0937057,0,0,1,-0.801144,-0.598472,-0.00288024,0.598472,-0.801144,-0.0937057,0,0,1,0,0,-0.0268864,0,0,0.0383978,-0.0268864,0.0383978,0.00439453,-1.80114,0,-0.00144012,0,-1.80114,-0.0468529,-0.00144012,-0.0468529,0,-6.93E+11,0,-2.22E+08,0,-6.93E+11,-7.21E+09,-2.22E+08,-7.21E+09,-4.16E+11,5.08E+08,4.18E+07,-2.25E+08,4.18E+07,1.87E+09,-7.32E+09,-2.25E+08,-7.32E+09,1.18E+09,7.21E+09,7.32E+09,7.21E+09,-4.16E+11,1.18E+09,1106.24,1123.25,1.87E-12
0.01875,0.785398,0.5,0.0132583,0.0132583,-0.0185565,-0.00268707,-0.0318147,-0.0159453,0,-0.801144,-0.598472,0.0134353,0.598472,-0.801144,-0.0927823,0,0,1,-0.801144,-0.598472,0.0134353,0.598472,-0.801144,-0.0927823,0,0,1,0,0,-0.0331456,0,0,0.0331456,-0.0331456,0.0331456,0.00439453,-1.80114,0,0.00671767,0,-1.80114,-0.0463911,0.00671767,-0.0463911,0,-6.93E+11,0,1.03E+09,0,-6.93E+11,-7.14E+09,1.03E+09,-7.14E+09,-4.16E+11,5.35E+08,-1.93E+08,1.05E+09,-1.93E+08,1.84E+09,-7.25E+09,1.05E+09,-7.25E+09,1.18E+09,7.21E+09,7.32E+09,7.21E+09,-4.16E+11,1.18E+09,1106.24,1123.25,2.35E-12
0.01875,0.959931,0.5,0.0107546,0.0153591,-0.0178079,-0.00586854,-0.0285625,-0.0212276,0,-0.801144,-0.598472,0.0293427,0.598472,-0.801144,-0.0890397,0,0,1,-0.801144,-0.598472,0.0293427,0.598472,-0.801144,-0.0890397,0,0,1,0,0,-0.0383978,0,0,0.0268864,-0.0383978,0.0268864,0.00439453,-1.80114,0,0.0146714,0,-1.80114,-0.0445198,0.0146714,-0.0445198,0,-6.93E+11,0,2.26E+09,0,-6.93E+11,-6.85E+09,2.26E+09,-6.85E+09,-4.16E+11,6.41E+08,-4.05E+08,2.29E+09,-4.05E+08,1.74E+09,-6.95E+09,2.29E+09,-6.95E+09,1.18E+09,7.21E+09,7.32E+09,7.21E+09,-4.16E+11,1.18E+09,1106.24,1123.25,2.02E-12
0.01875,1.13446,0.5,0.00792409,0.0169933,-0.0165183,-0.0088717,-0.0244424,-0.025865,0,-0.801144,-0.598472,0.0443585,0.598472,-0.801144,-0.0825917,0,0,1,-0.801144,-0.598472,0.0443585,0.598472,-0.801144,-0.0825917,0,0,1,0,0,-0.0424832,0,0,0.0198102,-0.0424832,0.0198102,0.00439453,-1.80114,0,0.0221793,0,-1.80114,-0.0412958,0.0221793,-0.0412958,0,-6.93E+11,0,3.41E+09,0,-6.93E+11,-6.35E+09,3.41E+09,-6.35E+09,-4.16E+11,8.12E+08,-5.68E+08,3.46E+09,-5.68E+08,1.56E+09,-6.45E+09,3.46E+09,-6.45E+09,1.18E+09,7.21E+09,7.32E+09,7.21E+09,-4.16E+11,1.18E+09,1106.24,1123.25,2.14E-12
0.01875,1.309,0.5,0.00485286,0.0181111,-0.0147268,-0.0116053,-0.0195797,-0.0297164,0,-0.801144,-0.598472,0.0580265,0.598472,-0.801144,-0.0736341,0,0,1,-0.801144,-0.598472,0.0580265,0.598472,-0.801144,-0.0736341,0,0,1,0,0,-0.0452778,0,0,0.0121321,-0.0452778,0.0121321,0.00439453,-1.80114,0,0.0290132,0,-1.80114,-0.0368171,0.0290132,-0.0368171,0,-6.93E+11,0,4.46E+09,0,-6.93E+11,-5.66E+09,4.46E+09,-5.66E+09,-4.16E+11,1.03E+09,-6.62E+08,4.53E+09,-6.62E+08,1.35E+09,-5.75E+09,4.53E+09,-5.75E+09,1.18E+09,7.21E+09,7.32E+09,7.21E+09,-4.16E+11,1.18E+09,1106.24,1123.25,1.34E-12
0.01875,1.48353,0.5,0.00163417,0.0186787,-0.0124879,-0.0139863,-0.014122,-0.0326649,0,-0.801144,-0.598472,0.0699314,0.598472,-0.801144,-0.0624393,0,0,1,-0.801144,-0.598472,0.0699314,0.598472,-0.801144,-0.0624393,0,0,1,0,0,-0.0466966,0,0,0.00408543,-0.0466966,0.00408543,0.00439453,-1.80114,0,0.0349657,0,-1.80114,-0.0312196,0.0349657,-0.0312196,0,-6.93E+11,0,5.38E+09,0,-6.93E+11,-4.80E+09,5.38E+09,-4.80E+09,-4.16E+11,1.27E+09,-6.77E+08,5.46E+09,-6.77E+08,1.11E+09,-4.88E+09,5.46E+09,-4.88E+09,1.18E+09,7.21E+09,7.32E+09,7.21E+09,-4.16E+11,1.18E+09,1106.24,1123.25,1.82E-12
0.01875,1.65806,0.5,-0.00163417,0.0186787,-0.00986945,-0.0159423,-0.00823528,-0.0346209,0,-0.801144,-0.598472,0.0797114,0.598472,-0.801144,-0.0493472,0,0,1,-0.801144,-0.598472,0.0797114,0.598472,-0.801144,-0.0493472,0,0,1,0,0,-0.0466966,0,0,-0.00408543,-0.0466966,-0.00408543,0.00439453,-1.80114,0,0.0398557,0,-1.80114,-0.0246736,0.0398557,-0.0246736,0,-6.93E+11,0,6.13E+09,0,-6.93E+11,-3.80E+09,6.13E+09,-3.80E+09,-4.16E+11,1.49E+09,-6.10E+08,6.23E+09,-6.10E+08,8.85E+08,-3.85E+09,6.23E+09,-3.85E+09,1.18E+09,7.21E+09,7.32E+09,7.21E+09,-4.16E+11,1.18E+09,1106.24,1123.25,1.77E-12
0.01875,1.8326,0.5,-0.00485286,0.0181111,-0.00695116,-0.0174139,-0.0020983,-0.035525,0,-0.801144,-0.598472,0.0870695,0.598472,-0.801144,-0.0347558,0,0,1,-0.801144,-0.598472,0.0870695,0.598472,-0.801144,-0.0347558,0,0,1,0,0,-0.0452778,0,0,-0.0121321,-0.0452778,-0.0121321,0.00439453,-1.80114,0,0.0435347,0,-1.80114,-0.0173779,0.0435347,-0.0173779,0,-6.93E+11,0,6.70E+09,0,-6.93E+11,-2.67E+09,6.70E+09,-2.67E+09,-4.16E+11,1.68E+09,-4.69E+08,6.80E+09,-4.69E+08,6.94E+08,-2.71E+09,6.80E+09,-2.71E+09,1.18E+09,7.21E+09,7.32E+09,7.21E+09,-4.16E+11,1.18E+09,1106.24,1123.25,1.81E-12
0.01875,2.00713,0.5,-0.00792409,0.0169933,-0.00382166,-0.0183564,0.00410243,-0.0353497,0,-0.801144,-0.598472,0.091782,0.598472,-0.801144,-0.0191083,0,0,1,-0.801144,-0.598472,0.091782,0.598472,-0.801144,-0.0191083,0,0,1,0,0,-0.0424832,0,0,-0.0198102,-0.0424832,-0.0198102,0.00439453,-1.80114,0,0.045891,0,-1.80114,-0.00955416,0.045891,-0.00955416,0,-6.93E+11,0,7.06E+09,0,-6.93E+11,-1.47E+09,7.06E+09,-1.47E+09,-4.16E+11,1.81E+09,-2.72E+08,7.17E+09,-2.72E+08,5.64E+08,-1.49E+09,7.17E+09,-1.49E+09,1.18E+09,7.21E+09,7.32E+09,7.21E+09,-4.16E+11,1.18E+09,1106.24,1123.25,2.74E-12
0.01875,2.18166,0.5,-0.0107546,0.0153591,-0.000576048,-0.0187411,0.0101785,-0.0341002,0,-0.801144,-0.598472,0.0937057,0.598472,-0.801144,-0.00288024,0,0,1,-0.801144,-0.598472,0.0937057,0.598472,-0.801144,-0.00288024,0,0,1,0,0,-0.0383978,0,0,-0.0268864,-0.0383978,-0.0268864,0.00439453,-1.80114,0,0.0468529,0,-1.80114,-0.00144012,0.0468529,-0.00144012,0,-6.93E+11,0,7.21E+09,0,-6.93E+11,-2.22E+08,7.21E+09,-2.22E+08,-4.16E+11,1.87E+09,-4.18E+07,7.32E+09,-4.18E+07,5.08E+08,-2.25E+08,7.32E+09,-2.25E+08,1.18E+09,7.21E+09,7.32E+09,7.21E+09,-4.16E+11,1.18E+09,1106.24,1123.25,1.87E-12
0.01875,2.35619,0.5,-0.0132583,0.0132583,0.00268707,-0.0185565,0.0159453,-0.0318147,0,-0.801144,-0.598472,0.0927823,0.598472,-0.801144,0.0134353,0,0,1,-0.801144,-0.598472,0.0927823,0.598472,-0.801144,0.0134353,0,0,1,0,0,-0.0331456,0,0,-0.0331456,-0.0331456,-0.0331456,0.00439453,-1.80114,0,0.0463911,0,-1.80114,0.00671767,0.0463911,0.00671767,0,-6.93E+11,0,7.14E+09,0,-6.93E+11,1.03E+09,7.14E+09,1.03E+09,-4.16E+11,1.84E+09,1.93E+08,7.25E+09,1.93E+08,5.35E+08,1.05E+09,7.25E+09,1.05E+09,1.18E+09,7.21E+09,7.32E+09,7.21E+09,-4.16E+11,1.18E+09,1106.24,1123.25,2.35E-12
0.01875,2.53073,0.5,-0.0153591,0.0107546,0.00586854,-0.0178079,0.0212276,-0.0285625,0,-0.801144,-0.598472,0.0890397,0.598472,-0.801144,0.0293427,0,0,1,-0.801144,-0.598472,0.0890397,0.598472,-0.801144,0.0293427,0,0,1,0,0,-0.0268864,0,0,-0.0383978,-0.0268864,-0.0383978,0.00439453,-1.80114,0,0.0445198,0,-1.80114,0.0146714,0.0445198,0.0146714,0,-6.93E+11,0,6.85E+09,0,-6.93E+11,2.26E+09,6.85E+09,2.26E+09,-4.16E+11,1.74E+09,4.05E+08,6.95E+09,4.05E+08,6.41E+08,2.29E+09,6.95E+09,2.29E+09,1.18E+09,7.21E+09,7.32E+09,7.21E+09,-4.16E+11,1.18E+09,1106.24,1123.25,2.49E-12
0.01875,2.70526,0.5,-0.0169933,0.00792409,0.0088717,-0.0165183,0.025865,-0.0244424,0,-0.801144,-0.598472,0.0825917,0.598472,-0.801144,0.0443585,0,0,1,-0.801144,-0.598472,0.0825917,0.598472,-0.801144,0.0443585,0,0,1,0,0,-0.0198102,0,0,-0.0424832,-0.0198102,-0.0424832,0.00439453,-1.80114,0,0.0412958,0,-1.80114,0.0221793,0.0412958,0.0221793,0,-6.93E+11,0,6.35E+09,0,-6.93E+11,3.41E+09,6.35E+09,3.41E+09,-4.16E+11,1.56E+09,5.68E+08,6.45E+09,5.68E+08,8.12E+08,3.46E+09,6.45E+09,3.46E+09,1.18E+09,7.21E+09,7.32E+09,7.21E+09,-4.16E+11,1.18E+09,1106.24,1123.25,2.14E-12
0.01875,2.87979,0.5,-0.0181111,0.00485286,0.0116053,-0.0147268,0.0297164,-0.0195797,0,-0.801144,-0.598472,0.0736341,0.598472,-0.801144,0.0580265,0,0,1,-0.801144,-0.598472,0.0736341,0.598472,-0.801144,0.0580265,0,0,1,0,0,-0.0121321,0,0,-0.0452778,-0.0121321,-0.0452778,0.00439453,-1.80114,0,0.0368171,0,-1.80114,0.0290132,0.0368171,0.0290132,0,-6.93E+11,0,5.66E+09,0,-6.93E+11,4.46E+09,5.66E+09,4.46E+09,-4.16E+11,1.35E+09,6.62E+08,5.75E+09,6.62E+08,1.03E+09,4.53E+09,5.75E+09,4.53E+09,1.18E+09,7.21E+09,7.32E+09,7.21E+09,-4.16E+11,1.18E+09,1106.24,1123.25,2.73E-12
0.01875,3.05433,0.5,-0.0186787,0.00163417,0.0139863,-0.0124879,0.0326649,-0.014122,0,-0.801144,-0.598472,0.0624393,0.598472,-0.801144,0.0699314,0,0,1,-0.801144,-0.598472,0.0624393,0.598472,-0.801144,0.0699314,0,0,1,0,0,-0.00408543,0,0,-0.0466966,-0.00408543,-0.0466966,0.00439453,-1.80114,0,0.0312196,0,-1.80114,0.0349657,0.0312196,0.0349657,0,-6.93E+11,0,4.80E+09,0,-6.93E+11,5.38E+09,4.80E+09,5.38E+09,-4.16E+11,1.11E+09,6.77E+08,4.88E+09,6.77E+08,1.27E+09,5.46E+09,4.88E+09,5.46E+09,1.18E+09,7.21E+09,7.32E+09,7.21E+09,-4.16E+11,1.18E+09,1106.24,1123.25,1.80E-12
0.01875,3.22886,0.5,-0.0186787,-0.00163417,0.0159423,-0.00986945,0.0346209,-0.00823528,0,-0.801144,-0.598472,0.0493472,0.598472,-0.801144,0.0797114,0,0,1,-0.801144,-0.598472,0.0493472,0.598472,-0.801144,0.0797114,0,0,1,0,0,0.00408543,0,0,-0.0466966,0.00408543,-0.0466966,0.00439453,-1.80114,0,0.0246736,0,-1.80114,0.0398557,0.0246736,0.0398557,0,-6.93E+11,0,3.80E+09,0,-6.93E+11,6.13E+09,3.80E+09,6.13E+09,-4.16E+11,8.85E+08,6.10E+08,3.85E+09,6.10E+08,1.49E+09,6.23E+09,3.85E+09,6.23E+09,1.18E+09,7.21E+09,7.32E+09,7.21E+09,-4.16E+11,1.18E+09,1106.24,1123.25,1.75E-12
0.01875,3.40339,0.5,-0.0181111,-0.00485286,0.0174139,-0.00695116,0.035525,-0.0020983,0,-0.801144,-0.598472,0.0347558,0.598472,-0.801144,0.0870695,0,0,1,-0.801144,-0.598472,0.0347558,0.598472,-0.801144,0.0870695,0,0,1,0,0,0.0121321,0,0,-0.0452778,0.0121321,-0.0452778,0.00439453,-1.80114,0,0.0173779,0,-1.80114,0.0435347,0.0173779,0.0435347,0,-6.93E+11,0,2.67E+09,0,-6.93E+11,6.70E+09,2.67E+09,6.70E+09,-4.16E+11,6.94E+08,4.69E+08,2.71E+09,4.69E+08,1.68E+09,6.80E+09,2.71E+09,6.80E+09,1.18E+09,7.21E+09,7.32E+09,7.21E+09,-4.16E+11,1.18E+09,1106.24,1123.25,2.23E-12
0.01875,3.57792,0.5,-0.0169933,-0.00792409,0.0183564,-0.00382166,0.0353497,0.00410243,0,-0.801144,-0.598472,0.0191083,0.598472,-0.801144,0.091782,0,0,1,-0.801144,-0.598472,0.0191083,0.598472,-0.801144,0.091782,0,0,1,0,0,0.0198102,0,0,-0.0424832,0.0198102,-0.0424832,0.00439453,-1.80114,0,0.00955416,0,-1.80114,0.045891,0.00955416,0.045891,0,-6.93E+11,0,1.47E+09,0,-6.93E+11,7.06E+09,1.47E+09,7.06E+09,-4.16E+11,5.64E+08,2.72E+08,1.49E+09,2.72E+08,1.81E+09,7.17E+09,1.49E+09,7.17E+09,1.18E+09,7.21E+09,7.32E+09,7.21E+09,-4.16E+11,1.18E+09,1106.24,1123.25,2.74E-12
0.01875,3.75246,0.5,-0.0153591,-0.0107546,0.0187411,-0.000576048,0.0341002,0.0101785,0,-0.801144,-0.598472,0.00288024,0.598472,-0.801144,0.0937057,0,0,1,-0.801144,-0.598472,0.00288024,0.598472,-0.801144,0.0937057,0,0,1,0,0,0.0268864,0,0,-0.0383978,0.0268864,-0.0383978,0.00439453,-1.80114,0,0.00144012,0,-1.80114,0.0468529,0.00144012,0.0468529,0,-6.93E+11,0,2.22E+08,0,-6.93E+11,7.21E+09,2.22E+08,7.21E+09,-4.16E+11,5.08E+08,4.18E+07,2.25E+08,4.18E+07,1.87E+09,7.32E+09,2.25E+08,7.32E+09,1.18E+09,7.21E+09,7.32E+09,7.21E+09,-4.16E+11,1.18E+09,1106.24,1123.25,1.87E-12
0.01875,3.92699,0.5,-0.0132583,-0.0132583,0.0185565,0.00268707,0.0318147,0.0159453,0,-0.801144,-0.598472,-0.0134353,0.598472,-0.801144,0.0927823,0,0,1,-0.801144,-0.598472,-0.0134353,0.598472,-0.801144,0.0927823,0,0,1,0,0,0.0331456,0,0,-0.0331456,0.0331456,-0.0331456,0.00439453,-1.80114,0,-0.00671767,0,-1.80114,0.0463911,-0.00671767,0.0463911,0,-6.93E+11,0,-1.03E+09,0,-6.93E+11,7.14E+09,-1.03E+09,7.14E+09,-4.16E+11,5.35E+08,-1.93E+08,-1.05E+09,-1.93E+08,1.84E+09,7.25E+09,-1.05E+09,7.25E+09,1.18E+09,7.21E+09,7.32E+09,7.21E+09,-4.16E+11,1.18E+09,1106.24,1123.25,2.63E-12
0.01875,4.10152,0.5,-0.0107546,-0.0153591,0.0178079,0.00586854,0.0285625,0.0212276,0,-0.801144,-0.598472,-0.0293427,0.598472,-0.801144,0.0890397,0,0,1,-0.801144,-0.598472,-0.0293427,0.598472,-0.801144,0.0890397,0,0,1,0,0,0.0383978,0,0,-0.0268864,0.0383978,-0.0268864,0.00439453,-1.80114,0,-0.0146714,0,-1.80114,0.0445198,-0.0146714,0.0445198,0,-6.93E+11,0,-2.26E+09,0,-6.93E+11,6.85E+09,-2.26E+09,6.85E+09,-4.16E+11,6.41E+08,-4.05E+08,-2.29E+09,-4.05E+08,1.74E+09,6.95E+09,-2.29E+09,6.95E+09,1.18E+09,7.21E+09,7.32E+09,7.21E+09,-4.16E+11,1.18E+09,1106.24,1123.25,2.49E-12
0.01875,4.27606,0.5,-0.00792409,-0.0169933,0.0165183,0.0088717,0.0244424,0.025865,0,-0.801144,-0.598472,-0.0443585,0.598472,-0.801144,0.0825917,0,0,1,-0.801144,-0.598472,-0.0443585,0.598472,-0.801144,0.0825917,0,0,1,0,0,0.0424832,0,0,-0.0198102,0.0424832,-0.0198102,0.00439453,-1.80114,0,-0.0221793,0,-1.80114,0.0412958,-0.0221793,0.0412958,0,-6.93E+11,0,-3.41E+09,0,-6.93E+11,6.35E+09,-3.41E+09,6.35E+09,-4.16E+11,8.12E+08,-5.68E+08,-3.46E+09,-5.68E+08,1.56E+09,6.45E+09,-3.46E+09,6.45E+09,1.18E+09,7.21E+09,7.32E+09,7.21E+09,-4.16E+11,1.18E+09,1106.24,1123.25,2.39E-12
0.01875,4.45059,0.5,-0.00485286,-0.0181111,0.0147268,0.0116053,0.0195797,0.0297164,0,-0.801144,-0.598472,-0.0580265,0.598472,-0.801144,0.0736341,0,0,1,-0.801144,-0.598472,-0.0580265,0.598472,-0.801144,0.0736341,0,0,1,0,0,0.0452778,0,0,-0.0121321,0.0452778,-0.0121321,0.00439453,-1.80114,0,-0.0290132,0,-1.80114,0.0368171,-0.0290132,0.0368171,0,-6.93E+11,0,-4.46E+09,0,-6.93E+11,5.66E+09,-4.46E+09,5.66E+09,-4.16E+11,1.03E+09,-6.62E+08,-4.53E+09,-6.62E+08,1.35E+09,5.75E+09,-4.53E+09,5.75E+09,1.18E+09,7.21E+09,7.32E+09,7.21E+09,-4.16E+11,1.18E+09,1106.24,1123.25,1.42E-12
0.01875,4.62512,0.5,-0.00163417,-0.0186787,0.0124879,0.0139863,0.014122,0.0326649,0,-0.801144,-0.598472,-0.0699314,0.598472,-0.801144,0.0624393,0,0,1,-0.801144,-0.598472,-0.0699314,0.598472,-0.801144,0.0624393,0,0,1,0,0,0.0466966,0,0,-0.00408543,0.0466966,-0.00408543,0.00439453,-1.80114,0,-0.0349657,0,-1.80114,0.0312196,-0.0349657,0.0312196,0,-6.93E+11,0,-5.38E+09,0,-6.93E+11,4.80E+09,-5.38E+09,4.80E+09,-4.16E+11,1.27E+09,-6.77E+08,-5.46E+09,-6.77E+08,1.11E+09,4.88E+09,-5.46E+09,4.88E+09,1.18E+09,7.21E+09,7.32E+09,7.21E+09,-4.16E+11,1.18E+09,1106.24,1123.25,1.85E-12
0.01875,4.79966,0.5,0.00163417,-0.0186787,0.00986945,0.0159423,0.00823528,0.0346209,0,-0.801144,-0.598472,-0.0797114,0.598472,-0.801144,0.0493472,0,0,1,-0.801144,-0.598472,-0.0797114,0.598472,-0.801144,0.0493472,0,0,1,0,0,0.0466966,0,0,0.00408543,0.0466966,0.00408543,0.00439453,-1.80114,0,-0.0398557,0,-1.80114,0.0246736,-0.0398557,0.0246736,0,-6.93E+11,0,-6.13E+09,0,-6.93E+11,3.80E+09,-6.13E+09,3.80E+09,-4.16E+11,1.49E+09,-6.10E+08,-6.23E+09,-6.10E+08,8.85E+08,3.85E+09,-6.23E+09,3.85E+09,1.18E+09,7.21E+09,7.32E+09,7.21E+09,-4.16E+11,1.18E+09,1106.24,1123.25,2.24E-12
0.01875,4.97419,0.5,0.00485286,-0.0181111,0.00695116,0.0174139,0.0020983,0.035525,0,-0.801144,-0.598472,-0.0870695,0.598472,-0.801144,0.0347558,0,0,1,-0.801144,-0.598472,-0.0870695,0.598472,-0.801144,0.0347558,0,0,1,0,0,0.0452778,0,0,0.0121321,0.0452778,0.0121321,0.00439453,-1.80114,0,-0.0435347,0,-1.80114,0.0173779,-0.0435347,0.0173779,0,-6.93E+11,0,-6.70E+09,0,-6.93E+11,2.67E+09,-6.70E+09,2.67E+09,-4.16E+11,1.68E+09,-4.69E+08,-6.80E+09,-4.69E+08,6.94E+08,2.71E+09,-6.80E+09,2.71E+09,1.18E+09,7.21E+09,7.32E+09,7.21E+09,-4.16E+11,1.18E+09,1106.24,1123.25,2.11E-12
0.01875,5.14872,0.5,0.00792409,-0.0169933,0.00382166,0.0183564,-0.00410243,0.0353497,0,-0.801144,-0.598472,-0.091782,0.598472,-0.801144,0.0191083,0,0,1,-0.801144,-0.598472,-0.091782,0.598472,-0.801144,0.0191083,0,0,1,0,0,0.0424832,0,0,0.0198102,0.0424832,0.0198102,0.00439453,-1.80114,0,-0.045891,0,-1.80114,0.00955416,-0.045891,0.00955416,0,-6.93E+11,0,-7.06E+09,0,-6.93E+11,1.47E+09,-7.06E+09,1.47E+09,-4.16E+11,1.81E+09,-2.72E+08,-7.17E+09,-2.72E+08,5.64E+08,1.49E+09,-7.17E+09,1.49E+09,1.18E+09,7.21E+09,7.32E+09,7.21E+09,-4.16E+11,1.18E+09,1106.24,1123.25,2.37E-12
0.01875,5.32325,0.5,0.0107546,-0.0153591,0.000576048,0.0187411,-0.0101785,0.0341002,0,-0.801144,-0.598472,-0.0937057,0.598472,-0.801144,0.00288024,0,0,1,-0.801144,-0.598472,-0.0937057,0.598472,-0.801144,0.00288024,0,0,1,0,0,0.0383978,0,0,0.0268864,0.0383978,0.0268864,0.00439453,-1.80114,0,-0.0468529,0,-1.80114,0.00144012,-0.0468529,0.00144012,0,-6.93E+11,0,-7.21E+09,0,-6.93E+11,2.22E+08,-7.21E+09,2.22E+08,-4.16E+11,1.87E+09,-4.18E+07,-7.32E+09,-4.18E+07,5.08E+08,2.25E+08,-7.32E+09,2.25E+08,1.18E+09,7.21E+09,7.32E+09,7.21E+09,-4.16E+11,1.18E+09,1106.24,1123.25,1.87E-12
0.01875,5.49779,0.5,0.0132583,-0.0132583,-0.00268707,0.0185565,-0.0159453,0.0318147,0,-0.801144,-0.598472,-0.0927823,0.598472,-0.801144,-0.0134353,0,0,1,-0.801144,-0.598472,-0.0927823,0.598472,-0.801144,-0.0134353,0,0,1,0,0,0.0331456,0,0,0.0331456,0.0331456,0.0331456,0.00439453,-1.80114,0,-0.0463911,0,-1.80114,-0.00671767,-0.0463911,-0.00671767,0,-6.93E+11,0,-7.14E+09,0,-6.93E+11,-1.03E+09,-7.14E+09,-1.03E+09,-4.16E+11,1.84E+09,1.93E+08,-7.25E+09,1.93E+08,5.35E+08,-1.05E+09,-7.25E+09,-1.05E+09,1.18E+09,7.21E+09,7.32E+09,7.21E+09,-4.16E+11,1.18E+09,1106.24,1123.25,1.96E-12
0.01875,5.67232,0.5,0.0153591,-0.0107546,-0.00586854,0.0178079,-0.0212276,0.0285625,0,-0.801144,-0.598472,-0.0890397,0.598472,-0.801144,-0.0293427,0,0,1,-0.801144,-0.598472,-0.0890397,0.598472,-0.801144,-0.0293427,0,0,1,0,0,0.0268864,0,0,0.0383978,0.0268864,0.0383978,0.00439453,-1.80114,0,-0.0445198,0,-1.80114,-0.0146714,-0.0445198,-0.0146714,0,-6.93E+11,0,-6.85E+09,0,-6.93E+11,-2.26E+09,-6.85E+09,-2.26E+09,-4.16E+11,1.74E+09,4.05E+08,-6.95E+09,4.05E+08,6.41E+08,-2.29E+09,-6.95E+09,-2.29E+09,1.18E+09,7.21E+09,7.32E+09,7.21E+09,-4.16E+11,1.18E+09,1106.24,1123.25,2.39E-12
0.01875,5.84685,0.5,0.0169933,-0.00792409,-0.0088717,0.0165183,-0.025865,0.0244424,0,-0.801144,-0.598472,-0.0825917,0.598472,-0.801144,-0.0443585,0,0,1,-0.801144,-0.598472,-0.0825917,0.598472,-0.801144,-0.0443585,0,0,1,0,0,0.0198102,0,0,0.0424832,0.0198102,0.0424832,0.00439453,-1.80114,0,-0.0412958,0,-1.80114,-0.0221793,-0.0412958,-0.0221793,0,-6.93E+11,0,-6.35E+09,0,-6.93E+11,-3.41E+09,-6.35E+09,-3.41E+09,-4.16E+11,1.56E+09,5.68E+08,-6.45E+09,5.68E+08,8.12E+08,-3.46E+09,-6.45E+09,-3.46E+09,1.18E+09,7.21E+09,7.32E+09,7.21E+09,-4.16E+11,1.18E+09,1106.24,1123.25,3.70E-12
0.01875,6.02139,0.5,0.0181111,-0.00485286,-0.0116053,0.0147268,-0.0297164,0.0195797,0,-0.801144,-0.598472,-0.0736341,0.598472,-0.801144,-0.0580265,0,0,1,-0.801144,-0.598472,-0.0736341,0.598472,-0.801144,-0.0580265,0,0,1,0,0,0.0121321,0,0,0.0452778,0.0121321,0.0452778,0.00439453,-1.80114,0,-0.0368171,0,-1.80114,-0.0290132,-0.0368171,-0.0290132,0,-6.93E+11,0,-5.66E+09,0,-6.93E+11,-4.46E+09,-5.66E+09,-4.46E+09,-4.16E+11,1.35E+09,6.62E+08,-5.75E+09,6.62E+08,1.03E+09,-4.53E+09,-5.75E+09,-4.53E+09,1.18E+09,7.21E+09,7.32E+09,7.21E+09,-4.16E+11,1.18E+09,1106.24,1123.25,1.98E-12
0.01875,6.19592,0.5,0.0186787,-0.00163417,-0.0139863,0.0124879,-0.0326649,0.014122,0,-0.801144,-0.598472,-0.0624393,0.598472,-0.801144,-0.0699314,0,0,1,-0.801144,-0.598472,-0.0624393,0.598472,-0.801144,-0.0699314,0,0,1,0,0,0.00408543,0,0,0.0466966,0.00408543,0.0466966,0.00439453,-1.80114,0,-0.0312196,0,-1.80114,-0.0349657,-0.0312196,-0.0349657,0,-6.93E+11,0,-4.80E+09,0,-6.93E+11,-5.38E+09,-4.80E+09,-5.38E+09,-4.16E+11,1.11E+09,6.77E+08,-4.88E+09,6.77E+08,1.27E+09,-5.46E+09,-4.88E+09,-5.46E+09,1.18E+09,7.21E+09,7.32E+09,7.21E+09,-4.16E+11,1.18E+09,1106.24,1123.25,1.90E-12
0.02125,0.0872665,0.5,0.0211691,0.00185206,-0.0180679,0.0111854,-0.0392371,0.00933331,0,-0.801144,-0.598472,-0.0559269,0.598472,-0.801144,-0.0903396,0,0,1,-0.801144,-0.598472,-0.0559269,0.598472,-0.801144,-0.0903396,0,0,1,0,0,-0.00463015,0,0,0.0529228,-0.00463015,0.0529228,0.00564453,-1.80114,0,-0.0279634,0,-1.80114,-0.0451698,-0.0279634,-0.0451698,0,-6.93E+11,0,-4.30E+09,0,-6.93E+11,-6.95E+09,-4.30E+09,-6.95E+09,-4.16E+11,1.14E+09,7.85E+08,-4.39E+09,7.85E+08,1.92E+09,-7.09E+09,-4.39E+09,-7.09E+09,1.52E+09,8.17E+09,8.33E+09,8.17E+09,-4.16E+11,1.52E+09,1610.35,1642.17,1.40E-12
0.02125,0.261799,0.5,0.0205259,0.0054999,-0.0197358,0.00787798,-0.0402617,0.00237808,0,-0.801144,-0.598472,-0.0393899,0.598472,-0.801144,-0.0986788,0,0,1,-0.801144,-0.598472,-0.0393899,0.598472,-0.801144,-0.0986788,0,0,1,0,0,-0.0137498,0,0,0.0513148,-0.0137498,0.0513148,0.00564453,-1.80114,0,-0.019695,0,-1.80114,-0.0493394,-0.019695,-0.0493394,0,-6.93E+11,0,-3.03E+09,0,-6.93E+11,-7.59E+09,-3.03E+09,-7.59E+09,-4.16E+11,8.92E+08,6.04E+08,-3.09E+09,6.04E+08,2.16E+09,-7.74E+09,-3.09E+09,-7.74E+09,1.52E+09,8.17E+09,8.33E+09,8.17E+09,-4.16E+11,1.52E+09,1610.35,1642.17,1.87E-12
0.02125,0.436332,0.5,0.019259,0.00898064,-0.0208039,0.00433122,-0.040063,-0.00464942,0,-0.801144,-0.598472,-0.0216561,0.598472,-0.801144,-0.10402,0,0,1,-0.801144,-0.598472,-0.0216561,0.598472,-0.801144,-0.10402,0,0,1,0,0,-0.0224516,0,0,0.0481476,-0.0224516,0.0481476,0.00564453,-1.80114,0,-0.010828,0,-1.80114,-0.0520098,-0.010828,-0.0520098,0,-6.93E+11,0,-1.67E+09,0,-6.93E+11,-8.00E+09,-1.67E+09,-8.00E+09,-4.16E+11,7.24E+08,3.50E+08,-1.70E+09,3.50E+08,2.33E+09,-8.16E+09,-1.70E+09,-8.16E+09,1.52E+09,8.17E+09,8.33E+09,8.17E+09,-4.16E+11,1.52E+09,1610.35,1642.17,2.85E-12
0.02125,0.610865,0.5,0.017407,0.0121885,-0.02124,0.000652855,-0.0386469,-0.0115356,0,-0.801144,-0.598472,-0.00326427,0.598472,-0.801144,-0.1062,0,0,1,-0.801144,-0.598472,-0.00326427,0.598472,-0.801144,-0.1062,0,0,1,0,0,-0.0304712,0,0,0.0435175,-0.0304712,0.0435175,0.00564453,-1.80114,0,-0.00163214,0,-1.80114,-0.0530999,-0.00163214,-0.0530999,0,-6.93E+11,0,-2.51E+08,0,-6.93E+11,-8.17E+09,-2.51E+08,-8.17E+09,-4.16E+11,6.53E+08,5.39E+07,-2.56E+08,5.39E+07,2.40E+09,-8.33E+09,-2.56E+08,-8.33E+09,1.52E+09,8.17E+09,8.33E+09,8.17E+09,-4.16E+11,1.52E+09,1610.35,1642.17,2.34E-12
0.02125,0.785398,0.5,0.015026,0.015026,-0.0210307,-0.00304535,-0.0360567,-0.0180714,0,-0.801144,-0.598472,0.0152267,0.598472,-0.801144,-0.105153,0,0,1,-0.801144,-0.598472,0.0152267,0.598472,-0.801144,-0.105153,0,0,1,0,0,-0.037565,0,0,0.037565,-0.037565,0.037565,0.00564453,-1.80114,0,0.00761336,0,-1.80114,-0.0525766,0.00761336,-0.0525766,0,-6.93E+11,0,1.17E+09,0,-6.93E+11,-8.09E+09,1.17E+09,-8.09E+09,-4.16E+11,6.87E+08,-2.49E+08,1.19E+09,-2.49E+08,2.37E+09,-8.25E+09,1.19E+09,-8.25E+09,1.52E+09,8.17E+09,8.33E+09,8.17E+09,-4.16E+11,1.52E+09,1610.35,1642.17,3.51E-12
0.02125,0.959931,0.5,0.0121885,0.017407,-0.0201823,-0.00665101,-0.0323708,-0.024058,0,-0.801144,-0.598472,0.0332551,0.598472,-0.801144,-0.100912,0,0,1,-0.801144,-0.598472,0.0332551,0.598472,-0.801144,-0.100912,0,0,1,0,0,-0.0435175,0,0,0.0304712,-0.0435175,0.0304712,0.00564453,-1.80114,0,0.0166275,0,-1.80114,-0.0504558,0.0166275,-0.0504558,0,-6.93E+11,0,2.56E+09,0,-6.93E+11,-7.76E+09,2.56E+09,-7.76E+09,-4.16E+11,8.23E+08,-5.21E+08,2.61E+09,-5.21E+08,2.23E+09,-7.92E+09,2.61E+09,-7.92E+09,1.52E+09,8.17E+09,8.33E+09,8.17E+09,-4.16E+11,1.52E+09,1610.35,1642.17,3.30E-12
0.02125,1.13446,0.5,0.00898064,0.019259,-0.0187208,-0.0100546,-0.0277014,-0.0293136,0,-0.801144,-0.598472,0.050273,0.598472,-0.801144,-0.0936039,0,0,1,-0.801144,-0.598472,0.050273,0.598472,-0.801144,-0.0936039,0,0,1,0,0,-0.0481476,0,0,0.0224516,-0.0481476,0.0224516,0.00564453,-1.80114,0,0.0251365,0,-1.80114,-0.046802,0.0251365,-0.046802,0,-6.93E+11,0,3.87E+09,0,-6.93E+11,-7.20E+09,3.87E+09,-7.20E+09,-4.16E+11,1.04E+09,-7.31E+08,3.94E+09,-7.31E+08,2.01E+09,-7.34E+09,3.94E+09,-7.34E+09,1.52E+09,8.17E+09,8.33E+09,8.17E+09,-4.16E+11,1.52E+09,1610.35,1642.17,3.31E-12
0.02125,1.309,0.5,0.0054999,0.0205259,-0.0166904,-0.0131527,-0.0221903,-0.0336786,0,-0.801144,-0.598472,0.0657634,0.598472,-0.801144,-0.083452,0,0,1,-0.801144,-0.598472,0.0657634,0.598472,-0.801144,-0.083452,0,0,1,0,0,-0.0513148,0,0,0.0137498,-0.0513148,0.0137498,0.00564453,-1.80114,0,0.0328817,0,-1.80114,-0.041726,0.0328817,-0.041726,0,-6.93E+11,0,5.06E+09,0,-6.93E+11,-6.42E+09,5.06E+09,-6.42E+09,-4.16E+11,1.32E+09,-8.53E+08,5.16E+09,-8.53E+08,1.73E+09,-6.55E+09,5.16E+09,-6.55E+09,1.52E+09,8.17E+09,8.33E+09,8.17E+09,-4.16E+11,1.52E+09,1610.35,1642.17,1.75E-12
0.02125,1.48353,0.5,0.00185206,0.0211691,-0.0141529,-0.0158511,-0.016005,-0.0370203,0,-0.801144,-0.598472,0.0792556,0.598472,-0.801144,-0.0707645,0,0,1,-0.801144,-0.598472,0.0792556,0.598472,-0.801144,-0.0707645,0,0,1,0,0,-0.0529228,0,0,0.00463015,-0.0529228,0.00463015,0.00564453,-1.80114,0,0.0396278,0,-1.80114,-0.0353823,0.0396278,-0.0353823,0,-6.93E+11,0,6.10E+09,0,-6.93E+11,-5.44E+09,6.10E+09,-5.44E+09,-4.16E+11,1.63E+09,-8.71E+08,6.22E+09,-8.71E+08,1.43E+09,-5.55E+09,6.22E+09,-5.55E+09,1.52E+09,8.17E+09,8.33E+09,8.17E+09,-4.16E+11,1.52E+09,1610.35,1642.17,1.34E-12
0.02125,1.65806,0.5,-0.00185206,0.0211691,-0.0111854,-0.0180679,-0.00933331,-0.0392371,0,-0.801144,-0.598472,0.0903396,0.598472,-0.801144,-0.0559269,0,0,1,-0.801144,-0.598472,0.0903396,0.598472,-0.801144,-0.0559269,0,0,1,0,0,-0.0529228,0,0,-0.00463015,-0.0529228,-0.00463015,0.00564453,-1.80114,0,0.0451698,0,-1.80114,-0.0279634,0.0451698,-0.0279634,0,-6.93E+11,0,6.95E+09,0,-6.93E+11,-4.30E+09,6.95E+09,-4.30E+09,-4.16E+11,1.92E+09,-7.85E+08,7.09E+09,-7.85E+08,1.14E+09,-4.39E+09,7.09E+09,-4.39E+09,1.52E+09,8.17E+09,8.33E+09,8.17E+09,-4.16E+11,1.52E+09,1610.35,1642.17,1.95E-12
0.02125,1.8326,0.5,-0.0054999,0.0205259,-0.00787798,-0.0197358,-0.00237808,-0.0402617,0,-0.801144,-0.598472,0.0986788,0.598472,-0.801144,-0.0393899,0,0,1,-0.801144,-0.598472,0.0986788,0.598472,-0.801144,-0.0393899,0,0,1,0,0,-0.0513148,0,0,-0.0137498,-0.0513148,-0.0137498,0.00564453,-1.80114,0,0.0493394,0,-1.80114,-0.019695,0.0493394,-0.019695,0,-6.93E+11,0,7.59E+09,0,-6.93E+11,-3.03E+09,7.59E+09,-3.03E+09,-4.16E+11,2.16E+09,-6.04E+08,7.74E+09,-6.04E+08,8.92E+08,-3.09E+09,7.74E+09,-3.09E+09,1.52E+09,8.17E+09,8.33E+09,8.17E+09,-4.16E+11,1.52E+09,1610.35,1642.17,1.95E-12
0.02125,2.00713,0.5,-0.00898064,0.019259,-0.00433122,-0.0208039,0.00464942,-0.040063,0,-0.801144,-0.598472,0.10402,0.598472,-0.801144,-0.0216561,0,0,1,-0.801144,-0.598472,0.10402,0.598472,-0.801144,-0.0216561,0,0,1,0,0,-0.0481476,0,0,-0.0224516,-0.0481476,-0.0224516,0.00564453,-1.80114,0,0.0520098,0,-1.80114,-0.010828,0.0520098,-0.010828,0,-6.93E+11,0,8.00E+09,0,-6.93E+11,-1.67E+09,8.00E+09,-1.67E+09,-4.16E+11,2.33E+09,-3.50E+08,8.16E+09,-3.50E+08,7.24E+08,-1.70E+09,8.16E+09,-1.70E+09,1.52E+09,8.17E+09,8.33E+09,8.17E+09,-4.16E+11,1.52E+09,1610.35,1642.17,2.18E-12
0.02125,2.18166,0.5,-0.0121885,0.017407,-0.000652855,-0.02124,0.0115356,-0.0386469,0,-0.801144,-0.598472,0.1062,0.598472,-0.801144,-0.00326427,0,0,1,-0.801144,-0.598472,0.1062,0.598472,-0.801144,-0.00326427,0,0,1,0,0,-0.0435175,0,0,-0.0304712,-0.0435175,-0.0304712,0.00564453,-1.80114,0,0.0530999,0,-1.80114,-0.00163214,0.0530999,-0.00163214,0,-6.93E+11,0,8.17E+09,0,-6.93E+11,-2.51E+08,8.17E+09,-2.51E+08,-4.16E+11,2.40E+09,-5.39E+07,8.33E+09,-5.39E+07,6.53E+08,-2.56E+08,8.33E+09,-2.56E+08,1.52E+09,8.17E+09,8.33E+09,8.17E+09,-4.16E+11,1.52E+09,1610.35,1642.17,3.09E-12
0.02125,2.35619,0.5,-0.015026,0.015026,0.00304535,-0.0210307,0.0180714,-0.0360567,0,-0.801144,-0.598472,0.105153,0.598472,-0.801144,0.0152267,0,0,1,-0.801144,-0.598472,0.105153,0.598472,-0.801144,0.0152267,0,0,1,0,0,-0.037565,0,0,-0.037565,-0.037565,-0.037565,0.00564453,-1.80114,0,0.0525766,0,-1.80114,0.00761336,0.0525766,0.00761336,0,-6.93E+11,0,8.09E+09,0,-6.93E+11,1.17E+09,8.09E+09,1.17E+09,-4.16E+11,2.37E+09,2.49E+08,8.25E+09,2.49E+08,6.87E+08,1.19E+09,8.25E+09,1.19E+09,1.52E+09,8.17E+09,8.33E+09,8.17E+09,-4.16E+11,1.52E+09,1610.35,1642.17,3.51E-12
0.02125,2.53073,0.5,-0.017407,0.0121885,0.00665101,-0.0201823,0.024058,-0.0323708,0,-0.801144,-0.598472,0.100912,0.598472,-0.801144,0.0332551,0,0,1,-0.801144,-0.598472,0.100912,0.598472,-0.801144,0.0332551,0,0,1,0,0,-0.0304712,0,0,-0.0435175,-0.0304712,-0.0435175,0.00564453,-1.80114,0,0.0504558,0,-1.80114,0.0166275,0.0504558,0.0166275,0,-6.93E+11,0,7.76E+09,0,-6.93E+11,2.56E+09,7.76E+09,2.56E+09,-4.16E+11,2.23E+09,5.21E+08,7.92E+09,5.21E+08,8.23E+08,2.61E+09,7.92E+09,2.61E+09,1.52E+09,8.17E+09,8.33E+09,8.17E+09,-4.16E+11,1.52E+09,1610.35,1642.17,1.44E-12
0.02125,2.70526,0.5,-0.019259,0.00898064,0.0100546,-0.0187208,0.0293136,-0.0277014,0,-0.801144,-0.598472,0.0936039,0.598472,-0.801144,0.050273,0,0,1,-0.801144,-0.598472,0.0936039,0.598472,-0.801144,0.050273,0,0,1,0,0,-0.0224516,0,0,-0.0481476,-0.0224516,-0.0481476,0.00564453,-1.80114,0,0.046802,0,-1.80114,0.0251365,0.046802,0.0251365,0,-6.93E+11,0,7.20E+09,0,-6.93E+11,3.87E+09,7.20E+09,3.87E+09,-4.16E+11,2.01E+09,7.31E+08,7.34E+09,7.31E+08,1.04E+09,3.94E+09,7.34E+09,3.94E+09,1.52E+09,8.17E+09,8.33E+09,8.17E+09,-4.16E+11,1.52E+09,1610.35,1642.17,3.10E-12
0.02125,2.87979,0.5,-0.0205259,0.0054999,0.0131527,-0.0166904,0.0336786,-0.0221903,0,-0.801144,-0.598472,0.083452,0.598472,-0.801144,0.0657634,0,0,1,-0.801144,-0.598472,0.083452,0.598472,-0.801144,0.0657634,0,0,1,0,0,-0.0137498,0,0,-0.0513148,-0.0137498,-0.0513148,0.00564453,-1.80114,0,0.041726,0,-1.80114,0.0328817,0.041726,0.0328817,0,-6.93E+11,0,6.42E+09,0,-6.93E+11,5.06E+09,6.42E+09,5.06E+09,-4.16E+11,1.73E+09,8.53E+08,6.55E+09,8.53E+08,1.32E+09,5.16E+09,6.55E+09,5.16E+09,1.52E+09,8.17E+09,8.33E+09,8.17E+09,-4.16E+11,1.52E+09,1610.35,1642.17,1.75E-12
0.02125,3.05433,0.5,-0.0211691,0.00185206,0.0158511,-0.0141529,0.0370203,-0.016005,0,-0.801144,-0.598472,0.0707645,0.598472,-0.801144,0.0792556,0,0,1,-0.801144,-0.598472,0.0707645,0.598472,-0.801144,0.0792556,0,0,1,0,0,-0.00463015,0,0,-0.0529228,-0.00463015,-0.0529228,0.00564453,-1.80114,0,0.0353823,0,-1.80114,0.0396278,0.0353823,0.0396278,0,-6.93E+11,0,5.44E+09,0,-6.93E+11,6.10E+09,5.44E+09,6.10E+09,-4.16E+11,1.43E+09,8.71E+08,5.55E+09,8.71E+08,1.63E+09,6.22E+09,5.55E+09,6.22E+09,1.52E+09,8.17E+09,8.33E+09,8.17E+09,-4.16E+11,1.52E+09,1610.35,1642.17,1.36E-12
0.02125,3.22886,0.5,-0.0211691,-0.00185206,0.0180679,-0.0111854,0.0392371,-0.00933331,0,-0.801144,-0.598472,0.0559269,0.598472,-0.801144,0.0903396,0,0,1,-0.801144,-0.598472,0.0559269,0.598472,-0.801144,0.0903396,0,0,1,0,0,0.00463015,0,0,-0.0529228,0.00463015,-0.0529228,0.00564453,-1.80114,0,0.0279634,0,-1.80114,0.0451698,0.0279634,0.0451698,0,-6.93E+11,0,4.30E+09,0,-6.93E+11,6.95E+09,4.30E+09,6.95E+09,-4.16E+11,1.14E+09,7.85E+08,4.39E+09,7.85E+08,1.92E+09,7.09E+09,4.39E+09,7.09E+09,1.52E+09,8.17E+09,8.33E+09,8.17E+09,-4.16E+11,1.52E+09,1610.35,1642.17,1.42E-12
0.02125,3.40339,0.5,-0.0205259,-0.0054999,0.0197358,-0.00787798,0.0402617,-0.00237808,0,-0.801144,-0.598472,0.0393899,0.598472,-0.801144,0.0986788,0,0,1,-0.801144,-0.598472,0.0393899,0.598472,-0.801144,0.0986788,0,0,1,0,0,0.0137498,0,0,-0.0513148,0.0137498,-0.0513148,0.00564453,-1.80114,0,0.019695,0,-1.80114,0.0493394,0.019695,0.0493394,0,-6.93E+11,0,3.03E+09,0,-6.93E+11,7.59E+09,3.03E+09,7.59E+09,-4.16E+11,8.92E+08,6.04E+08,3.09E+09,6.04E+08,2.16E+09,7.74E+09,3.09E+09,7.74E+09,1.52E+09,8.17E+09,8.33E+09,8.17E+09,-4.16E+11,1.52E+09,1610.35,1642.17,2.14E-12
0.02125,3.57792,0.5,-0.019259,-0.00898064,0.0208039,-0.00433122,0.040063,0.00464942,0,-0.801144,-0.598472,0.0216561,0.598472,-0.801144,0.10402,0,0,1,-0.801144,-0.598472,0.0216561,0.598472,-0.801144,0.10402,0,0,1,0,0,0.0224516,0,0,-0.0481476,0.0224516,-0.0481476,0.00564453,-1.80114,0,0.010828,0,-1.80114,0.0520098,0.010828,0.0520098,0,-6.93E+11,0,1.67E+09,0,-6.93E+11,8.00E+09,1.67E+09,8.00E+09,-4.16E+11,7.24E+08,3.50E+08,1.70E+09,3.50E+08,2.33E+09,8.16E+09,1.70E+09,8.16E+09,1.52E+09,8.17E+09,8.33E+09,8.17E+09,-4.16E+11,1.52E+09,1610.35,1642.17,2.55E-12
0.02125,3.75246,0.5,-0.017407,-0.0121885,0.02124,-0.000652855,0.0386469,0.0115356,0,-0.801144,-0.598472,0.00326427,0.598472,-0.801144,0.1062,0,0,1,-0.801144,-0.598472,0.00326427,0.598472,-0.801144,0.1062,0,0,1,0,0,0.0304712,0,0,-0.0435175,0.0304712,-0.0435175,0.00564453,-1.80114,0,0.00163214,0,-1.80114,0.0530999,0.00163214,0.0530999,0,-6.93E+11,0,2.51E+08,0,-6.93E+11,8.17E+09,2.51E+08,8.17E+09,-4.16E+11,6.53E+08,5.39E+07,2.56E+08,5.39E+07,2.40E+09,8.33E+09,2.56E+08,8.33E+09,1.52E+09,8.17E+09,8.33E+09,8.17E+09,-4.16E+11,1.52E+09,1610.35,1642.17,3.09E-12
0.02125,3.92699,0.5,-0.015026,-0.015026,0.0210307,0.00304535,0.0360567,0.0180714,0,-0.801144,-0.598472,-0.0152267,0.598472,-0.801144,0.105153,0,0,1,-0.801144,-0.598472,-0.0152267,0.598472,-0.801144,0.105153,0,0,1,0,0,0.037565,0,0,-0.037565,0.037565,-0.037565,0.00564453,-1.80114,0,-0.00761336,0,-1.80114,0.0525766,-0.00761336,0.0525766,0,-6.93E+11,0,-1.17E+09,0,-6.93E+11,8.09E+09,-1.17E+09,8.09E+09,-4.16E+11,6.87E+08,-2.49E+08,-1.19E+09,-2.49E+08,2.37E+09,8.25E+09,-1.19E+09,8.25E+09,1.52E+09,8.17E+09,8.33E+09,8.17E+09,-4.16E+11,1.52E+09,1610.35,1642.17,2.55E-12
0.02125,4.10152,0.5,-0.0121885,-0.017407,0.0201823,0.00665101,0.0323708,0.024058,0,-0.801144,-0.598472,-0.0332551,0.598472,-0.801144,0.100912,0,0,1,-0.801144,-0.598472,-0.0332551,0.598472,-0.801144,0.100912,0,0,1,0,0,0.0435175,0,0,-0.0304712,0.0435175,-0.0304712,0.00564453,-1.80114,0,-0.0166275,0,-1.80114,0.0504558,-0.0166275,0.0504558,0,-6.93E+11,0,-2.56E+09,0,-6.93E+11,7.76E+09,-2.56E+09,7.76E+09,-4.16E+11,8.23E+08,-5.21E+08,-2.61E+09,-5.21E+08,2.23E+09,7.92E+09,-2.61E+09,7.92E+09,1.52E+09,8.17E+09,8.33E+09,8.17E+09,-4.16E+11,1.52E+09,1610.35,1642.17,1.44E-12
0.02125,4.27606,0.5,-0.00898064,-0.019259,0.0187208,0.0100546,0.0277014,0.0293136,0,-0.801144,-0.598472,-0.050273,0.598472,-0.801144,0.0936039,0,0,1,-0.801144,-0.598472,-0.050273,0.598472,-0.801144,0.0936039,0,0,1,0,0,0.0481476,0,0,-0.0224516,0.0481476,-0.0224516,0.00564453,-1.80114,0,-0.0251365,0,-1.80114,0.046802,-0.0251365,0.046802,0,-6.93E+11,0,-3.87E+09,0,-6.93E+11,7.20E+09,-3.87E+09,7.20E+09,-4.16E+11,1.04E+09,-7.31E+08,-3.94E+09,-7.31E+08,2.01E+09,7.34E+09,-3.94E+09,7.34E+09,1.52E+09,8.17E+09,8.33E+09,8.17E+09,-4.16E+11,1.52E+09,1610.35,1642.17,1.94E-12
0.02125,4.45059,0.5,-0.0054999,-0.0205259,0.0166904,0.0131527,0.0221903,0.0336786,0,-0.801144,-0.598472,-0.0657634,0.598472,-0.801144,0.083452,0,0,1,-0.801144,-0.598472,-0.0657634,0.598472,-0.801144,0.083452,0,0,1,0,0,0.0513148,0,0,-0.0137498,0.0513148,-0.0137498,0.00564453,-1.80114,0,-0.0328817,0,-1.80114,0.041726,-0.0328817,0.041726,0,-6.93E+11,0,-5.06E+09,0,-6.93E+11,6.42E+09,-5.06E+09,6.42E+09,-4.16E+11,1.32E+09,-8.53E+08,-5.16E+09,-8.53E+08,1.73E+09,6.55E+09,-5.16E+09,6.55E+09,1.52E+09,8.17E+09,8.33E+09,8.17E+09,-4.16E+11,1.52E+09,1610.35,1642.17,2.51E-12
0.02125,4.62512,0.5,-0.00185206,-0.0211691,0.0141529,0.0158511,0.016005,0.0370203,0,-0.801144,-0.598472,-0.0792556,0.598472,-0.801144,0.0707645,0,0,1,-0.801144,-0.598472,-0.0792556,0.598472,-0.801144,0.0707645,0,0,1,0,0,0.0529228,0,0,-0.00463015,0.0529228,-0.00463015,0.00564453,-1.80114,0,-0.0396278,0,-1.80114,0.0353823,-0.0396278,0.0353823,0,-6.93E+11,0,-6.10E+09,0,-6.93E+11,5.44E+09,-6.10E+09,5.44E+09,-4.16E+11,1.63E+09,-8.71E+08,-6.22E+09,-8.71E+08,1.43E+09,5.55E+09,-6.22E+09,5.55E+09,1.52E+09,8.17E+09,8.33E+09,8.17E+09,-4.16E+11,1.52E+09,1610.35,1642.17,1.92E-12
0.02125,4.79966,0.5,0.00185206,-0.0211691,0.0111854,0.0180679,0.00933331,0.0392371,0,-0.801144,-0.598472,-0.0903396,0.598472,-0.801144,0.0559269,0,0,1,-0.801144,-0.598472,-0.0903396,0.598472,-0.801144,0.0559269,0,0,1,0,0,0.0529228,0,0,0.00463015,0.0529228,0.00463015,0.00564453,-1.80114,0,-0.0451698,0,-1.80114,0.0279634,-0.0451698,0.0279634,0,-6.93E+11,0,-6.95E+09,0,-6.93E+11,4.30E+09,-6.95E+09,4.30E+09,-4.16E+11,1.92E+09,-7.85E+08,-7.09E+09,-7.85E+08,1.14E+09,4.39E+09,-7.09E+09,4.39E+09,1.52E+09,8.17E+09,8.33E+09,8.17E+09,-4.16E+11,1.52E+09,1610.35,1642.17,1.36E-12
0.02125,4.97419,0.5,0.0054999,-0.0205259,0.00787798,0.0197358,0.00237808,0.0402617,0,-0.801144,-0.598472,-0.0986788,0.598472,-0.801144,0.0393899,0,0,1,-0.801144,-0.598472,-0.0986788,0.598472,-0.801144,0.0393899,0,0,1,0,0,0.0513148,0,0,0.0137498,0.0513148,0.0137498,0.00564453,-1.80114,0,-0.0493394,0,-1.80114,0.019695,-0.0493394,0.019695,0,-6.93E+11,0,-7.59E+09,0,-6.93E+11,3.03E+09,-7.59E+09,3.03E+09,-4.16E+11,2.16E+09,-6.04E+08,-7.74E+09,-6.04E+08,8.92E+08,3.09E+09,-7.74E+09,3.09E+09,1.52E+09,8.17E+09,8.33E+09,8.17E+09,-4.16E+11,1.52E+09,1610.35,1642.17,3.43E-12
0.02125,5.14872,0.5,0.00898064,-0.019259,0.00433122,0.0208039,-0.00464942,0.040063,0,-0.801144,-0.598472,-0.10402,0.598472,-0.801144,0.0216561,0,0,1,-0.801144,-0.598472,-0.10402,0.598472,-0.801144,0.0216561,0,0,1,0,0,0.0481476,0,0,0.0224516,0.0481476,0.0224516,0.00564453,-1.80114,0,-0.0520098,0,-1.80114,0.010828,-0.0520098,0.010828,0,-6.93E+11,0,-8.00E+09,0,-6.93E+11,1.67E+09,-8.00E+09,1.67E+09,-4.16E+11,2.33E+09,-3.50E+08,-8.16E+09,-3.50E+08,7.24E+08,1.70E+09,-8.16E+09,1.70E+09,1.52E+09,8.17E+09,8.33E+09,8.17E+09,-4.16E+11,1.52E+09,1610.35,1642.17,2.37E-12
0.02125,5.32325,0.5,0.0121885,-0.017407,0.000652855,0.02124,-0.0115356,0.0386469,0,-0.801144,-0.598472,-0.1062,0.598472,-0.801144,0.00326427,0,0,1,-0.801144,-0.598472,-0.1062,0.598472,-0.801144,0.00326427,0,0,1,0,0,0.0435175,0,0,0.0304712,0.0435175,0.0304712,0.00564453,-1.80114,0,-0.0530999,0,-1.80114,0.00163214,-0.0530999,0.00163214,0,-6.93E+11,0,-8.17E+09,0,-6.93E+11,2.51E+08,-8.17E+09,2.51E+08,-4.16E+11,2.40E+09,-5.39E+07,-8.33E+09,-5.39E+07,6.53E+08,2.56E+08,-8.33E+09,2.56E+08,1.52E+09,8.17E+09,8.33E+09,8.17E+09,-4.16E+11,1.52E+09,1610.35,1642.17,2.34E-12
0.02125,5.49779,0.5,0.015026,-0.015026,-0.00304535,0.0210307,-0.0180714,0.0360567,0,-0.801144,-0.598472,-0.105153,0.598472,-0.801144,-0.0152267,0,0,1,-0.801144,-0.598472,-0.105153,0.598472,-0.801144,-0.0152267,0,0,1,0,0,0.037565,0,0,0.037565,0.037565,0.037565,0.00564453,-1.80114,0,-0.0525766,0,-1.80114,-0.00761336,-0.0525766,-0.00761336,0,-6.93E+11,0,-8.09E+09,0,-6.93E+11,-1.17E+09,-8.09E+09,-1.17E+09,-4.16E+11,2.37E+09,2.49E+08,-8.25E+09,2.49E+08,6.87E+08,-1.19E+09,-8.25E+09,-1.19E+09,1.52E+09,8.17E+09,8.33E+09,8.17E+09,-4.16E+11,1.52E+09,1610.35,1642.17,2.24E-12
0.02125,5.67232,0.5,0.017407,-0.0121885,-0.00665101,0.0201823,-0.024058,0.0323708,0,-0.801144,-0.598472,-0.100912,0.598472,-0.801144,-0.0332551,0,0,1,-0.801144,-0.598472,-0.100912,0.598472,-0.801144,-0.0332551,0,0,1,0,0,0.0304712,0,0,0.0435175,0.0304712,0.0435175,0.00564453,-1.80114,0,-0.0504558,0,-1.80114,-0.0166275,-0.0504558,-0.0166275,0,-6.93E+11,0,-7.76E+09,0,-6.93E+11,-2.56E+09,-7.76E+09,-2.56E+09,-4.16E+11,2.23E+09,5.21E+08,-7.92E+09,5.21E+08,8.23E+08,-2.61E+09,-7.92E+09,-2.61E+09,1.52E+09,8.17E+09,8.33E+09,8.17E+09,-4.16E+11,1.52E+09,1610.35,1642.17,2.61E-12
0.02125,5.84685,0.5,0.019259,-0.00898064,-0.0100546,0.0187208,-0.0293136,0.0277014,0,-0.801144,-0.598472,-0.0936039,0.598472,-0.801144,-0.050273,0,0,1,-0.801144,-0.598472,-0.0936039,0.598472,-0.801144,-0.050273,0,0,1,0,0,0.0224516,0,0,0.0481476,0.0224516,0.0481476,0.00564453,-1.80114,0,-0.046802,0,-1.80114,-0.0251365,-0.046802,-0.0251365,0,-6.93E+11,0,-7.20E+09,0,-6.93E+11,-3.87E+09,-7.20E+09,-3.87E+09,-4.16E+11,2.01E+09,7.31E+08,-7.34E+09,7.31E+08,1.04E+09,-3.94E+09,-7.34E+09,-3.94E+09,1.52E+09,8.17E+09,8.33E+09,8.17E+09,-4.16E+11,1.52E+09,1610.35,1642.17,1.85E-12
0.02125,6.02139,0.5,0.0205259,-0.0054999,-0.0131527,0.0166904,-0.0336786,0.0221903,0,-0.801144,-0.598472,-0.083452,0.598472,-0.801144,-0.0657634,0,0,1,-0.801144,-0.598472,-0.083452,0.598472,-0.801144,-0.0657634,0,0,1,0,0,0.0137498,0,0,0.0513148,0.0137498,0.0513148,0.00564453,-1.80114,0,-0.041726,0,-1.80114,-0.0328817,-0.041726,-0.0328817,0,-6.93E+11,0,-6.42E+09,0,-6.93E+11,-5.06E+09,-6.42E+09,-5.06E+09,-4.16E+11,1.73E+09,8.53E+08,-6.55E+09,8.53E+08,1.32E+09,-5.16E+09,-6.55E+09,-5.16E+09,1.52E+09,8.17E+09,8.33E+09,8.17E+09,-4.16E+11,1.52E+09,1610.35,1642.17,2.11E-12
0.02125,6.19592,0.5,0.0211691,-0.00185206,-0.0158511,0.0141529,-0.0370203,0.016005,0,-0.801144,-0.598472,-0.0707645,0.598472,-0.801144,-0.0792556,0,0,1,-0.801144,-0.598472,-0.0707645,0.598472,-0.801144,-0.0792556,0,0,1,0,0,0.00463015,0,0,0.0529228,0.00463015,0.0529228,0.00564453,-1.80114,0,-0.0353823,0,-1.80114,-0.0396278,-0.0353823,-0.0396278,0,-6.93E+11,0,-5.44E+09,0,-6.93E+11,-6.10E+09,-5.44E+09,-6.10E+09,-4.16E+11,1.43E+09,8.71E+08,-5.55E+09,8.71E+08,1.63E+09,-6.22E+09,-5.55E+09,-6.22E+09,1.52E+09,8.17E+09,8.33E+09,8.17E+09,-4.16E+11,1.52E+09,1610.35,1642.17,1.90E-12
0.02375,0.0872665,0.5,0.0236596,0.00206995,-0.0201936,0.0125013,-0.0438532,0.0104314,0,-0.801144,-0.598472,-0.0625065,0.598472,-0.801144,-0.100968,0,0,1,-0.801144,-0.598472,-0.0625065,0.598472,-0.801144,-0.100968,0,0,1,0,0,-0.00517487,0,0,0.0591491,-0.00517487,0.0591491,0.00705078,-1.80114,0,-0.0312532,0,-1.80114,-0.0504839,-0.0312532,-0.0504839,0,-6.93E+11,0,-4.81E+09,0,-6.93E+11,-7.77E+09,-4.81E+09,-7.77E+09,-4.16E+11,1.42E+09,9.83E+08,-4.93E+09,9.83E+08,2.40E+09,-7.96E+09,-4.93E+09,-7.96E+09,1.90E+09,9.13E+09,9.36E+09,9.13E+09,-4.16E+11,1.90E+09,2248.2,2303.68,1.96E-12
0.02375,0.261799,0.5,0.0229407,0.00614695,-0.0220576,0.0088048,-0.0449983,0.00265785,0,-0.801144,-0.598472,-0.044024,0.598472,-0.801144,-0.110288,0,0,1,-0.801144,-0.598472,-0.044024,0.598472,-0.801144,-0.110288,0,0,1,0,0,-0.0153674,0,0,0.0573518,-0.0153674,0.0573518,0.00705078,-1.80114,0,-0.022012,0,-1.80114,-0.055144,-0.022012,-0.055144,0,-6.93E+11,0,-3.39E+09,0,-6.93E+11,-8.48E+09,-3.39E+09,-8.48E+09,-4.16E+11,1.12E+09,7.56E+08,-3.47E+09,7.56E+08,2.71E+09,-8.69E+09,-3.47E+09,-8.69E+09,1.90E+09,9.13E+09,9.36E+09,9.13E+09,-4.16E+11,1.90E+09,2248.2,2303.68,3.14E-12
0.02375,0.436332,0.5,0.0215248,0.0100372,-0.0232514,0.00484077,-0.0447762,-0.00519641,0,-0.801144,-0.598472,-0.0242039,0.598472,-0.801144,-0.116257,0,0,1,-0.801144,-0.598472,-0.0242039,0.598472,-0.801144,-0.116257,0,0,1,0,0,-0.025093,0,0,0.053812,-0.025093,0.053812,0.00705078,-1.80114,0,-0.0121019,0,-1.80114,-0.0581286,-0.0121019,-0.0581286,0,-6.93E+11,0,-1.86E+09,0,-6.93E+11,-8.94E+09,-1.86E+09,-8.94E+09,-4.16E+11,9.05E+08,4.38E+08,-1.91E+09,4.38E+08,2.92E+09,-9.16E+09,-1.91E+09,-9.16E+09,1.90E+09,9.13E+09,9.36E+09,9.13E+09,-4.16E+11,1.90E+09,2248.2,2303.68,2.04E-12
0.02375,0.610865,0.5,0.0194549,0.0136224,-0.0237388,0.000729661,-0.0431936,-0.0128928,0,-0.801144,-0.598472,-0.00364831,0.598472,-0.801144,-0.118694,0,0,1,-0.801144,-0.598472,-0.00364831,0.598472,-0.801144,-0.118694,0,0,1,0,0,-0.0340561,0,0,0.0486372,-0.0340561,0.0486372,0.00705078,-1.80114,0,-0.00182415,0,-1.80114,-0.059347,-0.00182415,-0.059347,0,-6.93E+11,0,-2.81E+08,0,-6.93E+11,-9.13E+09,-2.81E+08,-9.13E+09,-4.16E+11,8.16E+08,6.74E+07,-2.88E+08,6.74E+07,3.01E+09,-9.36E+09,-2.88E+08,-9.36E+09,1.90E+09,9.13E+09,9.36E+09,9.13E+09,-4.16E+11,1.90E+09,2248.2,2303.68,1.76E-12
0.02375,0.785398,0.5,0.0167938,0.0167938,-0.0235048,-0.00340362,-0.0402986,-0.0201974,0,-0.801144,-0.598472,0.0170181,0.598472,-0.801144,-0.117524,0,0,1,-0.801144,-0.598472,0.0170181,0.598472,-0.801144,-0.117524,0,0,1,0,0,-0.0419845,0,0,0.0419845,-0.0419845,0.0419845,0.00705078,-1.80114,0,0.00850905,0,-1.80114,-0.0587621,0.00850905,-0.0587621,0,-6.93E+11,0,1.31E+09,0,-6.93E+11,-9.04E+09,1.31E+09,-9.04E+09,-4.16E+11,8.59E+08,-3.11E+08,1.34E+09,-3.11E+08,2.96E+09,-9.26E+09,1.34E+09,-9.26E+09,1.90E+09,9.13E+09,9.36E+09,9.13E+09,-4.16E+11,1.90E+09,2248.2,2303.68,2.31E-12
0.02375,0.959931,0.5,0.0136224,0.0194549,-0.0225567,-0.00743349,-0.0361792,-0.0268883,0,-0.801144,-0.598472,0.0371674,0.598472,-0.801144,-0.112784,0,0,1,-0.801144,-0.598472,0.0371674,0.598472,-0.801144,-0.112784,0,0,1,0,0,-0.0486372,0,0,0.0340561,-0.0486372,0.0340561,0.00705078,-1.80114,0,0.0185837,0,-1.80114,-0.0563918,0.0185837,-0.0563918,0,-6.93E+11,0,2.86E+09,0,-6.93E+11,-8.68E+09,2.86E+09,-8.68E+09,-4.16E+11,1.03E+09,-6.53E+08,2.93E+09,-6.53E+08,2.79E+09,-8.89E+09,2.93E+09,-8.89E+09,1.90E+09,9.13E+09,9.36E+09,9.13E+09,-4.16E+11,1.90E+09,2248.2,2303.68,2.11E-12
0.02375,1.13446,0.5,0.0100372,0.0215248,-0.0209232,-0.0112375,-0.0309604,-0.0327623,0,-0.801144,-0.598472,0.0561874,0.598472,-0.801144,-0.104616,0,0,1,-0.801144,-0.598472,0.0561874,0.598472,-0.801144,-0.104616,0,0,1,0,0,-0.053812,0,0,0.025093,-0.053812,0.025093,0.00705078,-1.80114,0,0.0280937,0,-1.80114,-0.0523081,0.0280937,-0.0523081,0,-6.93E+11,0,4.32E+09,0,-6.93E+11,-8.05E+09,4.32E+09,-8.05E+09,-4.16E+11,1.31E+09,-9.15E+08,4.43E+09,-9.15E+08,2.52E+09,-8.25E+09,4.43E+09,-8.25E+09,1.90E+09,9.13E+09,9.36E+09,9.13E+09,-4.16E+11,1.90E+09,2248.2,2303.68,3.57E-12
0.02375,1.309,0.5,0.00614695,0.0229407,-0.018654,-0.0147,-0.0248009,-0.0376408,0,-0.801144,-0.598472,0.0735002,0.598472,-0.801144,-0.0932699,0,0,1,-0.801144,-0.598472,0.0735002,0.598472,-0.801144,-0.0932699,0,0,1,0,0,-0.0573518,0,0,0.0153674,-0.0573518,0.0153674,0.00705078,-1.80114,0,0.0367501,0,-1.80114,-0.046635,0.0367501,-0.046635,0,-6.93E+11,0,5.65E+09,0,-6.93E+11,-7.17E+09,5.65E+09,-7.17E+09,-4.16E+11,1.65E+09,-1.07E+09,5.79E+09,-1.07E+09,2.17E+09,-7.35E+09,5.79E+09,-7.35E+09,1.90E+09,9.13E+09,9.36E+09,9.13E+09,-4.16E+11,1.90E+09,2248.2,2303.68,2.97E-12
0.02375,1.48353,0.5,0.00206995,0.0236596,-0.015818,-0.017716,-0.0178879,-0.0413756,0,-0.801144,-0.598472,0.0885798,0.598472,-0.801144,-0.0790898,0,0,1,-0.801144,-0.598472,0.0885798,0.598472,-0.801144,-0.0790898,0,0,1,0,0,-0.0591491,0,0,0.00517487,-0.0591491,0.00517487,0.00705078,-1.80114,0,0.0442899,0,-1.80114,-0.0395449,0.0442899,-0.0395449,0,-6.93E+11,0,6.81E+09,0,-6.93E+11,-6.08E+09,6.81E+09,-6.08E+09,-4.16E+11,2.04E+09,-1.09E+09,6.98E+09,-1.09E+09,1.79E+09,-6.23E+09,6.98E+09,-6.23E+09,1.90E+09,9.13E+09,9.36E+09,9.13E+09,-4.16E+11,1.90E+09,2248.2,2303.68,3.08E-12
0.02375,1.65806,0.5,-0.00206995,0.0236596,-0.0125013,-0.0201936,-0.0104314,-0.0438532,0,-0.801144,-0.598472,0.100968,0.598472,-0.801144,-0.0625065,0,0,1,-0.801144,-0.598472,0.100968,0.598472,-0.801144,-0.0625065,0,0,1,0,0,-0.0591491,0,0,-0.00517487,-0.0591491,-0.00517487,0.00705078,-1.80114,0,0.0504839,0,-1.80114,-0.0312532,0.0504839,-0.0312532,0,-6.93E+11,0,7.77E+09,0,-6.93E+11,-4.81E+09,7.77E+09,-4.81E+09,-4.16E+11,2.40E+09,-9.83E+08,7.96E+09,-9.83E+08,1.42E+09,-4.93E+09,7.96E+09,-4.93E+09,1.90E+09,9.13E+09,9.36E+09,9.13E+09,-4.16E+11,1.90E+09,2248.2,2303.68,1.95E-12
0.02375,1.8326,0.5,-0.00614695,0.0229407,-0.0088048,-0.0220576,-0.00265785,-0.0449983,0,-0.801144,-0.598472,0.110288,0.598472,-0.801144,-0.044024,0,0,1,-0.801144,-0.598472,0.110288,0.598472,-0.801144,-0.044024,0,0,1,0,0,-0.0573518,0,0,-0.0153674,-0.0573518,-0.0153674,0.00705078,-1.80114,0,0.055144,0,-1.80114,-0.022012,0.055144,-0.022012,0,-6.93E+11,0,8.48E+09,0,-6.93E+11,-3.39E+09,8.48E+09,-3.39E+09,-4.16E+11,2.71E+09,-7.56E+08,8.69E+09,-7.56E+08,1.12E+09,-3.47E+09,8.69E+09,-3.47E+09,1.90E+09,9.13E+09,9.36E+09,9.13E+09,-4.16E+11,1.90E+09,2248.2,2303.68,1.62E-12
0.02375,2.00713,0.5,-0.0100372,0.0215248,-0.00484077,-0.0232514,0.00519641,-0.0447762,0,-0.801144,-0.598472,0.116257,0.598472,-0.801144,-0.0242039,0,0,1,-0.801144,-0.598472,0.116257,0.598472,-0.801144,-0.0242039,0,0,1,0,0,-0.053812,0,0,-0.025093,-0.053812,-0.025093,0.00705078,-1.80114,0,0.0581286,0,-1.80114,-0.0121019,0.0581286,-0.0121019,0,-6.93E+11,0,8.94E+09,0,-6.93E+11,-1.86E+09,8.94E+09,-1.86E+09,-4.16E+11,2.92E+09,-4.38E+08,9.16E+09,-4.38E+08,9.05E+08,-1.91E+09,9.16E+09,-1.91E+09,1.90E+09,9.13E+09,9.36E+09,9.13E+09,-4.16E+11,1.90E+09,2248.2,2303.68,3.39E-12
0.02375,2.18166,0.5,-0.0136224,0.0194549,-0.000729661,-0.0237388,0.0128928,-0.0431936,0,-0.801144,-0.598472,0.118694,0.598472,-0.801144,-0.00364831,0,0,1,-0.801144,-0.598472,0.118694,0.598472,-0.801144,-0.00364831,0,0,1,0,0,-0.0486372,0,0,-0.0340561,-0.0486372,-0.0340561,0.00705078,-1.80114,0,0.059347,0,-1.80114,-0.00182415,0.059347,-0.00182415,0,-6.93E+11,0,9.13E+09,0,-6.93E+11,-2.81E+08,9.13E+09,-2.81E+08,-4.16E+11,3.01E+09,-6.74E+07,9.36E+09,-6.74E+07,8.16E+08,-2.88E+08,9.36E+09,-2.88E+08,1.90E+09,9.13E+09,9.36E+09,9.13E+09,-4.16E+11,1.90E+09,2248.2,2303.68,2.58E-12
0.02375,2.35619,0.5,-0.0167938,0.0167938,0.00340362,-0.0235048,0.0201974,-0.0402986,0,-0.801144,-0.598472,0.117524,0.598472,-0.801144,0.0170181,0,0,1,-0.801144,-0.598472,0.117524,0.598472,-0.801144,0.0170181,0,0,1,0,0,-0.0419845,0,0,-0.0419845,-0.0419845,-0.0419845,0.00705078,-1.80114,0,0.0587621,0,-1.80114,0.00850905,0.0587621,0.00850905,0,-6.93E+11,0,9.04E+09,0,-6.93E+11,1.31E+09,9.04E+09,1.31E+09,-4.16E+11,2.96E+09,3.11E+08,9.26E+09,3.11E+08,8.59E+08,1.34E+09,9.26E+09,1.34E+09,1.90E+09,9.13E+09,9.36E+09,9.13E+09,-4.16E+11,1.90E+09,2248.2,2303.68,2.31E-12
0.02375,2.53073,0.5,-0.0194549,0.0136224,0.00743349,-0.0225567,0.0268883,-0.0361792,0,-0.801144,-0.598472,0.112784,0.598472,-0.801144,0.0371674,0,0,1,-0.801144,-0.598472,0.112784,0.598472,-0.801144,0.0371674,0,0,1,0,0,-0.0340561,0,0,-0.0486372,-0.0340561,-0.0486372,0.00705078,-1.80114,0,0.0563918,0,-1.80114,0.0185837,0.0563918,0.0185837,0,-6.93E+11,0,8.68E+09,0,-6.93E+11,2.86E+09,8.68E+09,2.86E+09,-4.16E+11,2.79E+09,6.53E+08,8.89E+09,6.53E+08,1.03E+09,2.93E+09,8.89E+09,2.93E+09,1.90E+09,9.13E+09,9.36E+09,9.13E+09,-4.16E+11,1.90E+09,2248.2,2303.68,2.02E-12
0.02375,2.70526,0.5,-0.0215248,0.0100372,0.0112375,-0.0209232,0.0327623,-0.0309604,0,-0.801144,-0.598472,0.104616,0.598472,-0.801144,0.0561874,0,0,1,-0.801144,-0.598472,0.104616,0.598472,-0.801144,0.0561874,0,0,1,0,0,-0.025093,0,0,-0.053812,-0.025093,-0.053812,0.00705078,-1.80114,0,0.0523081,0,-1.80114,0.0280937,0.0523081,0.0280937,0,-6.93E+11,0,8.05E+09,0,-6.93E+11,4.32E+09,8.05E+09,4.32E+09,-4.16E+11,2.52E+09,9.15E+08,8.25E+09,9.15E+08,1.31E+09,4.43E+09,8.25E+09,4.43E+09,1.90E+09,9.13E+09,9.36E+09,9.13E+09,-4.16E+11,1.90E+09,2248.2,2303.68,3.57E-12
0.02375,2.87979,0.5,-0.0229407,0.00614695,0.0147,-0.018654,0.0376408,-0.0248009,0,-0.801144,-0.598472,0.0932699,0.598472,-0.801144,0.0735002,0,0,1,-0.801144,-0.598472,0.0932699,0.598472,-0.801144,0.0735002,0,0,1,0,0,-0.0153674,0,0,-0.0573518,-0.0153674,-0.0573518,0.00705078,-1.80114,0,0.046635,0,-1.80114,0.0367501,0.046635,0.0367501,0,-6.93E+11,0,7.17E+09,0,-6.93E+11,5.65E+09,7.17E+09,5.65E+09,-4.16E+11,2.17E+09,1.07E+09,7.35E+09,1.07E+09,1.65E+09,5.79E+09,7.35E+09,5.79E+09,1.90E+09,9.13E+09,9.36E+09,9.13E+09,-4.16E+11,1.90E+09,2248.2,2303.68,2.62E-12
0.02375,3.05433,0.5,-0.0236596,0.00206995,0.017716,-0.015818,0.0413756,-0.0178879,0,-0.801144,-0.598472,0.0790898,0.598472,-0.801144,0.0885798,0,0,1,-0.801144,-0.598472,0.0790898,0.598472,-0.801144,0.0885798,0,0,1,0,0,-0.00517487,0,0,-0.0591491,-0.00517487,-0.0591491,0.00705078,-1.80114,0,0.0395449,0,-1.80114,0.0442899,0.0395449,0.0442899,0,-6.93E+11,0,6.08E+09,0,-6.93E+11,6.81E+09,6.08E+09,6.81E+09,-4.16E+11,1.79E+09,1.09E+09,6.23E+09,1.09E+09,2.04E+09,6.98E+09,6.23E+09,6.98E+09,1.90E+09,9.13E+09,9.36E+09,9.13E+09,-4.16E+11,1.90E+09,2248.2,2303.68,2.40E-12
0.02375,3.22886,0.5,-0.0236596,-0.00206995,0.0201936,-0.0125013,0.0438532,-0.0104314,0,-0.801144,-0.598472,0.0625065,0.598472,-0.801144,0.100968,0,0,1,-0.801144,-0.598472,0.0625065,0.598472,-0.801144,0.100968,0,0,1,0,0,0.00517487,0,0,-0.0591491,0.00517487,-0.0591491,0.00705078,-1.80114,0,0.0312532,0,-1.80114,0.0504839,0.0312532,0.0504839,0,-6.93E+11,0,4.81E+09,0,-6.93E+11,7.77E+09,4.81E+09,7.77E+09,-4.16E+11,1.42E+09,9.83E+08,4.93E+09,9.83E+08,2.40E+09,7.96E+09,4.93E+09,7.96E+09,1.90E+09,9.13E+09,9.36E+09,9.13E+09,-4.16E+11,1.90E+09,2248.2,2303.68,1.95E-12
0.02375,3.40339,0.5,-0.0229407,-0.00614695,0.0220576,-0.0088048,0.0449983,-0.00265785,0,-0.801144,-0.598472,0.044024,0.598472,-0.801144,0.110288,0,0,1,-0.801144,-0.598472,0.044024,0.598472,-0.801144,0.110288,0,0,1,0,0,0.0153674,0,0,-0.0573518,0.0153674,-0.0573518,0.00705078,-1.80114,0,0.022012,0,-1.80114,0.055144,0.022012,0.055144,0,-6.93E+11,0,3.39E+09,0,-6.93E+11,8.48E+09,3.39E+09,8.48E+09,-4.16E+11,1.12E+09,7.56E+08,3.47E+09,7.56E+08,2.71E+09,8.69E+09,3.47E+09,8.69E+09,1.90E+09,9.13E+09,9.36E+09,9.13E+09,-4.16E+11,1.90E+09,2248.2,2303.68,1.62E-12
0.02375,3.57792,0.5,-0.0215248,-0.0100372,0.0232514,-0.00484077,0.0447762,0.00519641,0,-0.801144,-0.598472,0.0242039,0.598472,-0.801144,0.116257,0,0,1,-0.801144,-0.598472,0.0242039,0.598472,-0.801144,0.116257,0,0,1,0,0,0.025093,0,0,-0.053812,0.025093,-0.053812,0.00705078,-1.80114,0,0.0121019,0,-1.80114,0.0581286,0.0121019,0.0581286,0,-6.93E+11,0,1.86E+09,0,-6.93E+11,8.94E+09,1.86E+09,8.94E+09,-4.16E+11,9.05E+08,4.38E+08,1.91E+09,4.38E+08,2.92E+09,9.16E+09,1.91E+09,9.16E+09,1.90E+09,9.13E+09,9.36E+09,9.13E+09,-4.16E+11,1.90E+09,2248.2,2303.68,2.56E-12
0.02375,3.75246,0.5,-0.0194549,-0.0136224,0.0237388,-0.000729661,0.0431936,0.0128928,0,-0.801144,-0.598472,0.00364831,0.598472,-0.801144,0.118694,0,0,1,-0.801144,-0.598472,0.00364831,0.598472,-0.801144,0.118694,0,0,1,0,0,0.0340561,0,0,-0.0486372,0.0340561,-0.0486372,0.00705078,-1.80114,0,0.00182415,0,-1.80114,0.059347,0.00182415,0.059347,0,-6.93E+11,0,2.81E+08,0,-6.93E+11,9.13E+09,2.81E+08,9.13E+09,-4.16E+11,8.16E+08,6.74E+07,2.88E+08,6.74E+07,3.01E+09,9.36E+09,2.88E+08,9.36E+09,1.90E+09,9.13E+09,9.36E+09,9.13E+09,-4.16E+11,1.90E+09,2248.2,2303.68,2.58E-12
0.02375,3.92699,0.5,-0.0167938,-0.0167938,0.0235048,0.00340362,0.0402986,0.0201974,0,-0.801144,-0.598472,-0.0170181,0.598472,-0.801144,0.117524,0,0,1,-0.801144,-0.598472,-0.0170181,0.598472,-0.801144,0.117524,0,0,1,0,0,0.0419845,0,0,-0.0419845,0.0419845,-0.0419845,0.00705078,-1.80114,0,-0.00850905,0,-1.80114,0.0587621,-0.00850905,0.0587621,0,-6.93E+11,0,-1.31E+09,0,-6.93E+11,9.04E+09,-1.31E+09,9.04E+09,-4.16E+11,8.59E+08,-3.11E+08,-1.34E+09,-3.11E+08,2.96E+09,9.26E+09,-1.34E+09,9.26E+09,1.90E+09,9.13E+09,9.36E+09,9.13E+09,-4.16E+11,1.90E+09,2248.2,2303.68,2.31E-12
0.02375,4.10152,0.5,-0.0136224,-0.0194549,0.0225567,0.00743349,0.0361792,0.0268883,0,-0.801144,-0.598472,-0.0371674,0.598472,-0.801144,0.112784,0,0,1,-0.801144,-0.598472,-0.0371674,0.598472,-0.801144,0.112784,0,0,1,0,0,0.0486372,0,0,-0.0340561,0.0486372,-0.0340561,0.00705078,-1.80114,0,-0.0185837,0,-1.80114,0.0563918,-0.0185837,0.0563918,0,-6.93E+11,0,-2.86E+09,0,-6.93E+11,8.68E+09,-2.86E+09,8.68E+09,-4.16E+11,1.03E+09,-6.53E+08,-2.93E+09,-6.53E+08,2.79E+09,8.89E+09,-2.93E+09,8.89E+09,1.90E+09,9.13E+09,9.36E+09,9.13E+09,-4.16E+11,1.90E+09,2248.2,2303.68,2.02E-12
0.02375,4.27606,0.5,-0.0100372,-0.0215248,0.0209232,0.0112375,0.0309604,0.0327623,0,-0.801144,-0.598472,-0.0561874,0.598472,-0.801144,0.104616,0,0,1,-0.801144,-0.598472,-0.0561874,0.598472,-0.801144,0.104616,0,0,1,0,0,0.053812,0,0,-0.025093,0.053812,-0.025093,0.00705078,-1.80114,0,-0.0280937,0,-1.80114,0.0523081,-0.0280937,0.0523081,0,-6.93E+11,0,-4.32E+09,0,-6.93E+11,8.05E+09,-4.32E+09,8.05E+09,-4.16E+11,1.31E+09,-9.15E+08,-4.43E+09,-9.15E+08,2.52E+09,8.25E+09,-4.43E+09,8.25E+09,1.90E+09,9.13E+09,9.36E+09,9.13E+09,-4.16E+11,1.90E+09,2248.2,2303.68,3.56E-12
0.02375,4.45059,0.5,-0.00614695,-0.0229407,0.018654,0.0147,0.0248009,0.0376408,0,-0.801144,-0.598472,-0.0735002,0.598472,-0.801144,0.0932699,0,0,1,-0.801144,-0.598472,-0.0735002,0.598472,-0.801144,0.0932699,0,0,1,0,0,0.0573518,0,0,-0.0153674,0.0573518,-0.0153674,0.00705078,-1.80114,0,-0.0367501,0,-1.80114,0.046635,-0.0367501,0.046635,0,-6.93E+11,0,-5.65E+09,0,-6.93E+11,7.17E+09,-5.65E+09,7.17E+09,-4.16E+11,1.65E+09,-1.07E+09,-5.79E+09,-1.07E+09,2.17E+09,7.35E+09,-5.79E+09,7.35E+09,1.90E+09,9.13E+09,9.36E+09,9.13E+09,-4.16E+11,1.90E+09,2248.2,2303.68,1.76E-12
0.02375,4.62512,0.5,-0.00206995,-0.0236596,0.015818,0.017716,0.0178879,0.0413756,0,-0.801144,-0.598472,-0.0885798,0.598472,-0.801144,0.0790898,0,0,1,-0.801144,-0.598472,-0.0885798,0.598472,-0.801144,0.0790898,0,0,1,0,0,0.0591491,0,0,-0.00517487,0.0591491,-0.00517487,0.00705078,-1.80114,0,-0.0442899,0,-1.80114,0.0395449,-0.0442899,0.0395449,0,-6.93E+11,0,-6.81E+09,0,-6.93E+11,6.08E+09,-6.81E+09,6.08E+09,-4.16E+11,2.04E+09,-1.09E+09,-6.98E+09,-1.09E+09,1.79E+09,6.23E+09,-6.98E+09,6.23E+09,1.90E+09,9.13E+09,9.36E+09,9.13E+09,-4.16E+11,1.90E+09,2248.2,2303.68,2.13E-12
0.02375,4.79966,0.5,0.00206995,-0.0236596,0.0125013,0.0201936,0.0104314,0.0438532,0,-0.801144,-0.598472,-0.100968,0.598472,-0.801144,0.0625065,0,0,1,-0.801144,-0.598472,-0.100968,0.598472,-0.801144,0.0625065,0,0,1,0,0,0.0591491,0,0,0.00517487,0.0591491,0.00517487,0.00705078,-1.80114,0,-0.0504839,0,-1.80114,0.0312532,-0.0504839,0.0312532,0,-6.93E+11,0,-7.77E+09,0,-6.93E+11,4.81E+09,-7.77E+09,4.81E+09,-4.16E+11,2.40E+09,-9.83E+08,-7.96E+09,-9.83E+08,1.42E+09,4.93E+09,-7.96E+09,4.93E+09,1.90E+09,9.13E+09,9.36E+09,9.13E+09,-4.16E+11,1.90E+09,2248.2,2303.68,2.41E-12
0.02375,4.97419,0.5,0.00614695,-0.0229407,0.0088048,0.0220576,0.00265785,0.0449983,0,-0.801144,-0.598472,-0.110288,0.598472,-0.801144,0.044024,0,0,1,-0.801144,-0.598472,-0.110288,0.598472,-0.801144,0.044024,0,0,1,0,0,0.0573518,0,0,0.0153674,0.0573518,0.0153674,0.00705078,-1.80114,0,-0.055144,0,-1.80114,0.022012,-0.055144,0.022012,0,-6.93E+11,0,-8.48E+09,0,-6.93E+11,3.39E+09,-8.48E+09,3.39E+09,-4.16E+11,2.71E+09,-7.56E+08,-8.69E+09,-7.56E+08,1.12E+09,3.47E+09,-8.69E+09,3.47E+09,1.90E+09,9.13E+09,9.36E+09,9.13E+09,-4.16E+11,1.90E+09,2248.2,2303.68,2.12E-12
0.02375,5.14872,0.5,0.0100372,-0.0215248,0.00484077,0.0232514,-0.00519641,0.0447762,0,-0.801144,-0.598472,-0.116257,0.598472,-0.801144,0.0242039,0,0,1,-0.801144,-0.598472,-0.116257,0.598472,-0.801144,0.0242039,0,0,1,0,0,0.053812,0,0,0.025093,0.053812,0.025093,0.00705078,-1.80114,0,-0.0581286,0,-1.80114,0.0121019,-0.0581286,0.0121019,0,-6.93E+11,0,-8.94E+09,0,-6.93E+11,1.86E+09,-8.94E+09,1.86E+09,-4.16E+11,2.92E+09,-4.38E+08,-9.16E+09,-4.38E+08,9.05E+08,1.91E+09,-9.16E+09,1.91E+09,1.90E+09,9.13E+09,9.36E+09,9.13E+09,-4.16E+11,1.90E+09,2248.2,2303.68,1.86E-12
0.02375,5.32325,0.5,0.0136224,-0.0194549,0.000729661,0.0237388,-0.0128928,0.0431936,0,-0.801144,-0.598472,-0.118694,0.598472,-0.801144,0.00364831,0,0,1,-0.801144,-0.598472,-0.118694,0.598472,-0.801144,0.00364831,0,0,1,0,0,0.0486372,0,0,0.0340561,0.0486372,0.0340561,0.00705078,-1.80114,0,-0.059347,0,-1.80114,0.00182415,-0.059347,0.00182415,0,-6.93E+11,0,-9.13E+09,0,-6.93E+11,2.81E+08,-9.13E+09,2.81E+08,-4.16E+11,3.01E+09,-6.74E+07,-9.36E+09,-6.74E+07,8.16E+08,2.88E+08,-9.36E+09,2.88E+08,1.90E+09,9.13E+09,9.36E+09,9.13E+09,-4.16E+11,1.90E+09,2248.2,2303.68,1.76E-12
0.02375,5.49779,0.5,0.0167938,-0.0167938,-0.00340362,0.0235048,-0.0201974,0.0402986,0,-0.801144,-0.598472,-0.117524,0.598472,-0.801144,-0.0170181,0,0,1,-0.801144,-0.598472,-0.117524,0.598472,-0.801144,-0.0170181,0,0,1,0,0,0.0419845,0,0,0.0419845,0.0419845,0.0419845,0.00705078,-1.80114,0,-0.0587621,0,-1.80114,-0.00850905,-0.0587621,-0.00850905,0,-6.93E+11,0,-9.04E+09,0,-6.93E+11,-1.31E+09,-9.04E+09,-1.31E+09,-4.16E+11,2.96E+09,3.11E+08,-9.26E+09,3.11E+08,8.59E+08,-1.34E+09,-9.26E+09,-1.34E+09,1.90E+09,9.13E+09,9.36E+09,9.13E+09,-4.16E+11,1.90E+09,2248.2,2303.68,2.21E-12
0.02375,5.67232,0.5,0.0194549,-0.0136224,-0.00743349,0.0225567,-0.0268883,0.0361792,0,-0.801144,-0.598472,-0.112784,0.598472,-0.801144,-0.0371674,0,0,1,-0.801144,-0.598472,-0.112784,0.598472,-0.801144,-0.0371674,0,0,1,0,0,0.0340561,0,0,0.0486372,0.0340561,0.0486372,0.00705078,-1.80114,0,-0.0563918,0,-1.80114,-0.0185837,-0.0563918,-0.0185837,0,-6.93E+11,0,-8.68E+09,0,-6.93E+11,-2.86E+09,-8.68E+09,-2.86E+09,-4.16E+11,2.79E+09,6.53E+08,-8.89E+09,6.53E+08,1.03E+09,-2.93E+09,-8.89E+09,-2.93E+09,1.90E+09,9.13E+09,9.36E+09,9.13E+09,-4.16E+11,1.90E+09,2248.2,2303.68,2.11E-12
0.02375,5.84685,0.5,0.0215248,-0.0100372,-0.0112375,0.0209232,-0.0327623,0.0309604,0,-0.801144,-0.598472,-0.104616,0.598472,-0.801144,-0.0561874,0,0,1,-0.801144,-0.598472,-0.104616,0.598472,-0.801144,-0.0561874,0,0,1,0,0,0.025093,0,0,0.053812,0.025093,0.053812,0.00705078,-1.80114,0,-0.0523081,0,-1.80114,-0.0280937,-0.0523081,-0.0280937,0,-6.93E+11,0,-8.05E+09,0,-6.93E+11,-4.32E+09,-8.05E+09,-4.32E+09,-4.16E+11,2.52E+09,9.15E+08,-8.25E+09,9.15E+08,1.31E+09,-4.43E+09,-8.25E+09,-4.43E+09,1.90E+09,9.13E+09,9.36E+09,9.13E+09,-4.16E+11,1.90E+09,2248.2,2303.68,2.37E-12
0.02375,6.02139,0.5,0.0229407,-0.00614695,-0.0147,0.018654,-0.0376408,0.0248009,0,-0.801144,-0.598472,-0.0932699,0.598472,-0.801144,-0.0735002,0,0,1,-0.801144,-0.598472,-0.0932699,0.598472,-0.801144,-0.0735002,0,0,1,0,0,0.0153674,0,0,0.0573518,0.0153674,0.0573518,0.00705078,-1.80114,0,-0.046635,0,-1.80114,-0.0367501,-0.046635,-0.0367501,0,-6.93E+11,0,-7.17E+09,0,-6.93E+11,-5.65E+09,-7.17E+09,-5.65E+09,-4.16E+11,2.17E+09,1.07E+09,-7.35E+09,1.07E+09,1.65E+09,-5.79E+09,-7.35E+09,-5.79E+09,1.90E+09,9.13E+09,9.36E+09,9.13E+09,-4.16E+11,1.90E+09,2248.2,2303.68,2.41E-12
0.02375,6.19592,0.5,0.0236596,-0.00206995,-0.017716,0.015818,-0.0413756,0.0178879,0,-0.801144,-0.598472,-0.0790898,0.598472,-0.801144,-0.0885798,0,0,1,-0.801144,-0.598472,-0.0790898,0.598472,-0.801144,-0.0885798,0,0,1,0,0,0.00517487,0,0,0.0591491,0.00517487,0.0591491,0.00705078,-1.80114,0,-0.0395449,0,-1.80114,-0.0442899,-0.0395449,-0.0442899,0,-6.93E+11,0,-6.08E+09,0,-6.93E+11,-6.81E+09,-6.08E+09,-6.81E+09,-4.16E+11,1.79E+09,1.09E+09,-6.23E+09,1.09E+09,2.04E+09,-6.98E+09,-6.23E+09,-6.98E+09,1.90E+09,9.13E+09,9.36E+09,9.13E+09,-4.16E+11,1.90E+09,2248.2,2303.68,1.78E-12
0.02625,0.0872665,0.5,0.0261501,0.00228784,-0.0223192,0.0138172,-0.0484693,0.0115294,0,-0.801144,-0.598472,-0.0690861,0.598472,-0.801144,-0.111596,0,0,1,-0.801144,-0.598472,-0.0690861,0.598472,-0.801144,-0.111596,0,0,1,0,0,-0.0057196,0,0,0.0653753,-0.0057196,0.0653753,0.00861328,-1.80114,0,-0.0345431,0,-1.80114,-0.055798,-0.0345431,-0.055798,0,-6.93E+11,0,-5.31E+09,0,-6.93E+11,-8.58E+09,-5.31E+09,-8.58E+09,-4.16E+11,1.74E+09,1.20E+09,-5.47E+09,1.20E+09,2.94E+09,-8.84E+09,-5.47E+09,-8.84E+09,2.32E+09,1.01E+10,1.04E+10,1.01E+10,-4.16E+11,2.32E+09,3035.51,3127.02,2.05E-12
0.02625,0.261799,0.5,0.0253556,0.006794,-0.0243795,0.00973162,-0.049735,0.00293762,0,-0.801144,-0.598472,-0.0486581,0.598472,-0.801144,-0.121897,0,0,1,-0.801144,-0.598472,-0.0486581,0.598472,-0.801144,-0.121897,0,0,1,0,0,-0.016985,0,0,0.0633889,-0.016985,0.0633889,0.00861328,-1.80114,0,-0.0243291,0,-1.80114,-0.0609486,-0.0243291,-0.0609486,0,-6.93E+11,0,-3.74E+09,0,-6.93E+11,-9.38E+09,-3.74E+09,-9.38E+09,-4.16E+11,1.36E+09,9.26E+08,-3.86E+09,9.26E+08,3.31E+09,-9.66E+09,-3.86E+09,-9.66E+09,2.32E+09,1.01E+10,1.04E+10,1.01E+10,-4.16E+11,2.32E+09,3035.51,3127.02,3.04E-12
0.02625,0.436332,0.5,0.0237906,0.0110937,-0.025699,0.00535033,-0.0494895,-0.0057434,0,-0.801144,-0.598472,-0.0267516,0.598472,-0.801144,-0.128495,0,0,1,-0.801144,-0.598472,-0.0267516,0.598472,-0.801144,-0.128495,0,0,1,0,0,-0.0277343,0,0,0.0594764,-0.0277343,0.0594764,0.00861328,-1.80114,0,-0.0133758,0,-1.80114,-0.0642474,-0.0133758,-0.0642474,0,-6.93E+11,0,-2.06E+09,0,-6.93E+11,-9.88E+09,-2.06E+09,-9.88E+09,-4.16E+11,1.11E+09,5.37E+08,-2.12E+09,5.37E+08,3.57E+09,-1.02E+10,-2.12E+09,-1.02E+10,2.32E+09,1.01E+10,1.04E+10,1.01E+10,-4.16E+11,2.32E+09,3035.51,3127.02,2.36E-12
0.02625,0.610865,0.5,0.0215027,0.0150564,-0.0262376,0.000806468,-0.0477403,-0.0142499,0,-0.801144,-0.598472,-0.00403234,0.598472,-0.801144,-0.131188,0,0,1,-0.801144,-0.598472,-0.00403234,0.598472,-0.801144,-0.131188,0,0,1,0,0,-0.037641,0,0,0.0537569,-0.037641,0.0537569,0.00861328,-1.80114,0,-0.00201617,0,-1.80114,-0.065594,-0.00201617,-0.065594,0,-6.93E+11,0,-3.10E+08,0,-6.93E+11,-1.01E+10,-3.10E+08,-1.01E+10,-4.16E+11,9.96E+08,8.26E+07,-3.20E+08,8.26E+07,3.68E+09,-1.04E+10,-3.20E+08,-1.04E+10,2.32E+09,1.01E+10,1.04E+10,1.01E+10,-4.16E+11,2.32E+09,3035.51,3127.02,2.38E-12
0.02625,0.785398,0.5,0.0185616,0.0185616,-0.025979,-0.0037619,-0.0445406,-0.0223235,0,-0.801144,-0.598472,0.0188095,0.598472,-0.801144,-0.129895,0,0,1,-0.801144,-0.598472,0.0188095,0.598472,-0.801144,-0.129895,0,0,1,0,0,-0.0464039,0,0,0.0464039,-0.0464039,0.0464039,0.00861328,-1.80114,0,0.00940474,0,-1.80114,-0.0649476,0.00940474,-0.0649476,0,-6.93E+11,0,1.45E+09,0,-6.93E+11,-9.99E+09,1.45E+09,-9.99E+09,-4.16E+11,1.05E+09,-3.82E+08,1.49E+09,-3.82E+08,3.63E+09,-1.03E+10,1.49E+09,-1.03E+10,2.32E+09,1.01E+10,1.04E+10,1.01E+10,-4.16E+11,2.32E+09,3035.51,3127.02,2.37E-12
0.02625,0.959931,0.5,0.0150564,0.0215027,-0.0249311,-0.00821596,-0.0399875,-0.0297187,0,-0.801144,-0.598472,0.0410798,0.598472,-0.801144,-0.124656,0,0,1,-0.801144,-0.598472,0.0410798,0.598472,-0.801144,-0.124656,0,0,1,0,0,-0.0537569,0,0,0.037641,-0.0537569,0.037641,0.00861328,-1.80114,0,0.0205399,0,-1.80114,-0.0623278,0.0205399,-0.0623278,0,-6.93E+11,0,3.16E+09,0,-6.93E+11,-9.59E+09,3.16E+09,-9.59E+09,-4.16E+11,1.26E+09,-8.00E+08,3.26E+09,-8.00E+08,3.42E+09,-9.88E+09,3.26E+09,-9.88E+09,2.32E+09,1.01E+10,1.04E+10,1.01E+10,-4.16E+11,2.32E+09,3035.51,3127.02,1.61E-12
0.02625,1.13446,0.5,0.0110937,0.0237906,-0.0231257,-0.0124204,-0.0342194,-0.036211,0,-0.801144,-0.598472,0.0621019,0.598472,-0.801144,-0.115628,0,0,1,-0.801144,-0.598472,0.0621019,0.598472,-0.801144,-0.115628,0,0,1,0,0,-0.0594764,0,0,0.0277343,-0.0594764,0.0277343,0.00861328,-1.80114,0,0.031051,0,-1.80114,-0.0578142,0.031051,-0.0578142,0,-6.93E+11,0,4.78E+09,0,-6.93E+11,-8.89E+09,4.78E+09,-8.89E+09,-4.16E+11,1.60E+09,-1.12E+09,4.92E+09,-1.12E+09,3.08E+09,-9.16E+09,4.92E+09,-9.16E+09,2.32E+09,1.01E+10,1.04E+10,1.01E+10,-4.16E+11,2.32E+09,3035.51,3127.02,3.84E-12
0.02625,1.309,0.5,0.006794,0.0253556,-0.0206176,-0.0162474,-0.0274116,-0.041603,0,-0.801144,-0.598472,0.0812371,0.598472,-0.801144,-0.103088,0,0,1,-0.801144,-0.598472,0.0812371,0.598472,-0.801144,-0.103088,0,0,1,0,0,-0.0633889,0,0,0.016985,-0.0633889,0.016985,0.00861328,-1.80114,0,0.0406185,0,-1.80114,-0.0515439,0.0406185,-0.0515439,0,-6.93E+11,0,6.25E+09,0,-6.93E+11,-7.93E+09,6.25E+09,-7.93E+09,-4.16E+11,2.02E+09,-1.31E+09,6.44E+09,-1.31E+09,2.65E+09,-8.17E+09,6.44E+09,-8.17E+09,2.32E+09,1.01E+10,1.04E+10,1.01E+10,-4.16E+11,2.32E+09,3035.51,3127.02,3.35E-12
0.02625,1.48353,0.5,0.00228784,0.0261501,-0.017483,-0.0195808,-0.0197708,-0.0457309,0,-0.801144,-0.598472,0.0979039,0.598472,-0.801144,-0.087415,0,0,1,-0.801144,-0.598472,0.0979039,0.598472,-0.801144,-0.087415,0,0,1,0,0,-0.0653753,0,0,0.0057196,-0.0653753,0.0057196,0.00861328,-1.80114,0,0.048952,0,-1.80114,-0.0437075,0.048952,-0.0437075,0,-6.93E+11,0,7.53E+09,0,-6.93E+11,-6.72E+09,7.53E+09,-6.72E+09,-4.16E+11,2.49E+09,-1.34E+09,7.76E+09,-1.34E+09,2.19E+09,-6.93E+09,7.76E+09,-6.93E+09,2.32E+09,1.01E+10,1.04E+10,1.01E+10,-4.16E+11,2.32E+09,3035.51,3127.02,2.99E-12
0.02625,1.65806,0.5,-0.00228784,0.0261501,-0.0138172,-0.0223192,-0.0115294,-0.0484693,0,-0.801144,-0.598472,0.111596,0.598472,-0.801144,-0.0690861,0,0,1,-0.801144,-0.598472,0.111596,0.598472,-0.801144,-0.0690861,0,0,1,0,0,-0.0653753,0,0,-0.0057196,-0.0653753,-0.0057196,0.00861328,-1.80114,0,0.055798,0,-1.80114,-0.0345431,0.055798,-0.0345431,0,-6.93E+11,0,8.58E+09,0,-6.93E+11,-5.31E+09,8.58E+09,-5.31E+09,-4.16E+11,2.94E+09,-1.20E+09,8.84E+09,-1.20E+09,1.74E+09,-5.47E+09,8.84E+09,-5.47E+09,2.32E+09,1.01E+10,1.04E+10,1.01E+10,-4.16E+11,2.32E+09,3035.51,3127.02,2.47E-12
0.02625,1.8326,0.5,-0.006794,0.0253556,-0.00973162,-0.0243795,-0.00293762,-0.049735,0,-0.801144,-0.598472,0.121897,0.598472,-0.801144,-0.0486581,0,0,1,-0.801144,-0.598472,0.121897,0.598472,-0.801144,-0.0486581,0,0,1,0,0,-0.0633889,0,0,-0.016985,-0.0633889,-0.016985,0.00861328,-1.80114,0,0.0609486,0,-1.80114,-0.0243291,0.0609486,-0.0243291,0,-6.93E+11,0,9.38E+09,0,-6.93E+11,-3.74E+09,9.38E+09,-3.74E+09,-4.16E+11,3.31E+09,-9.26E+08,9.66E+09,-9.26E+08,1.36E+09,-3.86E+09,9.66E+09,-3.86E+09,2.32E+09,1.01E+10,1.04E+10,1.01E+10,-4.16E+11,2.32E+09,3035.51,3127.02,3.73E-12
0.02625,2.00713,0.5,-0.0110937,0.0237906,-0.00535033,-0.025699,0.0057434,-0.0494895,0,-0.801144,-0.598472,0.128495,0.598472,-0.801144,-0.0267516,0,0,1,-0.801144,-0.598472,0.128495,0.598472,-0.801144,-0.0267516,0,0,1,0,0,-0.0594764,0,0,-0.0277343,-0.0594764,-0.0277343,0.00861328,-1.80114,0,0.0642474,0,-1.80114,-0.0133758,0.0642474,-0.0133758,0,-6.93E+11,0,9.88E+09,0,-6.93E+11,-2.06E+09,9.88E+09,-2.06E+09,-4.16E+11,3.57E+09,-5.37E+08,1.02E+10,-5.37E+08,1.11E+09,-2.12E+09,1.02E+10,-2.12E+09,2.32E+09,1.01E+10,1.04E+10,1.01E+10,-4.16E+11,2.32E+09,3035.51,3127.02,2.72E-12
0.02625,2.18166,0.5,-0.0150564,0.0215027,-0.000806468,-0.0262376,0.0142499,-0.0477403,0,-0.801144,-0.598472,0.131188,0.598472,-0.801144,-0.00403234,0,0,1,-0.801144,-0.598472,0.131188,0.598472,-0.801144,-0.00403234,0,0,1,0,0,-0.0537569,0,0,-0.037641,-0.0537569,-0.037641,0.00861328,-1.80114,0,0.065594,0,-1.80114,-0.00201617,0.065594,-0.00201617,0,-6.93E+11,0,1.01E+10,0,-6.93E+11,-3.10E+08,1.01E+10,-3.10E+08,-4.16E+11,3.68E+09,-8.26E+07,1.04E+10,-8.26E+07,9.96E+08,-3.20E+08,1.04E+10,-3.20E+08,2.32E+09,1.01E+10,1.04E+10,1.01E+10,-4.16E+11,2.32E+09,3035.51,3127.02,2.18E-12
0.02625,2.35619,0.5,-0.0185616,0.0185616,0.0037619,-0.025979,0.0223235,-0.0445406,0,-0.801144,-0.598472,0.129895,0.598472,-0.801144,0.0188095,0,0,1,-0.801144,-0.598472,0.129895,0.598472,-0.801144,0.0188095,0,0,1,0,0,-0.0464039,0,0,-0.0464039,-0.0464039,-0.0464039,0.00861328,-1.80114,0,0.0649476,0,-1.80114,0.00940474,0.0649476,0.00940474,0,-6.93E+11,0,9.99E+09,0,-6.93E+11,1.45E+09,9.99E+09,1.45E+09,-4.16E+11,3.63E+09,3.82E+08,1.03E+10,3.82E+08,1.05E+09,1.49E+09,1.03E+10,1.49E+09,2.32E+09,1.01E+10,1.04E+10,1.01E+10,-4.16E+11,2.32E+09,3035.51,3127.02,2.37E-12
0.02625,2.53073,0.5,-0.0215027,0.0150564,0.00821596,-0.0249311,0.0297187,-0.0399875,0,-0.801144,-0.598472,0.124656,0.598472,-0.801144,0.0410798,0,0,1,-0.801144,-0.598472,0.124656,0.598472,-0.801144,0.0410798,0,0,1,0,0,-0.037641,0,0,-0.0537569,-0.037641,-0.0537569,0.00861328,-1.80114,0,0.0623278,0,-1.80114,0.0205399,0.0623278,0.0205399,0,-6.93E+11,0,9.59E+09,0,-6.93E+11,3.16E+09,9.59E+09,3.16E+09,-4.16E+11,3.42E+09,8.00E+08,9.88E+09,8.00E+08,1.26E+09,3.26E+09,9.88E+09,3.26E+09,2.32E+09,1.01E+10,1.04E+10,1.01E+10,-4.16E+11,2.32E+09,3035.51,3127.02,2.04E-12
0.02625,2.70526,0.5,-0.0237906,0.0110937,0.0124204,-0.0231257,0.036211,-0.0342194,0,-0.801144,-0.598472,0.115628,0.598472,-0.801144,0.0621019,0,0,1,-0.801144,-0.598472,0.115628,0.598472,-0.801144,0.0621019,0,0,1,0,0,-0.0277343,0,0,-0.0594764,-0.0277343,-0.0594764,0.00861328,-1.80114,0,0.0578142,0,-1.80114,0.031051,0.0578142,0.031051,0,-6.93E+11,0,8.89E+09,0,-6.93E+11,4.78E+09,8.89E+09,4.78E+09,-4.16E+11,3.08E+09,1.12E+09,9.16E+09,1.12E+09,1.60E+09,4.92E+09,9.16E+09,4.92E+09,2.32E+09,1.01E+10,1.04E+10,1.01E+10,-4.16E+11,2.32E+09,3035.51,3127.02,2.37E-12
0.02625,2.87979,0.5,-0.0253556,0.006794,0.0162474,-0.0206176,0.041603,-0.0274116,0,-0.801144,-0.598472,0.103088,0.598472,-0.801144,0.0812371,0,0,1,-0.801144,-0.598472,0.103088,0.598472,-0.801144,0.0812371,0,0,1,0,0,-0.016985,0,0,-0.0633889,-0.016985,-0.0633889,0.00861328,-1.80114,0,0.0515439,0,-1.80114,0.0406185,0.0515439,0.0406185,0,-6.93E+11,0,7.93E+09,0,-6.93E+11,6.25E+09,7.93E+09,6.25E+09,-4.16E+11,2.65E+09,1.31E+09,8.17E+09,1.31E+09,2.02E+09,6.44E+09,8.17E+09,6.44E+09,2.32E+09,1.01E+10,1.04E+10,1.01E+10,-4.16E+11,2.32E+09,3035.51,3127.02,2.82E-12
0.02625,3.05433,0.5,-0.0261501,0.00228784,0.0195808,-0.017483,0.0457309,-0.0197708,0,-0.801144,-0.598472,0.087415,0.598472,-0.801144,0.0979039,0,0,1,-0.801144,-0.598472,0.087415,0.598472,-0.801144,0.0979039,0,0,1,0,0,-0.0057196,0,0,-0.0653753,-0.0057196,-0.0653753,0.00861328,-1.80114,0,0.0437075,0,-1.80114,0.048952,0.0437075,0.048952,0,-6.93E+11,0,6.72E+09,0,-6.93E+11,7.53E+09,6.72E+09,7.53E+09,-4.16E+11,2.19E+09,1.34E+09,6.93E+09,1.34E+09,2.49E+09,7.76E+09,6.93E+09,7.76E+09,2.32E+09,1.01E+10,1.04E+10,1.01E+10,-4.16E+11,2.32E+09,3035.51,3127.02,2.99E-12
0.02625,3.22886,0.5,-0.0261501,-0.00228784,0.0223192,-0.0138172,0.0484693,-0.0115294,0,-0.801144,-0.598472,0.0690861,0.598472,-0.801144,0.111596,0,0,1,-0.801144,-0.598472,0.0690861,0.598472,-0.801144,0.111596,0,0,1,0,0,0.0057196,0,0,-0.0653753,0.0057196,-0.0653753,0.00861328,-1.80114,0,0.0345431,0,-1.80114,0.055798,0.0345431,0.055798,0,-6.93E+11,0,5.31E+09,0,-6.93E+11,8.58E+09,5.31E+09,8.58E+09,-4.16E+11,1.74E+09,1.20E+09,5.47E+09,1.20E+09,2.94E+09,8.84E+09,5.47E+09,8.84E+09,2.32E+09,1.01E+10,1.04E+10,1.01E+10,-4.16E+11,2.32E+09,3035.51,3127.02,2.06E-12
0.02625,3.40339,0.5,-0.0253556,-0.006794,0.0243795,-0.00973162,0.049735,-0.00293762,0,-0.801144,-0.598472,0.0486581,0.598472,-0.801144,0.121897,0,0,1,-0.801144,-0.598472,0.0486581,0.598472,-0.801144,0.121897,0,0,1,0,0,0.016985,0,0,-0.0633889,0.016985,-0.0633889,0.00861328,-1.80114,0,0.0243291,0,-1.80114,0.0609486,0.0243291,0.0609486,0,-6.93E+11,0,3.74E+09,0,-6.93E+11,9.38E+09,3.74E+09,9.38E+09,-4.16E+11,1.36E+09,9.26E+08,3.86E+09,9.26E+08,3.31E+09,9.66E+09,3.86E+09,9.66E+09,2.32E+09,1.01E+10,1.04E+10,1.01E+10,-4.16E+11,2.32E+09,3035.51,3127.02,3.04E-12
0.02625,3.57792,0.5,-0.0237906,-0.0110937,0.025699,-0.00535033,0.0494895,0.0057434,0,-0.801144,-0.598472,0.0267516,0.598472,-0.801144,0.128495,0,0,1,-0.801144,-0.598472,0.0267516,0.598472,-0.801144,0.128495,0,0,1,0,0,0.0277343,0,0,-0.0594764,0.0277343,-0.0594764,0.00861328,-1.80114,0,0.0133758,0,-1.80114,0.0642474,0.0133758,0.0642474,0,-6.93E+11,0,2.06E+09,0,-6.93E+11,9.88E+09,2.06E+09,9.88E+09,-4.16E+11,1.11E+09,5.37E+08,2.12E+09,5.37E+08,3.57E+09,1.02E+10,2.12E+09,1.02E+10,2.32E+09,1.01E+10,1.04E+10,1.01E+10,-4.16E+11,2.32E+09,3035.51,3127.02,2.72E-12
0.02625,3.75246,0.5,-0.0215027,-0.0150564,0.0262376,-0.000806468,0.0477403,0.0142499,0,-0.801144,-0.598472,0.00403234,0.598472,-0.801144,0.131188,0,0,1,-0.801144,-0.598472,0.00403234,0.598472,-0.801144,0.131188,0,0,1,0,0,0.037641,0,0,-0.0537569,0.037641,-0.0537569,0.00861328,-1.80114,0,0.00201617,0,-1.80114,0.065594,0.00201617,0.065594,0,-6.93E+11,0,3.10E+08,0,-6.93E+11,1.01E+10,3.10E+08,1.01E+10,-4.16E+11,9.96E+08,8.26E+07,3.20E+08,8.26E+07,3.68E+09,1.04E+10,3.20E+08,1.04E+10,2.32E+09,1.01E+10,1.04E+10,1.01E+10,-4.16E+11,2.32E+09,3035.51,3127.02,2.18E-12
0.02625,3.92699,0.5,-0.0185616,-0.0185616,0.025979,0.0037619,0.0445406,0.0223235,0,-0.801144,-0.598472,-0.0188095,0.598472,-0.801144,0.129895,0,0,1,-0.801144,-0.598472,-0.0188095,0.598472,-0.801144,0.129895,0,0,1,0,0,0.0464039,0,0,-0.0464039,0.0464039,-0.0464039,0.00861328,-1.80114,0,-0.00940474,0,-1.80114,0.0649476,-0.00940474,0.0649476,0,-6.93E+11,0,-1.45E+09,0,-6.93E+11,9.99E+09,-1.45E+09,9.99E+09,-4.16E+11,1.05E+09,-3.82E+08,-1.49E+09,-3.82E+08,3.63E+09,1.03E+10,-1.49E+09,1.03E+10,2.32E+09,1.01E+10,1.04E+10,1.01E+10,-4.16E+11,2.32E+09,3035.51,3127.02,2.38E-12
0.02625,4.10152,0.5,-0.0150564,-0.0215027,0.0249311,0.00821596,0.0399875,0.0297187,0,-0.801144,-0.598472,-0.0410798,0.598472,-0.801144,0.124656,0,0,1,-0.801144,-0.598472,-0.0410798,0.598472,-0.801144,0.124656,0,0,1,0,0,0.0537569,0,0,-0.037641,0.0537569,-0.037641,0.00861328,-1.80114,0,-0.0205399,0,-1.80114,0.0623278,-0.0205399,0.0623278,0,-6.93E+11,0,-3.16E+09,0,-6.93E+11,9.59E+09,-3.16E+09,9.59E+09,-4.16E+11,1.26E+09,-8.00E+08,-3.26E+09,-8.00E+08,3.42E+09,9.88E+09,-3.26E+09,9.88E+09,2.32E+09,1.01E+10,1.04E+10,1.01E+10,-4.16E+11,2.32E+09,3035.51,3127.02,2.04E-12
0.02625,4.27606,0.5,-0.0110937,-0.0237906,0.0231257,0.0124204,0.0342194,0.036211,0,-0.801144,-0.598472,-0.0621019,0.598472,-0.801144,0.115628,0,0,1,-0.801144,-0.598472,-0.0621019,0.598472,-0.801144,0.115628,0,0,1,0,0,0.0594764,0,0,-0.0277343,0.0594764,-0.0277343,0.00861328,-1.80114,0,-0.031051,0,-1.80114,0.0578142,-0.031051,0.0578142,0,-6.93E+11,0,-4.78E+09,0,-6.93E+11,8.89E+09,-4.78E+09,8.89E+09,-4.16E+11,1.60E+09,-1.12E+09,-4.92E+09,-1.12E+09,3.08E+09,9.16E+09,-4.92E+09,9.16E+09,2.32E+09,1.01E+10,1.04E+10,1.01E+10,-4.16E+11,2.32E+09,3035.51,3127.02,2.37E-12
0.02625,4.45059,0.5,-0.006794,-0.0253556,0.0206176,0.0162474,0.0274116,0.041603,0,-0.801144,-0.598472,-0.0812371,0.598472,-0.801144,0.103088,0,0,1,-0.801144,-0.598472,-0.0812371,0.598472,-0.801144,0.103088,0,0,1,0,0,0.0633889,0,0,-0.016985,0.0633889,-0.016985,0.00861328,-1.80114,0,-0.0406185,0,-1.80114,0.0515439,-0.0406185,0.0515439,0,-6.93E+11,0,-6.25E+09,0,-6.93E+11,7.93E+09,-6.25E+09,7.93E+09,-4.16E+11,2.02E+09,-1.31E+09,-6.44E+09,-1.31E+09,2.65E+09,8.17E+09,-6.44E+09,8.17E+09,2.32E+09,1.01E+10,1.04E+10,1.01E+10,-4.16E+11,2.32E+09,3035.51,3127.02,3.13E-12
0.02625,4.62512,0.5,-0.00228784,-0.0261501,0.017483,0.0195808,0.0197708,0.0457309,0,-0.801144,-0.598472,-0.0979039,0.598472,-0.801144,0.087415,0,0,1,-0.801144,-0.598472,-0.0979039,0.598472,-0.801144,0.087415,0,0,1,0,0,0.0653753,0,0,-0.0057196,0.0653753,-0.0057196,0.00861328,-1.80114,0,-0.048952,0,-1.80114,0.0437075,-0.048952,0.0437075,0,-6.93E+11,0,-7.53E+09,0,-6.93E+11,6.72E+09,-7.53E+09,6.72E+09,-4.16E+11,2.49E+09,-1.34E+09,-7.76E+09,-1.34E+09,2.19E+09,6.93E+09,-7.76E+09,6.93E+09,2.32E+09,1.01E+10,1.04E+10,1.01E+10,-4.16E+11,2.32E+09,3035.51,3127.02,2.75E-12
0.02625,4.79966,0.5,0.00228784,-0.0261501,0.0138172,0.0223192,0.0115294,0.0484693,0,-0.801144,-0.598472,-0.111596,0.598472,-0.801144,0.0690861,0,0,1,-0.801144,-0.598472,-0.111596,0.598472,-0.801144,0.0690861,0,0,1,0,0,0.0653753,0,0,0.0057196,0.0653753,0.0057196,0.00861328,-1.80114,0,-0.055798,0,-1.80114,0.0345431,-0.055798,0.0345431,0,-6.93E+11,0,-8.58E+09,0,-6.93E+11,5.31E+09,-8.58E+09,5.31E+09,-4.16E+11,2.94E+09,-1.20E+09,-8.84E+09,-1.20E+09,1.74E+09,5.47E+09,-8.84E+09,5.47E+09,2.32E+09,1.01E+10,1.04E+10,1.01E+10,-4.16E+11,2.32E+09,3035.51,3127.02,2.86E-12
0.02625,4.97419,0.5,0.006794,-0.0253556,0.00973162,0.0243795,0.00293762,0.049735,0,-0.801144,-0.598472,-0.121897,0.598472,-0.801144,0.0486581,0,0,1,-0.801144,-0.598472,-0.121897,0.598472,-0.801144,0.0486581,0,0,1,0,0,0.0633889,0,0,0.016985,0.0633889,0.016985,0.00861328,-1.80114,0,-0.0609486,0,-1.80114,0.0243291,-0.0609486,0.0243291,0,-6.93E+11,0,-9.38E+09,0,-6.93E+11,3.74E+09,-9.38E+09,3.74E+09,-4.16E+11,3.31E+09,-9.26E+08,-9.66E+09,-9.26E+08,1.36E+09,3.86E+09,-9.66E+09,3.86E+09,2.32E+09,1.01E+10,1.04E+10,1.01E+10,-4.16E+11,2.32E+09,3035.51,3127.02,2.46E-12
0.02625,5.14872,0.5,0.0110937,-0.0237906,0.00535033,0.025699,-0.0057434,0.0494895,0,-0.801144,-0.598472,-0.128495,0.598472,-0.801144,0.0267516,0,0,1,-0.801144,-0.598472,-0.128495,0.598472,-0.801144,0.0267516,0,0,1,0,0,0.0594764,0,0,0.0277343,0.0594764,0.0277343,0.00861328,-1.80114,0,-0.0642474,0,-1.80114,0.0133758,-0.0642474,0.0133758,0,-6.93E+11,0,-9.88E+09,0,-6.93E+11,2.06E+09,-9.88E+09,2.06E+09,-4.16E+11,3.57E+09,-5.37E+08,-1.02E+10,-5.37E+08,1.11E+09,2.12E+09,-1.02E+10,2.12E+09,2.32E+09,1.01E+10,1.04E+10,1.01E+10,-4.16E+11,2.32E+09,3035.51,3127.02,2.36E-12
0.02625,5.32325,0.5,0.0150564,-0.0215027,0.000806468,0.0262376,-0.0142499,0.0477403,0,-0.801144,-0.598472,-0.131188,0.598472,-0.801144,0.00403234,0,0,1,-0.801144,-0.598472,-0.131188,0.598472,-0.801144,0.00403234,0,0,1,0,0,0.0537569,0,0,0.037641,0.0537569,0.037641,0.00861328,-1.80114,0,-0.065594,0,-1.80114,0.00201617,-0.065594,0.00201617,0,-6.93E+11,0,-1.01E+10,0,-6.93E+11,3.10E+08,-1.01E+10,3.10E+08,-4.16E+11,3.68E+09,-8.26E+07,-1.04E+10,-8.26E+07,9.96E+08,3.20E+08,-1.04E+10,3.20E+08,2.32E+09,1.01E+10,1.04E+10,1.01E+10,-4.16E+11,2.32E+09,3035.51,3127.02,2.38E-12
0.02625,5.49779,0.5,0.0185616,-0.0185616,-0.0037619,0.025979,-0.0223235,0.0445406,0,-0.801144,-0.598472,-0.129895,0.598472,-0.801144,-0.0188095,0,0,1,-0.801144,-0.598472,-0.129895,0.598472,-0.801144,-0.0188095,0,0,1,0,0,0.0464039,0,0,0.0464039,0.0464039,0.0464039,0.00861328,-1.80114,0,-0.0649476,0,-1.80114,-0.00940474,-0.0649476,-0.00940474,0,-6.93E+11,0,-9.99E+09,0,-6.93E+11,-1.45E+09,-9.99E+09,-1.45E+09,-4.16E+11,3.63E+09,3.82E+08,-1.03E+10,3.82E+08,1.05E+09,-1.49E+09,-1.03E+10,-1.49E+09,2.32E+09,1.01E+10,1.04E+10,1.01E+10,-4.16E+11,2.32E+09,3035.51,3127.02,2.45E-12
0.02625,5.67232,0.5,0.0215027,-0.0150564,-0.00821596,0.0249311,-0.0297187,0.0399875,0,-0.801144,-0.598472,-0.124656,0.598472,-0.801144,-0.0410798,0,0,1,-0.801144,-0.598472,-0.124656,0.598472,-0.801144,-0.0410798,0,0,1,0,0,0.037641,0,0,0.0537569,0.037641,0.0537569,0.00861328,-1.80114,0,-0.0623278,0,-1.80114,-0.0205399,-0.0623278,-0.0205399,0,-6.93E+11,0,-9.59E+09,0,-6.93E+11,-3.16E+09,-9.59E+09,-3.16E+09,-4.16E+11,3.42E+09,8.00E+08,-9.88E+09,8.00E+08,1.26E+09,-3.26E+09,-9.88E+09,-3.26E+09,2.32E+09,1.01E+10,1.04E+10,1.01E+10,-4.16E+11,2.32E+09,3035.51,3127.02,3.57E-12
0.02625,5.84685,0.5,0.0237906,-0.0110937,-0.0124204,0.0231257,-0.036211,0.0342194,0,-0.801144,-0.598472,-0.115628,0.598472,-0.801144,-0.0621019,0,0,1,-0.801144,-0.598472,-0.115628,0.598472,-0.801144,-0.0621019,0,0,1,0,0,0.0277343,0,0,0.0594764,0.0277343,0.0594764,0.00861328,-1.80114,0,-0.0578142,0,-1.80114,-0.031051,-0.0578142,-0.031051,0,-6.93E+11,0,-8.89E+09,0,-6.93E+11,-4.78E+09,-8.89E+09,-4.78E+09,-4.16E+11,3.08E+09,1.12E+09,-9.16E+09,1.12E+09,1.60E+09,-4.92E+09,-9.16E+09,-4.92E+09,2.32E+09,1.01E+10,1.04E+10,1.01E+10,-4.16E+11,2.32E+09,3035.51,3127.02,2.37E-12
0.02625,6.02139,0.5,0.0253556,-0.006794,-0.0162474,0.0206176,-0.041603,0.0274116,0,-0.801144,-0.598472,-0.103088,0.598472,-0.801144,-0.0812371,0,0,1,-0.801144,-0.598472,-0.103088,0.598472,-0.801144,-0.0812371,0,0,1,0,0,0.016985,0,0,0.0633889,0.016985,0.0633889,0.00861328,-1.80114,0,-0.0515439,0,-1.80114,-0.0406185,-0.0515439,-0.0406185,0,-6.93E+11,0,-7.93E+09,0,-6.93E+11,-6.25E+09,-7.93E+09,-6.25E+09,-4.16E+11,2.65E+09,1.31E+09,-8.17E+09,1.31E+09,2.02E+09,-6.44E+09,-8.17E+09,-6.44E+09,2.32E+09,1.01E+10,1.04E+10,1.01E+10,-4.16E+11,2.32E+09,3035.51,3127.02,4.21E-12
0.02625,6.19592,0.5,0.0261501,-0.00228784,-0.0195808,0.017483,-0.0457309,0.0197708,0,-0.801144,-0.598472,-0.087415,0.598472,-0.801144,-0.0979039,0,0,1,-0.801144,-0.598472,-0.087415,0.598472,-0.801144,-0.0979039,0,0,1,0,0,0.0057196,0,0,0.0653753,0.0057196,0.0653753,0.00861328,-1.80114,0,-0.0437075,0,-1.80114,-0.048952,-0.0437075,-0.048952,0,-6.93E+11,0,-6.72E+09,0,-6.93E+11,-7.53E+09,-6.72E+09,-7.53E+09,-4.16E+11,2.19E+09,1.34E+09,-6.93E+09,1.34E+09,2.49E+09,-7.76E+09,-6.93E+09,-7.76E+09,2.32E+09,1.01E+10,1.04E+10,1.01E+10,-4.16E+11,2.32E+09,3035.51,3127.02,2.92E-12
0.02875,0.0872665,0.5,0.0286406,0.00250573,-0.0244448,0.0151332,-0.0530854,0.0126274,0,-0.801144,-0.598472,-0.0756658,0.598472,-0.801144,-0.122224,0,0,1,-0.801144,-0.598472,-0.0756658,0.598472,-0.801144,-0.122224,0,0,1,0,0,-0.00626432,0,0,0.0716015,-0.00626432,0.0716015,0.010332,-1.80114,0,-0.0378329,0,-1.80114,-0.0611121,-0.0378329,-0.0611121,0,-6.93E+11,0,-5.82E+09,0,-6.93E+11,-9.40E+09,-5.82E+09,-9.40E+09,-4.16E+11,2.09E+09,1.45E+09,-6.03E+09,1.45E+09,3.53E+09,-9.74E+09,-6.03E+09,-9.74E+09,2.78E+09,1.11E+10,1.15E+10,1.11E+10,-4.16E+11,2.78E+09,3988.02,4132.24,1.32E-12
0.02875,0.261799,0.5,0.0277704,0.00744105,-0.0267013,0.0106584,-0.0544717,0.0032174,0,-0.801144,-0.598472,-0.0532922,0.598472,-0.801144,-0.133507,0,0,1,-0.801144,-0.598472,-0.0532922,0.598472,-0.801144,-0.133507,0,0,1,0,0,-0.0186026,0,0,0.0694259,-0.0186026,0.0694259,0.010332,-1.80114,0,-0.0266461,0,-1.80114,-0.0667533,-0.0266461,-0.0667533,0,-6.93E+11,0,-4.10E+09,0,-6.93E+11,-1.03E+10,-4.10E+09,-1.03E+10,-4.16E+11,1.64E+09,1.11E+09,-4.25E+09,1.11E+09,3.98E+09,-1.06E+10,-4.25E+09,-1.06E+10,2.78E+09,1.11E+10,1.15E+10,1.11E+10,-4.16E+11,2.78E+09,3988.02,4132.24,2.16E-12
0.02875,0.436332,0.5,0.0260563,0.0121503,-0.0281465,0.00585988,-0.0542028,-0.00629039,0,-0.801144,-0.598472,-0.0292994,0.598472,-0.801144,-0.140732,0,0,1,-0.801144,-0.598472,-0.0292994,0.598472,-0.801144,-0.140732,0,0,1,0,0,-0.0303757,0,0,0.0651409,-0.0303757,0.0651409,0.010332,-1.80114,0,-0.0146497,0,-1.80114,-0.0703662,-0.0146497,-0.0703662,0,-6.93E+11,0,-2.25E+09,0,-6.93E+11,-1.08E+10,-2.25E+09,-1.08E+10,-4.16E+11,1.33E+09,6.46E+08,-2.34E+09,6.46E+08,4.29E+09,-1.12E+10,-2.34E+09,-1.12E+10,2.78E+09,1.11E+10,1.15E+10,1.11E+10,-4.16E+11,2.78E+09,3988.02,4132.24,2.84E-12
0.02875,0.610865,0.5,0.0235506,0.0164903,-0.0287364,0.000883274,-0.052287,-0.015607,0,-0.801144,-0.598472,-0.00441637,0.598472,-0.801144,-0.143682,0,0,1,-0.801144,-0.598472,-0.00441637,0.598472,-0.801144,-0.143682,0,0,1,0,0,-0.0412258,0,0,0.0588766,-0.0412258,0.0588766,0.010332,-1.80114,0,-0.00220819,0,-1.80114,-0.0718411,-0.00220819,-0.0718411,0,-6.93E+11,0,-3.40E+08,0,-6.93E+11,-1.11E+10,-3.40E+08,-1.11E+10,-4.16E+11,1.20E+09,9.94E+07,-3.52E+08,9.94E+07,4.43E+09,-1.15E+10,-3.52E+08,-1.15E+10,2.78E+09,1.11E+10,1.15E+10,1.11E+10,-4.16E+11,2.78E+09,3988.02,4132.24,2.53E-12
0.02875,0.785398,0.5,0.0203293,0.0203293,-0.0284532,-0.00412017,-0.0487826,-0.0244495,0,-0.801144,-0.598472,0.0206009,0.598472,-0.801144,-0.142266,0,0,1,-0.801144,-0.598472,0.0206009,0.598472,-0.801144,-0.142266,0,0,1,0,0,-0.0508233,0,0,0.0508233,-0.0508233,0.0508233,0.010332,-1.80114,0,0.0103004,0,-1.80114,-0.0711331,0.0103004,-0.0711331,0,-6.93E+11,0,1.58E+09,0,-6.93E+11,-1.09E+10,1.58E+09,-1.09E+10,-4.16E+11,1.26E+09,-4.59E+08,1.64E+09,-4.59E+08,4.36E+09,-1.13E+10,1.64E+09,-1.13E+10,2.78E+09,1.11E+10,1.15E+10,1.11E+10,-4.16E+11,2.78E+09,3988.02,4132.24,1.97E-12
0.02875,0.959931,0.5,0.0164903,0.0235506,-0.0273055,-0.00899843,-0.0437958,-0.0325491,0,-0.801144,-0.598472,0.0449922,0.598472,-0.801144,-0.136528,0,0,1,-0.801144,-0.598472,0.0449922,0.598472,-0.801144,-0.136528,0,0,1,0,0,-0.0588766,0,0,0.0412258,-0.0588766,0.0412258,0.010332,-1.80114,0,0.0224961,0,-1.80114,-0.0682638,0.0224961,-0.0682638,0,-6.93E+11,0,3.46E+09,0,-6.93E+11,-1.05E+10,3.46E+09,-1.05E+10,-4.16E+11,1.51E+09,-9.62E+08,3.59E+09,-9.62E+08,4.11E+09,-1.09E+10,3.59E+09,-1.09E+10,2.78E+09,1.11E+10,1.15E+10,1.11E+10,-4.16E+11,2.78E+09,3988.02,4132.24,2.33E-12
0.02875,1.13446,0.5,0.0121503,0.0260563,-0.0253281,-0.0136033,-0.0374784,-0.0396596,0,-0.801144,-0.598472,0.0680164,0.598472,-0.801144,-0.126641,0,0,1,-0.801144,-0.598472,0.0680164,0.598472,-0.801144,-0.126641,0,0,1,0,0,-0.0651409,0,0,0.0303757,-0.0651409,0.0303757,0.010332,-1.80114,0,0.0340082,0,-1.80114,-0.0633203,0.0340082,-0.0633203,0,-6.93E+11,0,5.23E+09,0,-6.93E+11,-9.74E+09,5.23E+09,-9.74E+09,-4.16E+11,1.92E+09,-1.35E+09,5.42E+09,-1.35E+09,3.70E+09,-1.01E+10,5.42E+09,-1.01E+10,2.78E+09,1.11E+10,1.15E+10,1.11E+10,-4.16E+11,2.78E+09,3988.02,4132.24,3.53E-12
0.02875,1.309,0.5,0.00744105,0.0277704,-0.0225811,-0.0177948,-0.0300222,-0.0455652,0,-0.801144,-0.598472,0.088974,0.598472,-0.801144,-0.112906,0,0,1,-0.801144,-0.598472,0.088974,0.598472,-0.801144,-0.112906,0,0,1,0,0,-0.0694259,0,0,0.0186026,-0.0694259,0.0186026,0.010332,-1.80114,0,0.044487,0,-1.80114,-0.0564528,0.044487,-0.0564528,0,-6.93E+11,0,6.84E+09,0,-6.93E+11,-8.69E+09,6.84E+09,-8.69E+09,-4.16E+11,2.43E+09,-1.57E+09,7.09E+09,-1.57E+09,3.19E+09,-9.00E+09,7.09E+09,-9.00E+09,2.78E+09,1.11E+10,1.15E+10,1.11E+10,-4.16E+11,2.78E+09,3988.02,4132.24,3.34E-12
0.02875,1.48353,0.5,0.00250573,0.0286406,-0.019148,-0.0214456,-0.0216538,-0.0500862,0,-0.801144,-0.598472,0.107228,0.598472,-0.801144,-0.0957402,0,0,1,-0.801144,-0.598472,0.107228,0.598472,-0.801144,-0.0957402,0,0,1,0,0,-0.0716015,0,0,0.00626432,-0.0716015,0.00626432,0.010332,-1.80114,0,0.0536141,0,-1.80114,-0.0478701,0.0536141,-0.0478701,0,-6.93E+11,0,8.25E+09,0,-6.93E+11,-7.36E+09,8.25E+09,-7.36E+09,-4.16E+11,2.99E+09,-1.61E+09,8.55E+09,-1.61E+09,2.63E+09,-7.63E+09,8.55E+09,-7.63E+09,2.78E+09,1.11E+10,1.15E+10,1.11E+10,-4.16E+11,2.78E+09,3988.02,4132.24,2.69E-12
0.02875,1.65806,0.5,-0.00250573,0.0286406,-0.0151332,-0.0244448,-0.0126274,-0.0530854,0,-0.801144,-0.598472,0.122224,0.598472,-0.801144,-0.0756658,0,0,1,-0.801144,-0.598472,0.122224,0.598472,-0.801144,-0.0756658,0,0,1,0,0,-0.0716015,0,0,-0.00626432,-0.0716015,-0.00626432,0.010332,-1.80114,0,0.0611121,0,-1.80114,-0.0378329,0.0611121,-0.0378329,0,-6.93E+11,0,9.40E+09,0,-6.93E+11,-5.82E+09,9.40E+09,-5.82E+09,-4.16E+11,3.53E+09,-1.45E+09,9.74E+09,-1.45E+09,2.09E+09,-6.03E+09,9.74E+09,-6.03E+09,2.78E+09,1.11E+10,1.15E+10,1.11E+10,-4.16E+11,2.78E+09,3988.02,4132.24,1.94E-12
0.02875,1.8326,0.5,-0.00744105,0.0277704,-0.0106584,-0.0267013,-0.0032174,-0.0544717,0,-0.801144,-0.598472,0.133507,0.598472,-0.801144,-0.0532922,0,0,1,-0.801144,-0.598472,0.133507,0.598472,-0.801144,-0.0532922,0,0,1,0,0,-0.0694259,0,0,-0.0186026,-0.0694259,-0.0186026,0.010332,-1.80114,0,0.0667533,0,-1.80114,-0.0266461,0.0667533,-0.0266461,0,-6.93E+11,0,1.03E+10,0,-6.93E+11,-4.10E+09,1.03E+10,-4.10E+09,-4.16E+11,3.98E+09,-1.11E+09,1.06E+10,-1.11E+09,1.64E+09,-4.25E+09,1.06E+10,-4.25E+09,2.78E+09,1.11E+10,1.15E+10,1.11E+10,-4.16E+11,2.78E+09,3988.02,4132.24,3.62E-12
0.02875,2.00713,0.5,-0.0121503,0.0260563,-0.00585988,-0.0281465,0.00629039,-0.0542028,0,-0.801144,-0.598472,0.140732,0.598472,-0.801144,-0.0292994,0,0,1,-0.801144,-0.598472,0.140732,0.598472,-0.801144,-0.0292994,0,0,1,0,0,-0.0651409,0,0,-0.0303757,-0.0651409,-0.0303757,0.010332,-1.80114,0,0.0703662,0,-1.80114,-0.0146497,0.0703662,-0.0146497,0,-6.93E+11,0,1.08E+10,0,-6.93E+11,-2.25E+09,1.08E+10,-2.25E+09,-4.16E+11,4.29E+09,-6.46E+08,1.12E+10,-6.46E+08,1.33E+09,-2.34E+09,1.12E+10,-2.34E+09,2.78E+09,1.11E+10,1.15E+10,1.11E+10,-4.16E+11,2.78E+09,3988.02,4132.24,2.54E-12
0.02875,2.18166,0.5,-0.0164903,0.0235506,-0.000883274,-0.0287364,0.015607,-0.052287,0,-0.801144,-0.598472,0.143682,0.598472,-0.801144,-0.00441637,0,0,1,-0.801144,-0.598472,0.143682,0.598472,-0.801144,-0.00441637,0,0,1,0,0,-0.0588766,0,0,-0.0412258,-0.0588766,-0.0412258,0.010332,-1.80114,0,0.0718411,0,-1.80114,-0.00220819,0.0718411,-0.00220819,0,-6.93E+11,0,1.11E+10,0,-6.93E+11,-3.40E+08,1.11E+10,-3.40E+08,-4.16E+11,4.43E+09,-9.94E+07,1.15E+10,-9.94E+07,1.20E+09,-3.52E+08,1.15E+10,-3.52E+08,2.78E+09,1.11E+10,1.15E+10,1.11E+10,-4.16E+11,2.78E+09,3988.02,4132.24,3.06E-12
0.02875,2.35619,0.5,-0.0203293,0.0203293,0.00412017,-0.0284532,0.0244495,-0.0487826,0,-0.801144,-0.598472,0.142266,0.598472,-0.801144,0.0206009,0,0,1,-0.801144,-0.598472,0.142266,0.598472,-0.801144,0.0206009,0,0,1,0,0,-0.0508233,0,0,-0.0508233,-0.0508233,-0.0508233,0.010332,-1.80114,0,0.0711331,0,-1.80114,0.0103004,0.0711331,0.0103004,0,-6.93E+11,0,1.09E+10,0,-6.93E+11,1.58E+09,1.09E+10,1.58E+09,-4.16E+11,4.36E+09,4.59E+08,1.13E+10,4.59E+08,1.26E+09,1.64E+09,1.13E+10,1.64E+09,2.78E+09,1.11E+10,1.15E+10,1.11E+10,-4.16E+11,2.78E+09,3988.02,4132.24,1.97E-12
0.02875,2.53073,0.5,-0.0235506,0.0164903,0.00899843,-0.0273055,0.0325491,-0.0437958,0,-0.801144,-0.598472,0.136528,0.598472,-0.801144,0.0449922,0,0,1,-0.801144,-0.598472,0.136528,0.598472,-0.801144,0.0449922,0,0,1,0,0,-0.0412258,0,0,-0.0588766,-0.0412258,-0.0588766,0.010332,-1.80114,0,0.0682638,0,-1.80114,0.0224961,0.0682638,0.0224961,0,-6.93E+11,0,1.05E+10,0,-6.93E+11,3.46E+09,1.05E+10,3.46E+09,-4.16E+11,4.11E+09,9.62E+08,1.09E+10,9.62E+08,1.51E+09,3.59E+09,1.09E+10,3.59E+09,2.78E+09,1.11E+10,1.15E+10,1.11E+10,-4.16E+11,2.78E+09,3988.02,4132.24,2.60E-12
0.02875,2.70526,0.5,-0.0260563,0.0121503,0.0136033,-0.0253281,0.0396596,-0.0374784,0,-0.801144,-0.598472,0.126641,0.598472,-0.801144,0.0680164,0,0,1,-0.801144,-0.598472,0.126641,0.598472,-0.801144,0.0680164,0,0,1,0,0,-0.0303757,0,0,-0.0651409,-0.0303757,-0.0651409,0.010332,-1.80114,0,0.0633203,0,-1.80114,0.0340082,0.0633203,0.0340082,0,-6.93E+11,0,9.74E+09,0,-6.93E+11,5.23E+09,9.74E+09,5.23E+09,-4.16E+11,3.70E+09,1.35E+09,1.01E+10,1.35E+09,1.92E+09,5.42E+09,1.01E+10,5.42E+09,2.78E+09,1.11E+10,1.15E+10,1.11E+10,-4.16E+11,2.78E+09,3988.02,4132.24,4.10E-12
0.02875,2.87979,0.5,-0.0277704,0.00744105,0.0177948,-0.0225811,0.0455652,-0.0300222,0,-0.801144,-0.598472,0.112906,0.598472,-0.801144,0.088974,0,0,1,-0.801144,-0.598472,0.112906,0.598472,-0.801144,0.088974,0,0,1,0,0,-0.0186026,0,0,-0.0694259,-0.0186026,-0.0694259,0.010332,-1.80114,0,0.0564528,0,-1.80114,0.044487,0.0564528,0.044487,0,-6.93E+11,0,8.69E+09,0,-6.93E+11,6.84E+09,8.69E+09,6.84E+09,-4.16E+11,3.19E+09,1.57E+09,9.00E+09,1.57E+09,2.43E+09,7.09E+09,9.00E+09,7.09E+09,2.78E+09,1.11E+10,1.15E+10,1.11E+10,-4.16E+11,2.78E+09,3988.02,4132.24,3.91E-12
0.02875,3.05433,0.5,-0.0286406,0.00250573,0.0214456,-0.019148,0.0500862,-0.0216538,0,-0.801144,-0.598472,0.0957402,0.598472,-0.801144,0.107228,0,0,1,-0.801144,-0.598472,0.0957402,0.598472,-0.801144,0.107228,0,0,1,0,0,-0.00626432,0,0,-0.0716015,-0.00626432,-0.0716015,0.010332,-1.80114,0,0.0478701,0,-1.80114,0.0536141,0.0478701,0.0536141,0,-6.93E+11,0,7.36E+09,0,-6.93E+11,8.25E+09,7.36E+09,8.25E+09,-4.16E+11,2.63E+09,1.61E+09,7.63E+09,1.61E+09,2.99E+09,8.55E+09,7.63E+09,8.55E+09,2.78E+09,1.11E+10,1.15E+10,1.11E+10,-4.16E+11,2.78E+09,3988.02,4132.24,2.52E-12
0.02875,3.22886,0.5,-0.0286406,-0.00250573,0.0244448,-0.0151332,0.0530854,-0.0126274,0,-0.801144,-0.598472,0.0756658,0.598472,-0.801144,0.122224,0,0,1,-0.801144,-0.598472,0.0756658,0.598472,-0.801144,0.122224,0,0,1,0,0,0.00626432,0,0,-0.0716015,0.00626432,-0.0716015,0.010332,-1.80114,0,0.0378329,0,-1.80114,0.0611121,0.0378329,0.0611121,0,-6.93E+11,0,5.82E+09,0,-6.93E+11,9.40E+09,5.82E+09,9.40E+09,-4.16E+11,2.09E+09,1.45E+09,6.03E+09,1.45E+09,3.53E+09,9.74E+09,6.03E+09,9.74E+09,2.78E+09,1.11E+10,1.15E+10,1.11E+10,-4.16E+11,2.78E+09,3988.02,4132.24,1.29E-12
0.02875,3.40339,0.5,-0.0277704,-0.00744105,0.0267013,-0.0106584,0.0544717,-0.0032174,0,-0.801144,-0.598472,0.0532922,0.598472,-0.801144,0.133507,0,0,1,-0.801144,-0.598472,0.0532922,0.598472,-0.801144,0.133507,0,0,1,0,0,0.0186026,0,0,-0.0694259,0.0186026,-0.0694259,0.010332,-1.80114,0,0.0266461,0,-1.80114,0.0667533,0.0266461,0.0667533,0,-6.93E+11,0,4.10E+09,0,-6.93E+11,1.03E+10,4.10E+09,1.03E+10,-4.16E+11,1.64E+09,1.11E+09,4.25E+09,1.11E+09,3.98E+09,1.06E+10,4.25E+09,1.06E+10,2.78E+09,1.11E+10,1.15E+10,1.11E+10,-4.16E+11,2.78E+09,3988.02,4132.24,3.62E-12
0.02875,3.57792,0.5,-0.0260563,-0.0121503,0.0281465,-0.00585988,0.0542028,0.00629039,0,-0.801144,-0.598472,0.0292994,0.598472,-0.801144,0.140732,0,0,1,-0.801144,-0.598472,0.0292994,0.598472,-0.801144,0.140732,0,0,1,0,0,0.0303757,0,0,-0.0651409,0.0303757,-0.0651409,0.010332,-1.80114,0,0.0146497,0,-1.80114,0.0703662,0.0146497,0.0703662,0,-6.93E+11,0,2.25E+09,0,-6.93E+11,1.08E+10,2.25E+09,1.08E+10,-4.16E+11,1.33E+09,6.46E+08,2.34E+09,6.46E+08,4.29E+09,1.12E+10,2.34E+09,1.12E+10,2.78E+09,1.11E+10,1.15E+10,1.11E+10,-4.16E+11,2.78E+09,3988.02,4132.24,2.54E-12
0.02875,3.75246,0.5,-0.0235506,-0.0164903,0.0287364,-0.000883274,0.052287,0.015607,0,-0.801144,-0.598472,0.00441637,0.598472,-0.801144,0.143682,0,0,1,-0.801144,-0.598472,0.00441637,0.598472,-0.801144,0.143682,0,0,1,0,0,0.0412258,0,0,-0.0588766,0.0412258,-0.0588766,0.010332,-1.80114,0,0.00220819,0,-1.80114,0.0718411,0.00220819,0.0718411,0,-6.93E+11,0,3.40E+08,0,-6.93E+11,1.11E+10,3.40E+08,1.11E+10,-4.16E+11,1.20E+09,9.94E+07,3.52E+08,9.94E+07,4.43E+09,1.15E+10,3.52E+08,1.15E+10,2.78E+09,1.11E+10,1.15E+10,1.11E+10,-4.16E+11,2.78E+09,3988.02,4132.24,3.06E-12
0.02875,3.92699,0.5,-0.0203293,-0.0203293,0.0284532,0.00412017,0.0487826,0.0244495,0,-0.801144,-0.598472,-0.0206009,0.598472,-0.801144,0.142266,0,0,1,-0.801144,-0.598472,-0.0206009,0.598472,-0.801144,0.142266,0,0,1,0,0,0.0508233,0,0,-0.0508233,0.0508233,-0.0508233,0.010332,-1.80114,0,-0.0103004,0,-1.80114,0.0711331,-0.0103004,0.0711331,0,-6.93E+11,0,-1.58E+09,0,-6.93E+11,1.09E+10,-1.58E+09,1.09E+10,-4.16E+11,1.26E+09,-4.59E+08,-1.64E+09,-4.59E+08,4.36E+09,1.13E+10,-1.64E+09,1.13E+10,2.78E+09,1.11E+10,1.15E+10,1.11E+10,-4.16E+11,2.78E+09,3988.02,4132.24,2.98E-12
0.02875,4.10152,0.5,-0.0164903,-0.0235506,0.0273055,0.00899843,0.0437958,0.0325491,0,-0.801144,-0.598472,-0.0449922,0.598472,-0.801144,0.136528,0,0,1,-0.801144,-0.598472,-0.0449922,0.598472,-0.801144,0.136528,0,0,1,0,0,0.0588766,0,0,-0.0412258,0.0588766,-0.0412258,0.010332,-1.80114,0,-0.0224961,0,-1.80114,0.0682638,-0.0224961,0.0682638,0,-6.93E+11,0,-3.46E+09,0,-6.93E+11,1.05E+10,-3.46E+09,1.05E+10,-4.16E+11,1.51E+09,-9.62E+08,-3.59E+09,-9.62E+08,4.11E+09,1.09E+10,-3.59E+09,1.09E+10,2.78E+09,1.11E+10,1.15E+10,1.11E+10,-4.16E+11,2.78E+09,3988.02,4132.24,2.60E-12
0.02875,4.27606,0.5,-0.0121503,-0.0260563,0.0253281,0.0136033,0.0374784,0.0396596,0,-0.801144,-0.598472,-0.0680164,0.598472,-0.801144,0.126641,0,0,1,-0.801144,-0.598472,-0.0680164,0.598472,-0.801144,0.126641,0,0,1,0,0,0.0651409,0,0,-0.0303757,0.0651409,-0.0303757,0.010332,-1.80114,0,-0.0340082,0,-1.80114,0.0633203,-0.0340082,0.0633203,0,-6.93E+11,0,-5.23E+09,0,-6.93E+11,9.74E+09,-5.23E+09,9.74E+09,-4.16E+11,1.92E+09,-1.35E+09,-5.42E+09,-1.35E+09,3.70E+09,1.01E+10,-5.42E+09,1.01E+10,2.78E+09,1.11E+10,1.15E+10,1.11E+10,-4.16E+11,2.78E+09,3988.02,4132.24,4.02E-12
0.02875,4.45059,0.5,-0.00744105,-0.0277704,0.0225811,0.0177948,0.0300222,0.0455652,0,-0.801144,-0.598472,-0.088974,0.598472,-0.801144,0.112906,0,0,1,-0.801144,-0.598472,-0.088974,0.598472,-0.801144,0.112906,0,0,1,0,0,0.0694259,0,0,-0.0186026,0.0694259,-0.0186026,0.010332,-1.80114,0,-0.044487,0,-1.80114,0.0564528,-0.044487,0.0564528,0,-6.93E+11,0,-6.84E+09,0,-6.93E+11,8.69E+09,-6.84E+09,8.69E+09,-4.16E+11,2.43E+09,-1.57E+09,-7.09E+09,-1.57E+09,3.19E+09,9.00E+09,-7.09E+09,9.00E+09,2.78E+09,1.11E+10,1.15E+10,1.11E+10,-4.16E+11,2.78E+09,3988.02,4132.24,2.46E-12
0.02875,4.62512,0.5,-0.00250573,-0.0286406,0.019148,0.0214456,0.0216538,0.0500862,0,-0.801144,-0.598472,-0.107228,0.598472,-0.801144,0.0957402,0,0,1,-0.801144,-0.598472,-0.107228,0.598472,-0.801144,0.0957402,0,0,1,0,0,0.0716015,0,0,-0.00626432,0.0716015,-0.00626432,0.010332,-1.80114,0,-0.0536141,0,-1.80114,0.0478701,-0.0536141,0.0478701,0,-6.93E+11,0,-8.25E+09,0,-6.93E+11,7.36E+09,-8.25E+09,7.36E+09,-4.16E+11,2.99E+09,-1.61E+09,-8.55E+09,-1.61E+09,2.63E+09,7.63E+09,-8.55E+09,7.63E+09,2.78E+09,1.11E+10,1.15E+10,1.11E+10,-4.16E+11,2.78E+09,3988.02,4132.24,1.89E-12
0.02875,4.79966,0.5,0.00250573,-0.0286406,0.0151332,0.0244448,0.0126274,0.0530854,0,-0.801144,-0.598472,-0.122224,0.598472,-0.801144,0.0756658,0,0,1,-0.801144,-0.598472,-0.122224,0.598472,-0.801144,0.0756658,0,0,1,0,0,0.0716015,0,0,0.00626432,0.0716015,0.00626432,0.010332,-1.80114,0,-0.0611121,0,-1.80114,0.0378329,-0.0611121,0.0378329,0,-6.93E+11,0,-9.40E+09,0,-6.93E+11,5.82E+09,-9.40E+09,5.82E+09,-4.16E+11,3.53E+09,-1.45E+09,-9.74E+09,-1.45E+09,2.09E+09,6.03E+09,-9.74E+09,6.03E+09,2.78E+09,1.11E+10,1.15E+10,1.11E+10,-4.16E+11,2.78E+09,3988.02,4132.24,1.95E-12
0.02875,4.97419,0.5,0.00744105,-0.0277704,0.0106584,0.0267013,0.0032174,0.0544717,0,-0.801144,-0.598472,-0.133507,0.598472,-0.801144,0.0532922,0,0,1,-0.801144,-0.598472,-0.133507,0.598472,-0.801144,0.0532922,0,0,1,0,0,0.0694259,0,0,0.0186026,0.0694259,0.0186026,0.010332,-1.80114,0,-0.0667533,0,-1.80114,0.0266461,-0.0667533,0.0266461,0,-6.93E+11,0,-1.03E+10,0,-6.93E+11,4.10E+09,-1.03E+10,4.10E+09,-4.16E+11,3.98E+09,-1.11E+09,-1.06E+10,-1.11E+09,1.64E+09,4.25E+09,-1.06E+10,4.25E+09,2.78E+09,1.11E+10,1.15E+10,1.11E+10,-4.16E+11,2.78E+09,3988.02,4132.24,2.14E-12
0.02875,5.14872,0.5,0.0121503,-0.0260563,0.00585988,0.0281465,-0.00629039,0.0542028,0,-0.801144,-0.598472,-0.140732,0.598472,-0.801144,0.0292994,0,0,1,-0.801144,-0.598472,-0.140732,0.598472,-0.801144,0.0292994,0,0,1,0,0,0.0651409,0,0,0.0303757,0.0651409,0.0303757,0.010332,-1.80114,0,-0.0703662,0,-1.80114,0.0146497,-0.0703662,0.0146497,0,-6.93E+11,0,-1.08E+10,0,-6.93E+11,2.25E+09,-1.08E+10,2.25E+09,-4.16E+11,4.29E+09,-6.46E+08,-1.12E+10,-6.46E+08,1.33E+09,2.34E+09,-1.12E+10,2.34E+09,2.78E+09,1.11E+10,1.15E+10,1.11E+10,-4.16E+11,2.78E+09,3988.02,4132.24,2.83E-12
0.02875,5.32325,0.5,0.0164903,-0.0235506,0.000883274,0.0287364,-0.015607,0.052287,0,-0.801144,-0.598472,-0.143682,0.598472,-0.801144,0.00441637,0,0,1,-0.801144,-0.598472,-0.143682,0.598472,-0.801144,0.00441637,0,0,1,0,0,0.0588766,0,0,0.0412258,0.0588766,0.0412258,0.010332,-1.80114,0,-0.0718411,0,-1.80114,0.00220819,-0.0718411,0.00220819,0,-6.93E+11,0,-1.11E+10,0,-6.93E+11,3.40E+08,-1.11E+10,3.40E+08,-4.16E+11,4.43E+09,-9.94E+07,-1.15E+10,-9.94E+07,1.20E+09,3.52E+08,-1.15E+10,3.52E+08,2.78E+09,1.11E+10,1.15E+10,1.11E+10,-4.16E+11,2.78E+09,3988.02,4132.24,2.53E-12
0.02875,5.49779,0.5,0.0203293,-0.0203293,-0.00412017,0.0284532,-0.0244495,0.0487826,0,-0.801144,-0.598472,-0.142266,0.598472,-0.801144,-0.0206009,0,0,1,-0.801144,-0.598472,-0.142266,0.598472,-0.801144,-0.0206009,0,0,1,0,0,0.0508233,0,0,0.0508233,0.0508233,0.0508233,0.010332,-1.80114,0,-0.0711331,0,-1.80114,-0.0103004,-0.0711331,-0.0103004,0,-6.93E+11,0,-1.09E+10,0,-6.93E+11,-1.58E+09,-1.09E+10,-1.58E+09,-4.16E+11,4.36E+09,4.59E+08,-1.13E+10,4.59E+08,1.26E+09,-1.64E+09,-1.13E+10,-1.64E+09,2.78E+09,1.11E+10,1.15E+10,1.11E+10,-4.16E+11,2.78E+09,3988.02,4132.24,2.98E-12
0.02875,5.67232,0.5,0.0235506,-0.0164903,-0.00899843,0.0273055,-0.0325491,0.0437958,0,-0.801144,-0.598472,-0.136528,0.598472,-0.801144,-0.0449922,0,0,1,-0.801144,-0.598472,-0.136528,0.598472,-0.801144,-0.0449922,0,0,1,0,0,0.0412258,0,0,0.0588766,0.0412258,0.0588766,0.010332,-1.80114,0,-0.0682638,0,-1.80114,-0.0224961,-0.0682638,-0.0224961,0,-6.93E+11,0,-1.05E+10,0,-6.93E+11,-3.46E+09,-1.05E+10,-3.46E+09,-4.16E+11,4.11E+09,9.62E+08,-1.09E+10,9.62E+08,1.51E+09,-3.59E+09,-1.09E+10,-3.59E+09,2.78E+09,1.11E+10,1.15E+10,1.11E+10,-4.16E+11,2.78E+09,3988.02,4132.24,3.09E-12
0.02875,5.84685,0.5,0.0260563,-0.0121503,-0.0136033,0.0253281,-0.0396596,0.0374784,0,-0.801144,-0.598472,-0.126641,0.598472,-0.801144,-0.0680164,0,0,1,-0.801144,-0.598472,-0.126641,0.598472,-0.801144,-0.0680164,0,0,1,0,0,0.0303757,0,0,0.0651409,0.0303757,0.0651409,0.010332,-1.80114,0,-0.0633203,0,-1.80114,-0.0340082,-0.0633203,-0.0340082,0,-6.93E+11,0,-9.74E+09,0,-6.93E+11,-5.23E+09,-9.74E+09,-5.23E+09,-4.16E+11,3.70E+09,1.35E+09,-1.01E+10,1.35E+09,1.92E+09,-5.42E+09,-1.01E+10,-5.42E+09,2.78E+09,1.11E+10,1.15E+10,1.11E+10,-4.16E+11,2.78E+09,3988.02,4132.24,2.64E-12
0.02875,6.02139,0.5,0.0277704,-0.00744105,-0.0177948,0.0225811,-0.0455652,0.0300222,0,-0.801144,-0.598472,-0.112906,0.598472,-0.801144,-0.088974,0,0,1,-0.801144,-0.598472,-0.112906,0.598472,-0.801144,-0.088974,0,0,1,0,0,0.0186026,0,0,0.0694259,0.0186026,0.0694259,0.010332,-1.80114,0,-0.0564528,0,-1.80114,-0.044487,-0.0564528,-0.044487,0,-6.93E+11,0,-8.69E+09,0,-6.93E+11,-6.84E+09,-8.69E+09,-6.84E+09,-4.16E+11,3.19E+09,1.57E+09,-9.00E+09,1.57E+09,2.43E+09,-7.09E+09,-9.00E+09,-7.09E+09,2.78E+09,1.11E+10,1.15E+10,1.11E+10,-4.16E+11,2.78E+09,3988.02,4132.24,3.34E-12
0.02875,6.19592,0.5,0.0286406,-0.00250573,-0.0214456,0.019148,-0.0500862,0.0216538,0,-0.801144,-0.598472,-0.0957402,0.598472,-0.801144,-0.107228,0,0,1,-0.801144,-0.598472,-0.0957402,0.598472,-0.801144,-0.107228,0,0,1,0,0,0.00626432,0,0,0.0716015,0.00626432,0.0716015,0.010332,-1.80114,0,-0.0478701,0,-1.80114,-0.0536141,-0.0478701,-0.0536141,0,-6.93E+11,0,-7.36E+09,0,-6.93E+11,-8.25E+09,-7.36E+09,-8.25E+09,-4.16E+11,2.63E+09,1.61E+09,-7.63E+09,1.61E+09,2.99E+09,-8.55E+09,-7.63E+09,-8.55E+09,2.78E+09,1.11E+10,1.15E+10,1.11E+10,-4.16E+11,2.78E+09,3988.02,4132.24,2.01E-12
0.03125,0.0872665,0.5,0.0311311,0.00272362,-0.0265705,0.0164491,-0.0577016,0.0137255,0,-0.801144,-0.598472,-0.0822454,0.598472,-0.801144,-0.132852,0,0,1,-0.801144,-0.598472,-0.0822454,0.598472,-0.801144,-0.132852,0,0,1,0,0,-0.00680904,0,0,0.0778277,-0.00680904,0.0778277,0.012207,-1.80114,0,-0.0411227,0,-1.80114,-0.0664262,-0.0411227,-0.0664262,0,-6.93E+11,0,-6.33E+09,0,-6.93E+11,-1.02E+10,-6.33E+09,-1.02E+10,-4.16E+11,2.47E+09,1.72E+09,-6.60E+09,1.72E+09,4.18E+09,-1.07E+10,-6.60E+09,-1.07E+10,3.29E+09,1.20E+10,1.25E+10,1.20E+10,-4.16E+11,3.29E+09,5121.46,5340.28,1.97E-12
0.03125,0.261799,0.5,0.0301852,0.0080881,-0.0290232,0.0115853,-0.0592083,0.00349717,0,-0.801144,-0.598472,-0.0579263,0.598472,-0.801144,-0.145116,0,0,1,-0.801144,-0.598472,-0.0579263,0.598472,-0.801144,-0.145116,0,0,1,0,0,-0.0202202,0,0,0.075463,-0.0202202,0.075463,0.012207,-1.80114,0,-0.0289632,0,-1.80114,-0.0725579,-0.0289632,-0.0725579,0,-6.93E+11,0,-4.46E+09,0,-6.93E+11,-1.12E+10,-4.46E+09,-1.12E+10,-4.16E+11,1.94E+09,1.32E+09,-4.65E+09,1.32E+09,4.72E+09,-1.16E+10,-4.65E+09,-1.16E+10,3.29E+09,1.20E+10,1.25E+10,1.20E+10,-4.16E+11,3.29E+09,5121.46,5340.28,2.91E-12
0.03125,0.436332,0.5,0.0283221,0.0132068,-0.030594,0.00636944,-0.0589161,-0.00683738,0,-0.801144,-0.598472,-0.0318472,0.598472,-0.801144,-0.15297,0,0,1,-0.801144,-0.598472,-0.0318472,0.598472,-0.801144,-0.15297,0,0,1,0,0,-0.0330171,0,0,0.0708053,-0.0330171,0.0708053,0.012207,-1.80114,0,-0.0159236,0,-1.80114,-0.076485,-0.0159236,-0.076485,0,-6.93E+11,0,-2.45E+09,0,-6.93E+11,-1.18E+10,-2.45E+09,-1.18E+10,-4.16E+11,1.57E+09,7.65E+08,-2.55E+09,7.65E+08,5.09E+09,-1.23E+10,-2.55E+09,-1.23E+10,3.29E+09,1.20E+10,1.25E+10,1.20E+10,-4.16E+11,3.29E+09,5121.46,5340.28,1.85E-12
0.03125,0.610865,0.5,0.0255985,0.0179243,-0.0312352,0.000960081,-0.0568337,-0.0169642,0,-0.801144,-0.598472,-0.0048004,0.598472,-0.801144,-0.156176,0,0,1,-0.801144,-0.598472,-0.0048004,0.598472,-0.801144,-0.156176,0,0,1,0,0,-0.0448107,0,0,0.0639963,-0.0448107,0.0639963,0.012207,-1.80114,0,-0.0024002,0,-1.80114,-0.0780881,-0.0024002,-0.0780881,0,-6.93E+11,0,-3.69E+08,0,-6.93E+11,-1.20E+10,-3.69E+08,-1.20E+10,-4.16E+11,1.41E+09,1.18E+08,-3.85E+08,1.18E+08,5.24E+09,-1.25E+10,-3.85E+08,-1.25E+10,3.29E+09,1.20E+10,1.25E+10,1.20E+10,-4.16E+11,3.29E+09,5121.46,5340.28,2.71E-12
0.03125,0.785398,0.5,0.0220971,0.0220971,-0.0309274,-0.00447845,-0.0530245,-0.0265755,0,-0.801144,-0.598472,0.0223922,0.598472,-0.801144,-0.154637,0,0,1,-0.801144,-0.598472,0.0223922,0.598472,-0.801144,-0.154637,0,0,1,0,0,-0.0552427,0,0,0.0552427,-0.0552427,0.0552427,0.012207,-1.80114,0,0.0111961,0,-1.80114,-0.0773186,0.0111961,-0.0773186,0,-6.93E+11,0,1.72E+09,0,-6.93E+11,-1.19E+10,1.72E+09,-1.19E+10,-4.16E+11,1.49E+09,-5.44E+08,1.80E+09,-5.44E+08,5.17E+09,-1.24E+10,1.80E+09,-1.24E+10,3.29E+09,1.20E+10,1.25E+10,1.20E+10,-4.16E+11,3.29E+09,5121.46,5340.28,3.82E-12
0.03125,0.959931,0.5,0.0179243,0.0255985,-0.0296799,-0.0097809,-0.0476042,-0.0353794,0,-0.801144,-0.598472,0.0489045,0.598472,-0.801144,-0.148399,0,0,1,-0.801144,-0.598472,0.0489045,0.598472,-0.801144,-0.148399,0,0,1,0,0,-0.0639963,0,0,0.0448107,-0.0639963,0.0448107,0.012207,-1.80114,0,0.0244523,0,-1.80114,-0.0741997,0.0244523,-0.0741997,0,-6.93E+11,0,3.76E+09,0,-6.93E+11,-1.14E+10,3.76E+09,-1.14E+10,-4.16E+11,1.78E+09,-1.14E+09,3.92E+09,-1.14E+09,4.87E+09,-1.19E+10,3.92E+09,-1.19E+10,3.29E+09,1.20E+10,1.25E+10,1.20E+10,-4.16E+11,3.29E+09,5121.46,5340.28,3.00E-12
0.03125,1.13446,0.5,0.0132068,0.0283221,-0.0275306,-0.0147862,-0.0407374,-0.0431083,0,-0.801144,-0.598472,0.0739309,0.598472,-0.801144,-0.137653,0,0,1,-0.801144,-0.598472,0.0739309,0.598472,-0.801144,-0.137653,0,0,1,0,0,-0.0708053,0,0,0.0330171,-0.0708053,0.0330171,0.012207,-1.80114,0,0.0369654,0,-1.80114,-0.0688264,0.0369654,-0.0688264,0,-6.93E+11,0,5.69E+09,0,-6.93E+11,-1.06E+10,5.69E+09,-1.06E+10,-4.16E+11,2.27E+09,-1.60E+09,5.93E+09,-1.60E+09,4.39E+09,-1.10E+10,5.93E+09,-1.10E+10,3.29E+09,1.20E+10,1.25E+10,1.20E+10,-4.16E+11,3.29E+09,5121.46,5340.28,3.36E-12
0.03125,1.309,0.5,0.0080881,0.0301852,-0.0245447,-0.0193422,-0.0326328,-0.0495273,0,-0.801144,-0.598472,0.0967108,0.598472,-0.801144,-0.122724,0,0,1,-0.801144,-0.598472,0.0967108,0.598472,-0.801144,-0.122724,0,0,1,0,0,-0.075463,0,0,0.0202202,-0.075463,0.0202202,0.012207,-1.80114,0,0.0483554,0,-1.80114,-0.0613618,0.0483554,-0.0613618,0,-6.93E+11,0,7.44E+09,0,-6.93E+11,-9.44E+09,7.44E+09,-9.44E+09,-4.16E+11,2.88E+09,-1.86E+09,7.76E+09,-1.86E+09,3.78E+09,-9.84E+09,7.76E+09,-9.84E+09,3.29E+09,1.20E+10,1.25E+10,1.20E+10,-4.16E+11,3.29E+09,5121.46,5340.28,3.69E-12
0.03125,1.48353,0.5,0.00272362,0.0311311,-0.0208131,-0.0233105,-0.0235367,-0.0544415,0,-0.801144,-0.598472,0.116552,0.598472,-0.801144,-0.104065,0,0,1,-0.801144,-0.598472,0.116552,0.598472,-0.801144,-0.104065,0,0,1,0,0,-0.0778277,0,0,0.00680904,-0.0778277,0.00680904,0.012207,-1.80114,0,0.0582762,0,-1.80114,-0.0520327,0.0582762,-0.0520327,0,-6.93E+11,0,8.97E+09,0,-6.93E+11,-8.01E+09,8.97E+09,-8.01E+09,-4.16E+11,3.54E+09,-1.91E+09,9.35E+09,-1.91E+09,3.11E+09,-8.35E+09,9.35E+09,-8.35E+09,3.29E+09,1.20E+10,1.25E+10,1.20E+10,-4.16E+11,3.29E+09,5121.46,5340.28,2.93E-12
0.03125,1.65806,0.5,-0.00272362,0.0311311,-0.0164491,-0.0265705,-0.0137255,-0.0577016,0,-0.801144,-0.598472,0.132852,0.598472,-0.801144,-0.0822454,0,0,1,-0.801144,-0.598472,0.132852,0.598472,-0.801144,-0.0822454,0,0,1,0,0,-0.0778277,0,0,-0.00680904,-0.0778277,-0.00680904,0.012207,-1.80114,0,0.0664262,0,-1.80114,-0.0411227,0.0664262,-0.0411227,0,-6.93E+11,0,1.02E+10,0,-6.93E+11,-6.33E+09,1.02E+10,-6.33E+09,-4.16E+11,4.18E+09,-1.72E+09,1.07E+10,-1.72E+09,2.47E+09,-6.60E+09,1.07E+10,-6.60E+09,3.29E+09,1.20E+10,1.25E+10,1.20E+10,-4.16E+11,3.29E+09,5121.46,5340.28,1.97E-12
0.03125,1.8326,0.5,-0.0080881,0.0301852,-0.0115853,-0.0290232,-0.00349717,-0.0592083,0,-0.801144,-0.598472,0.145116,0.598472,-0.801144,-0.0579263,0,0,1,-0.801144,-0.598472,0.145116,0.598472,-0.801144,-0.0579263,0,0,1,0,0,-0.075463,0,0,-0.0202202,-0.075463,-0.0202202,0.012207,-1.80114,0,0.0725579,0,-1.80114,-0.0289632,0.0725579,-0.0289632,0,-6.93E+11,0,1.12E+10,0,-6.93E+11,-4.46E+09,1.12E+10,-4.46E+09,-4.16E+11,4.72E+09,-1.32E+09,1.16E+10,-1.32E+09,1.94E+09,-4.65E+09,1.16E+10,-4.65E+09,3.29E+09,1.20E+10,1.25E+10,1.20E+10,-4.16E+11,3.29E+09,5121.46,5340.28,2.69E-12
0.03125,2.00713,0.5,-0.0132068,0.0283221,-0.00636944,-0.030594,0.00683738,-0.0589161,0,-0.801144,-0.598472,0.15297,0.598472,-0.801144,-0.0318472,0,0,1,-0.801144,-0.598472,0.15297,0.598472,-0.801144,-0.0318472,0,0,1,0,0,-0.0708053,0,0,-0.0330171,-0.0708053,-0.0330171,0.012207,-1.80114,0,0.076485,0,-1.80114,-0.0159236,0.076485,-0.0159236,0,-6.93E+11,0,1.18E+10,0,-6.93E+11,-2.45E+09,1.18E+10,-2.45E+09,-4.16E+11,5.09E+09,-7.65E+08,1.23E+10,-7.65E+08,1.57E+09,-2.55E+09,1.23E+10,-2.55E+09,3.29E+09,1.20E+10,1.25E+10,1.20E+10,-4.16E+11,3.29E+09,5121.46,5340.28,2.31E-12
0.03125,2.18166,0.5,-0.0179243,0.0255985,-0.000960081,-0.0312352,0.0169642,-0.0568337,0,-0.801144,-0.598472,0.156176,0.598472,-0.801144,-0.0048004,0,0,1,-0.801144,-0.598472,0.156176,0.598472,-0.801144,-0.0048004,0,0,1,0,0,-0.0639963,0,0,-0.0448107,-0.0639963,-0.0448107,0.012207,-1.80114,0,0.0780881,0,-1.80114,-0.0024002,0.0780881,-0.0024002,0,-6.93E+11,0,1.20E+10,0,-6.93E+11,-3.69E+08,1.20E+10,-3.69E+08,-4.16E+11,5.24E+09,-1.18E+08,1.25E+10,-1.18E+08,1.41E+09,-3.85E+08,1.25E+10,-3.85E+08,3.29E+09,1.20E+10,1.25E+10,1.20E+10,-4.16E+11,3.29E+09,5121.46,5340.28,2.44E-12
0.03125,2.35619,0.5,-0.0220971,0.0220971,0.00447845,-0.0309274,0.0265755,-0.0530245,0,-0.801144,-0.598472,0.154637,0.598472,-0.801144,0.0223922,0,0,1,-0.801144,-0.598472,0.154637,0.598472,-0.801144,0.0223922,0,0,1,0,0,-0.0552427,0,0,-0.0552427,-0.0552427,-0.0552427,0.012207,-1.80114,0,0.0773186,0,-1.80114,0.0111961,0.0773186,0.0111961,0,-6.93E+11,0,1.19E+10,0,-6.93E+11,1.72E+09,1.19E+10,1.72E+09,-4.16E+11,5.17E+09,5.44E+08,1.24E+10,5.44E+08,1.49E+09,1.80E+09,1.24E+10,1.80E+09,3.29E+09,1.20E+10,1.25E+10,1.20E+10,-4.16E+11,3.29E+09,5121.46,5340.28,3.82E-12
0.03125,2.53073,0.5,-0.0255985,0.0179243,0.0097809,-0.0296799,0.0353794,-0.0476042,0,-0.801144,-0.598472,0.148399,0.598472,-0.801144,0.0489045,0,0,1,-0.801144,-0.598472,0.148399,0.598472,-0.801144,0.0489045,0,0,1,0,0,-0.0448107,0,0,-0.0639963,-0.0448107,-0.0639963,0.012207,-1.80114,0,0.0741997,0,-1.80114,0.0244523,0.0741997,0.0244523,0,-6.93E+11,0,1.14E+10,0,-6.93E+11,3.76E+09,1.14E+10,3.76E+09,-4.16E+11,4.87E+09,1.14E+09,1.19E+10,1.14E+09,1.78E+09,3.92E+09,1.19E+10,3.92E+09,3.29E+09,1.20E+10,1.25E+10,1.20E+10,-4.16E+11,3.29E+09,5121.46,5340.28,3.62E-12
0.03125,2.70526,0.5,-0.0283221,0.0132068,0.0147862,-0.0275306,0.0431083,-0.0407374,0,-0.801144,-0.598472,0.137653,0.598472,-0.801144,0.0739309,0,0,1,-0.801144,-0.598472,0.137653,0.598472,-0.801144,0.0739309,0,0,1,0,0,-0.0330171,0,0,-0.0708053,-0.0330171,-0.0708053,0.012207,-1.80114,0,0.0688264,0,-1.80114,0.0369654,0.0688264,0.0369654,0,-6.93E+11,0,1.06E+10,0,-6.93E+11,5.69E+09,1.06E+10,5.69E+09,-4.16E+11,4.39E+09,1.60E+09,1.10E+10,1.60E+09,2.27E+09,5.93E+09,1.10E+10,5.93E+09,3.29E+09,1.20E+10,1.25E+10,1.20E+10,-4.16E+11,3.29E+09,5121.46,5340.28,2.64E-12
0.03125,2.87979,0.5,-0.0301852,0.0080881,0.0193422,-0.0245447,0.0495273,-0.0326328,0,-0.801144,-0.598472,0.122724,0.598472,-0.801144,0.0967108,0,0,1,-0.801144,-0.598472,0.122724,0.598472,-0.801144,0.0967108,0,0,1,0,0,-0.0202202,0,0,-0.075463,-0.0202202,-0.075463,0.012207,-1.80114,0,0.0613618,0,-1.80114,0.0483554,0.0613618,0.0483554,0,-6.93E+11,0,9.44E+09,0,-6.93E+11,7.44E+09,9.44E+09,7.44E+09,-4.16E+11,3.78E+09,1.86E+09,9.84E+09,1.86E+09,2.88E+09,7.76E+09,9.84E+09,7.76E+09,3.29E+09,1.20E+10,1.25E+10,1.20E+10,-4.16E+11,3.29E+09,5121.46,5340.28,2.41E-12
0.03125,3.05433,0.5,-0.0311311,0.00272362,0.0233105,-0.0208131,0.0544415,-0.0235367,0,-0.801144,-0.598472,0.104065,0.598472,-0.801144,0.116552,0,0,1,-0.801144,-0.598472,0.104065,0.598472,-0.801144,0.116552,0,0,1,0,0,-0.00680904,0,0,-0.0778277,-0.00680904,-0.0778277,0.012207,-1.80114,0,0.0520327,0,-1.80114,0.0582762,0.0520327,0.0582762,0,-6.93E+11,0,8.01E+09,0,-6.93E+11,8.97E+09,8.01E+09,8.97E+09,-4.16E+11,3.11E+09,1.91E+09,8.35E+09,1.91E+09,3.54E+09,9.35E+09,8.35E+09,9.35E+09,3.29E+09,1.20E+10,1.25E+10,1.20E+10,-4.16E+11,3.29E+09,5121.46,5340.28,3.04E-12
0.03125,3.22886,0.5,-0.0311311,-0.00272362,0.0265705,-0.0164491,0.0577016,-0.0137255,0,-0.801144,-0.598472,0.0822454,0.598472,-0.801144,0.132852,0,0,1,-0.801144,-0.598472,0.0822454,0.598472,-0.801144,0.132852,0,0,1,0,0,0.00680904,0,0,-0.0778277,0.00680904,-0.0778277,0.012207,-1.80114,0,0.0411227,0,-1.80114,0.0664262,0.0411227,0.0664262,0,-6.93E+11,0,6.33E+09,0,-6.93E+11,1.02E+10,6.33E+09,1.02E+10,-4.16E+11,2.47E+09,1.72E+09,6.60E+09,1.72E+09,4.18E+09,1.07E+10,6.60E+09,1.07E+10,3.29E+09,1.20E+10,1.25E+10,1.20E+10,-4.16E+11,3.29E+09,5121.46,5340.28,3.17E-12
0.03125,3.40339,0.5,-0.0301852,-0.0080881,0.0290232,-0.0115853,0.0592083,-0.00349717,0,-0.801144,-0.598472,0.0579263,0.598472,-0.801144,0.145116,0,0,1,-0.801144,-0.598472,0.0579263,0.598472,-0.801144,0.145116,0,0,1,0,0,0.0202202,0,0,-0.075463,0.0202202,-0.075463,0.012207,-1.80114,0,0.0289632,0,-1.80114,0.0725579,0.0289632,0.0725579,0,-6.93E+11,0,4.46E+09,0,-6.93E+11,1.12E+10,4.46E+09,1.12E+10,-4.16E+11,1.94E+09,1.32E+09,4.65E+09,1.32E+09,4.72E+09,1.16E+10,4.65E+09,1.16E+10,3.29E+09,1.20E+10,1.25E+10,1.20E+10,-4.16E+11,3.29E+09,5121.46,5340.28,3.89E-12
0.03125,3.57792,0.5,-0.0283221,-0.0132068,0.030594,-0.00636944,0.0589161,0.00683738,0,-0.801144,-0.598472,0.0318472,0.598472,-0.801144,0.15297,0,0,1,-0.801144,-0.598472,0.0318472,0.598472,-0.801144,0.15297,0,0,1,0,0,0.0330171,0,0,-0.0708053,0.0330171,-0.0708053,0.012207,-1.80114,0,0.0159236,0,-1.80114,0.076485,0.0159236,0.076485,0,-6.93E+11,0,2.45E+09,0,-6.93E+11,1.18E+10,2.45E+09,1.18E+10,-4.16E+11,1.57E+09,7.65E+08,2.55E+09,7.65E+08,5.09E+09,1.23E+10,2.55E+09,1.23E+10,3.29E+09,1.20E+10,1.25E+10,1.20E+10,-4.16E+11,3.29E+09,5121.46,5340.28,2.61E-12
0.03125,3.75246,0.5,-0.0255985,-0.0179243,0.0312352,-0.000960081,0.0568337,0.0169642,0,-0.801144,-0.598472,0.0048004,0.598472,-0.801144,0.156176,0,0,1,-0.801144,-0.598472,0.0048004,0.598472,-0.801144,0.156176,0,0,1,0,0,0.0448107,0,0,-0.0639963,0.0448107,-0.0639963,0.012207,-1.80114,0,0.0024002,0,-1.80114,0.0780881,0.0024002,0.0780881,0,-6.93E+11,0,3.69E+08,0,-6.93E+11,1.20E+10,3.69E+08,1.20E+10,-4.16E+11,1.41E+09,1.18E+08,3.85E+08,1.18E+08,5.24E+09,1.25E+10,3.85E+08,1.25E+10,3.29E+09,1.20E+10,1.25E+10,1.20E+10,-4.16E+11,3.29E+09,5121.46,5340.28,2.44E-12
0.03125,3.92699,0.5,-0.0220971,-0.0220971,0.0309274,0.00447845,0.0530245,0.0265755,0,-0.801144,-0.598472,-0.0223922,0.598472,-0.801144,0.154637,0,0,1,-0.801144,-0.598472,-0.0223922,0.598472,-0.801144,0.154637,0,0,1,0,0,0.0552427,0,0,-0.0552427,0.0552427,-0.0552427,0.012207,-1.80114,0,-0.0111961,0,-1.80114,0.0773186,-0.0111961,0.0773186,0,-6.93E+11,0,-1.72E+09,0,-6.93E+11,1.19E+10,-1.72E+09,1.19E+10,-4.16E+11,1.49E+09,-5.44E+08,-1.80E+09,-5.44E+08,5.17E+09,1.24E+10,-1.80E+09,1.24E+10,3.29E+09,1.20E+10,1.25E+10,1.20E+10,-4.16E+11,3.29E+09,5121.46,5340.28,2.94E-12
0.03125,4.10152,0.5,-0.0179243,-0.0255985,0.0296799,0.0097809,0.0476042,0.0353794,0,-0.801144,-0.598472,-0.0489045,0.598472,-0.801144,0.148399,0,0,1,-0.801144,-0.598472,-0.0489045,0.598472,-0.801144,0.148399,0,0,1,0,0,0.0639963,0,0,-0.0448107,0.0639963,-0.0448107,0.012207,-1.80114,0,-0.0244523,0,-1.80114,0.0741997,-0.0244523,0.0741997,0,-6.93E+11,0,-3.76E+09,0,-6.93E+11,1.14E+10,-3.76E+09,1.14E+10,-4.16E+11,1.78E+09,-1.14E+09,-3.92E+09,-1.14E+09,4.87E+09,1.19E+10,-3.92E+09,1.19E+10,3.29E+09,1.20E+10,1.25E+10,1.20E+10,-4.16E+11,3.29E+09,5121.46,5340.28,3.62E-12
0.03125,4.27606,0.5,-0.0132068,-0.0283221,0.0275306,0.0147862,0.0407374,0.0431083,0,-0.801144,-0.598472,-0.0739309,0.598472,-0.801144,0.137653,0,0,1,-0.801144,-0.598472,-0.0739309,0.598472,-0.801144,0.137653,0,0,1,0,0,0.0708053,0,0,-0.0330171,0.0708053,-0.0330171,0.012207,-1.80114,0,-0.0369654,0,-1.80114,0.0688264,-0.0369654,0.0688264,0,-6.93E+11,0,-5.69E+09,0,-6.93E+11,1.06E+10,-5.69E+09,1.06E+10,-4.16E+11,2.27E+09,-1.60E+09,-5.93E+09,-1.60E+09,4.39E+09,1.10E+10,-5.93E+09,1.10E+10,3.29E+09,1.20E+10,1.25E+10,1.20E+10,-4.16E+11,3.29E+09,5121.46,5340.28,3.20E-12
0.03125,4.45059,0.5,-0.0080881,-0.0301852,0.0245447,0.0193422,0.0326328,0.0495273,0,-0.801144,-0.598472,-0.0967108,0.598472,-0.801144,0.122724,0,0,1,-0.801144,-0.598472,-0.0967108,0.598472,-0.801144,0.122724,0,0,1,0,0,0.075463,0,0,-0.0202202,0.075463,-0.0202202,0.012207,-1.80114,0,-0.0483554,0,-1.80114,0.0613618,-0.0483554,0.0613618,0,-6.93E+11,0,-7.44E+09,0,-6.93E+11,9.44E+09,-7.44E+09,9.44E+09,-4.16E+11,2.88E+09,-1.86E+09,-7.76E+09,-1.86E+09,3.78E+09,9.84E+09,-7.76E+09,9.84E+09,3.29E+09,1.20E+10,1.25E+10,1.20E+10,-4.16E+11,3.29E+09,5121.46,5340.28,4.12E-12
0.03125,4.62512,0.5,-0.00272362,-0.0311311,0.0208131,0.0233105,0.0235367,0.0544415,0,-0.801144,-0.598472,-0.116552,0.598472,-0.801144,0.104065,0,0,1,-0.801144,-0.598472,-0.116552,0.598472,-0.801144,0.104065,0,0,1,0,0,0.0778277,0,0,-0.00680904,0.0778277,-0.00680904,0.012207,-1.80114,0,-0.0582762,0,-1.80114,0.0520327,-0.0582762,0.0520327,0,-6.93E+11,0,-8.97E+09,0,-6.93E+11,8.01E+09,-8.97E+09,8.01E+09,-4.16E+11,3.54E+09,-1.91E+09,-9.35E+09,-1.91E+09,3.11E+09,8.35E+09,-9.35E+09,8.35E+09,3.29E+09,1.20E+10,1.25E+10,1.20E+10,-4.16E+11,3.29E+09,5121.46,5340.28,2.68E-12
0.03125,4.79966,0.5,0.00272362,-0.0311311,0.0164491,0.0265705,0.0137255,0.0577016,0,-0.801144,-0.598472,-0.132852,0.598472,-0.801144,0.0822454,0,0,1,-0.801144,-0.598472,-0.132852,0.598472,-0.801144,0.0822454,0,0,1,0,0,0.0778277,0,0,0.00680904,0.0778277,0.00680904,0.012207,-1.80114,0,-0.0664262,0,-1.80114,0.0411227,-0.0664262,0.0411227,0,-6.93E+11,0,-1.02E+10,0,-6.93E+11,6.33E+09,-1.02E+10,6.33E+09,-4.16E+11,4.18E+09,-1.72E+09,-1.07E+10,-1.72E+09,2.47E+09,6.60E+09,-1.07E+10,6.60E+09,3.29E+09,1.20E+10,1.25E+10,1.20E+10,-4.16E+11,3.29E+09,5121.46,5340.28,1.97E-12
0.03125,4.97419,0.5,0.0080881,-0.0301852,0.0115853,0.0290232,0.00349717,0.0592083,0,-0.801144,-0.598472,-0.145116,0.598472,-0.801144,0.0579263,0,0,1,-0.801144,-0.598472,-0.145116,0.598472,-0.801144,0.0579263,0,0,1,0,0,0.075463,0,0,0.0202202,0.075463,0.0202202,0.012207,-1.80114,0,-0.0725579,0,-1.80114,0.0289632,-0.0725579,0.0289632,0,-6.93E+11,0,-1.12E+10,0,-6.93E+11,4.46E+09,-1.12E+10,4.46E+09,-4.16E+11,4.72E+09,-1.32E+09,-1.16E+10,-1.32E+09,1.94E+09,4.65E+09,-1.16E+10,4.65E+09,3.29E+09,1.20E+10,1.25E+10,1.20E+10,-4.16E+11,3.29E+09,5121.46,5340.28,1.90E-12
0.03125,5.14872,0.5,0.0132068,-0.0283221,0.00636944,0.030594,-0.00683738,0.0589161,0,-0.801144,-0.598472,-0.15297,0.598472,-0.801144,0.0318472,0,0,1,-0.801144,-0.598472,-0.15297,0.598472,-0.801144,0.0318472,0,0,1,0,0,0.0708053,0,0,0.0330171,0.0708053,0.0330171,0.012207,-1.80114,0,-0.076485,0,-1.80114,0.0159236,-0.076485,0.0159236,0,-6.93E+11,0,-1.18E+10,0,-6.93E+11,2.45E+09,-1.18E+10,2.45E+09,-4.16E+11,5.09E+09,-7.65E+08,-1.23E+10,-7.65E+08,1.57E+09,2.55E+09,-1.23E+10,2.55E+09,3.29E+09,1.20E+10,1.25E+10,1.20E+10,-4.16E+11,3.29E+09,5121.46,5340.28,2.21E-12
0.03125,5.32325,0.5,0.0179243,-0.0255985,0.000960081,0.0312352,-0.0169642,0.0568337,0,-0.801144,-0.598472,-0.156176,0.598472,-0.801144,0.0048004,0,0,1,-0.801144,-0.598472,-0.156176,0.598472,-0.801144,0.0048004,0,0,1,0,0,0.0639963,0,0,0.0448107,0.0639963,0.0448107,0.012207,-1.80114,0,-0.0780881,0,-1.80114,0.0024002,-0.0780881,0.0024002,0,-6.93E+11,0,-1.20E+10,0,-6.93E+11,3.69E+08,-1.20E+10,3.69E+08,-4.16E+11,5.24E+09,-1.18E+08,-1.25E+10,-1.18E+08,1.41E+09,3.85E+08,-1.25E+10,3.85E+08,3.29E+09,1.20E+10,1.25E+10,1.20E+10,-4.16E+11,3.29E+09,5121.46,5340.28,2.71E-12
0.03125,5.49779,0.5,0.0220971,-0.0220971,-0.00447845,0.0309274,-0.0265755,0.0530245,0,-0.801144,-0.598472,-0.154637,0.598472,-0.801144,-0.0223922,0,0,1,-0.801144,-0.598472,-0.154637,0.598472,-0.801144,-0.0223922,0,0,1,0,0,0.0552427,0,0,0.0552427,0.0552427,0.0552427,0.012207,-1.80114,0,-0.0773186,0,-1.80114,-0.0111961,-0.0773186,-0.0111961,0,-6.93E+11,0,-1.19E+10,0,-6.93E+11,-1.72E+09,-1.19E+10,-1.72E+09,-4.16E+11,5.17E+09,5.44E+08,-1.24E+10,5.44E+08,1.49E+09,-1.80E+09,-1.24E+10,-1.80E+09,3.29E+09,1.20E+10,1.25E+10,1.20E+10,-4.16E+11,3.29E+09,5121.46,5340.28,2.94E-12
0.03125,5.67232,0.5,0.0255985,-0.0179243,-0.0097809,0.0296799,-0.0353794,0.0476042,0,-0.801144,-0.598472,-0.148399,0.598472,-0.801144,-0.0489045,0,0,1,-0.801144,-0.598472,-0.148399,0.598472,-0.801144,-0.0489045,0,0,1,0,0,0.0448107,0,0,0.0639963,0.0448107,0.0639963,0.012207,-1.80114,0,-0.0741997,0,-1.80114,-0.0244523,-0.0741997,-0.0244523,0,-6.93E+11,0,-1.14E+10,0,-6.93E+11,-3.76E+09,-1.14E+10,-3.76E+09,-4.16E+11,4.87E+09,1.14E+09,-1.19E+10,1.14E+09,1.78E+09,-3.92E+09,-1.19E+10,-3.92E+09,3.29E+09,1.20E+10,1.25E+10,1.20E+10,-4.16E+11,3.29E+09,5121.46,5340.28,2.64E-12
0.03125,5.84685,0.5,0.0283221,-0.0132068,-0.0147862,0.0275306,-0.0431083,0.0407374,0,-0.801144,-0.598472,-0.137653,0.598472,-0.801144,-0.0739309,0,0,1,-0.801144,-0.598472,-0.137653,0.598472,-0.801144,-0.0739309,0,0,1,0,0,0.0330171,0,0,0.0708053,0.0330171,0.0708053,0.012207,-1.80114,0,-0.0688264,0,-1.80114,-0.0369654,-0.0688264,-0.0369654,0,-6.93E+11,0,-1.06E+10,0,-6.93E+11,-5.69E+09,-1.06E+10,-5.69E+09,-4.16E+11,4.39E+09,1.60E+09,-1.10E+10,1.60E+09,2.27E+09,-5.93E+09,-1.10E+10,-5.93E+09,3.29E+09,1.20E+10,1.25E+10,1.20E+10,-4.16E+11,3.29E+09,5121.46,5340.28,3.00E-12
0.03125,6.02139,0.5,0.0301852,-0.0080881,-0.0193422,0.0245447,-0.0495273,0.0326328,0,-0.801144,-0.598472,-0.122724,0.598472,-0.801144,-0.0967108,0,0,1,-0.801144,-0.598472,-0.122724,0.598472,-0.801144,-0.0967108,0,0,1,0,0,0.0202202,0,0,0.075463,0.0202202,0.075463,0.012207,-1.80114,0,-0.0613618,0,-1.80114,-0.0483554,-0.0613618,-0.0483554,0,-6.93E+11,0,-9.44E+09,0,-6.93E+11,-7.44E+09,-9.44E+09,-7.44E+09,-4.16E+11,3.78E+09,1.86E+09,-9.84E+09,1.86E+09,2.88E+09,-7.76E+09,-9.84E+09,-7.76E+09,3.29E+09,1.20E+10,1.25E+10,1.20E+10,-4.16E+11,3.29E+09,5121.46,5340.28,2.09E-12
0.03125,6.19592,0.5,0.0311311,-0.00272362,-0.0233105,0.0208131,-0.0544415,0.0235367,0,-0.801144,-0.598472,-0.104065,0.598472,-0.801144,-0.116552,0,0,1,-0.801144,-0.598472,-0.104065,0.598472,-0.801144,-0.116552,0,0,1,0,0,0.00680904,0,0,0.0778277,0.00680904,0.0778277,0.012207,-1.80114,0,-0.0520327,0,-1.80114,-0.0582762,-0.0520327,-0.0582762,0,-6.93E+11,0,-8.01E+09,0,-6.93E+11,-8.97E+09,-8.01E+09,-8.97E+09,-4.16E+11,3.11E+09,1.91E+09,-8.35E+09,1.91E+09,3.54E+09,-9.35E+09,-8.35E+09,-9.35E+09,3.29E+09,1.20E+10,1.25E+10,1.20E+10,-4.16E+11,3.29E+09,5121.46,5340.28,2.37E-12
0.03375,0.0872665,0.5,0.0336216,0.00294151,-0.0286961,0.017765,-0.0623177,0.0148235,0,-0.801144,-0.598472,-0.088825,0.598472,-0.801144,-0.143481,0,0,1,-0.801144,-0.598472,-0.088825,0.598472,-0.801144,-0.143481,0,0,1,0,0,-0.00735377,0,0,0.0840539,-0.00735377,0.0840539,0.0142383,-1.80114,0,-0.0444125,0,-1.80114,-0.0717403,-0.0444125,-0.0717403,0,-6.93E+11,0,-6.83E+09,0,-6.93E+11,-1.10E+10,-6.83E+09,-1.10E+10,-4.16E+11,2.89E+09,2.01E+09,-7.17E+09,2.01E+09,4.89E+09,-1.16E+10,-7.17E+09,-1.16E+10,3.83E+09,1.30E+10,1.36E+10,1.30E+10,-4.16E+11,3.83E+09,6451.57,6773.08,2.40E-12
0.03375,0.261799,0.5,0.0326,0.00873514,-0.031345,0.0125121,-0.063945,0.00377694,0,-0.801144,-0.598472,-0.0625604,0.598472,-0.801144,-0.156725,0,0,1,-0.801144,-0.598472,-0.0625604,0.598472,-0.801144,-0.156725,0,0,1,0,0,-0.0218379,0,0,0.0815,-0.0218379,0.0815,0.0142383,-1.80114,0,-0.0312802,0,-1.80114,-0.0783625,-0.0312802,-0.0783625,0,-6.93E+11,0,-4.81E+09,0,-6.93E+11,-1.21E+10,-4.81E+09,-1.21E+10,-4.16E+11,2.26E+09,1.55E+09,-5.05E+09,1.55E+09,5.52E+09,-1.27E+10,-5.05E+09,-1.27E+10,3.83E+09,1.30E+10,1.36E+10,1.30E+10,-4.16E+11,3.83E+09,6451.57,6773.08,2.91E-12
0.03375,0.436332,0.5,0.0305879,0.0142634,-0.0330415,0.00687899,-0.0636294,-0.00738437,0,-0.801144,-0.598472,-0.034395,0.598472,-0.801144,-0.165208,0,0,1,-0.801144,-0.598472,-0.034395,0.598472,-0.801144,-0.165208,0,0,1,0,0,-0.0356584,0,0,0.0764697,-0.0356584,0.0764697,0.0142383,-1.80114,0,-0.0171975,0,-1.80114,-0.0826038,-0.0171975,-0.0826038,0,-6.93E+11,0,-2.65E+09,0,-6.93E+11,-1.27E+10,-2.65E+09,-1.27E+10,-4.16E+11,1.83E+09,8.96E+08,-2.78E+09,8.96E+08,5.95E+09,-1.33E+10,-2.78E+09,-1.33E+10,3.83E+09,1.30E+10,1.36E+10,1.30E+10,-4.16E+11,3.83E+09,6451.57,6773.08,3.54E-12
0.03375,0.610865,0.5,0.0276464,0.0193582,-0.0337341,0.00103689,-0.0613804,-0.0183213,0,-0.801144,-0.598472,-0.00518444,0.598472,-0.801144,-0.16867,0,0,1,-0.801144,-0.598472,-0.00518444,0.598472,-0.801144,-0.16867,0,0,1,0,0,-0.0483955,0,0,0.069116,-0.0483955,0.069116,0.0142383,-1.80114,0,-0.00259222,0,-1.80114,-0.0843352,-0.00259222,-0.0843352,0,-6.93E+11,0,-3.99E+08,0,-6.93E+11,-1.30E+10,-3.99E+08,-1.30E+10,-4.16E+11,1.65E+09,1.38E+08,-4.19E+08,1.38E+08,6.13E+09,-1.36E+10,-4.19E+08,-1.36E+10,3.83E+09,1.30E+10,1.36E+10,1.30E+10,-4.16E+11,3.83E+09,6451.57,6773.08,3.25E-12
0.03375,0.785398,0.5,0.0238649,0.0238649,-0.0334016,-0.00483673,-0.0572665,-0.0287016,0,-0.801144,-0.598472,0.0241836,0.598472,-0.801144,-0.167008,0,0,1,-0.801144,-0.598472,0.0241836,0.598472,-0.801144,-0.167008,0,0,1,0,0,-0.0596621,0,0,0.0596621,-0.0596621,0.0596621,0.0142383,-1.80114,0,0.0120918,0,-1.80114,-0.0835041,0.0120918,-0.0835041,0,-6.93E+11,0,1.86E+09,0,-6.93E+11,-1.28E+10,1.86E+09,-1.28E+10,-4.16E+11,1.74E+09,-6.37E+08,1.95E+09,-6.37E+08,6.04E+09,-1.35E+10,1.95E+09,-1.35E+10,3.83E+09,1.30E+10,1.36E+10,1.30E+10,-4.16E+11,3.83E+09,6451.57,6773.08,3.62E-12
0.03375,0.959931,0.5,0.0193582,0.0276464,-0.0320543,-0.0105634,-0.0514125,-0.0382098,0,-0.801144,-0.598472,0.0528169,0.598472,-0.801144,-0.160271,0,0,1,-0.801144,-0.598472,0.0528169,0.598472,-0.801144,-0.160271,0,0,1,0,0,-0.069116,0,0,0.0483955,-0.069116,0.0483955,0.0142383,-1.80114,0,0.0264084,0,-1.80114,-0.0801357,0.0264084,-0.0801357,0,-6.93E+11,0,4.06E+09,0,-6.93E+11,-1.23E+10,4.06E+09,-1.23E+10,-4.16E+11,2.08E+09,-1.33E+09,4.27E+09,-1.33E+09,5.69E+09,-1.29E+10,4.27E+09,-1.29E+10,3.83E+09,1.30E+10,1.36E+10,1.30E+10,-4.16E+11,3.83E+09,6451.57,6773.08,3.92E-12
0.03375,1.13446,0.5,0.0142634,0.0305879,-0.029733,-0.0159691,-0.0439964,-0.046557,0,-0.801144,-0.598472,0.0798453,0.598472,-0.801144,-0.148665,0,0,1,-0.801144,-0.598472,0.0798453,0.598472,-0.801144,-0.148665,0,0,1,0,0,-0.0764697,0,0,0.0356584,-0.0764697,0.0356584,0.0142383,-1.80114,0,0.0399227,0,-1.80114,-0.0743325,0.0399227,-0.0743325,0,-6.93E+11,0,6.14E+09,0,-6.93E+11,-1.14E+10,6.14E+09,-1.14E+10,-4.16E+11,2.65E+09,-1.87E+09,6.45E+09,-1.87E+09,5.13E+09,-1.20E+10,6.45E+09,-1.20E+10,3.83E+09,1.30E+10,1.36E+10,1.30E+10,-4.16E+11,3.83E+09,6451.57,6773.08,3.42E-12
0.03375,1.309,0.5,0.00873514,0.0326,-0.0265083,-0.0208895,-0.0352434,-0.0534895,0,-0.801144,-0.598472,0.104448,0.598472,-0.801144,-0.132541,0,0,1,-0.801144,-0.598472,0.104448,0.598472,-0.801144,-0.132541,0,0,1,0,0,-0.0815,0,0,0.0218379,-0.0815,0.0218379,0.0142383,-1.80114,0,0.0522238,0,-1.80114,-0.0662707,0.0522238,-0.0662707,0,-6.93E+11,0,8.03E+09,0,-6.93E+11,-1.02E+10,8.03E+09,-1.02E+10,-4.16E+11,3.36E+09,-2.18E+09,8.43E+09,-2.18E+09,4.41E+09,-1.07E+10,8.43E+09,-1.07E+10,3.83E+09,1.30E+10,1.36E+10,1.30E+10,-4.16E+11,3.83E+09,6451.57,6773.08,2.06E-12
0.03375,1.48353,0.5,0.00294151,0.0336216,-0.0224781,-0.0251753,-0.0254196,-0.0587969,0,-0.801144,-0.598472,0.125876,0.598472,-0.801144,-0.112391,0,0,1,-0.801144,-0.598472,0.125876,0.598472,-0.801144,-0.112391,0,0,1,0,0,-0.0840539,0,0,0.00735377,-0.0840539,0.00735377,0.0142383,-1.80114,0,0.0629382,0,-1.80114,-0.0561954,0.0629382,-0.0561954,0,-6.93E+11,0,9.68E+09,0,-6.93E+11,-8.65E+09,9.68E+09,-8.65E+09,-4.16E+11,4.14E+09,-2.23E+09,1.02E+10,-2.23E+09,3.63E+09,-9.08E+09,1.02E+10,-9.08E+09,3.83E+09,1.30E+10,1.36E+10,1.30E+10,-4.16E+11,3.83E+09,6451.57,6773.08,2.20E-12
0.03375,1.65806,0.5,-0.00294151,0.0336216,-0.017765,-0.0286961,-0.0148235,-0.0623177,0,-0.801144,-0.598472,0.143481,0.598472,-0.801144,-0.088825,0,0,1,-0.801144,-0.598472,0.143481,0.598472,-0.801144,-0.088825,0,0,1,0,0,-0.0840539,0,0,-0.00735377,-0.0840539,-0.00735377,0.0142383,-1.80114,0,0.0717403,0,-1.80114,-0.0444125,0.0717403,-0.0444125,0,-6.93E+11,0,1.10E+10,0,-6.93E+11,-6.83E+09,1.10E+10,-6.83E+09,-4.16E+11,4.89E+09,-2.01E+09,1.16E+10,-2.01E+09,2.89E+09,-7.17E+09,1.16E+10,-7.17E+09,3.83E+09,1.30E+10,1.36E+10,1.30E+10,-4.16E+11,3.83E+09,6451.57,6773.08,2.23E-12
0.03375,1.8326,0.5,-0.00873514,0.0326,-0.0125121,-0.031345,-0.00377694,-0.063945,0,-0.801144,-0.598472,0.156725,0.598472,-0.801144,-0.0625604,0,0,1,-0.801144,-0.598472,0.156725,0.598472,-0.801144,-0.0625604,0,0,1,0,0,-0.0815,0,0,-0.0218379,-0.0815,-0.0218379,0.0142383,-1.80114,0,0.0783625,0,-1.80114,-0.0312802,0.0783625,-0.0312802,0,-6.93E+11,0,1.21E+10,0,-6.93E+11,-4.81E+09,1.21E+10,-4.81E+09,-4.16E+11,5.52E+09,-1.55E+09,1.27E+10,-1.55E+09,2.26E+09,-5.05E+09,1.27E+10,-5.05E+09,3.83E+09,1.30E+10,1.36E+10,1.30E+10,-4.16E+11,3.83E+09,6451.57,6773.08,2.91E-12
0.03375,2.00713,0.5,-0.0142634,0.0305879,-0.00687899,-0.0330415,0.00738437,-0.0636294,0,-0.801144,-0.598472,0.165208,0.598472,-0.801144,-0.034395,0,0,1,-0.801144,-0.598472,0.165208,0.598472,-0.801144,-0.034395,0,0,1,0,0,-0.0764697,0,0,-0.0356584,-0.0764697,-0.0356584,0.0142383,-1.80114,0,0.0826038,0,-1.80114,-0.0171975,0.0826038,-0.0171975,0,-6.93E+11,0,1.27E+10,0,-6.93E+11,-2.65E+09,1.27E+10,-2.65E+09,-4.16E+11,5.95E+09,-8.96E+08,1.33E+10,-8.96E+08,1.83E+09,-2.78E+09,1.33E+10,-2.78E+09,3.83E+09,1.30E+10,1.36E+10,1.30E+10,-4.16E+11,3.83E+09,6451.57,6773.08,2.77E-12
0.03375,2.18166,0.5,-0.0193582,0.0276464,-0.00103689,-0.0337341,0.0183213,-0.0613804,0,-0.801144,-0.598472,0.16867,0.598472,-0.801144,-0.00518444,0,0,1,-0.801144,-0.598472,0.16867,0.598472,-0.801144,-0.00518444,0,0,1,0,0,-0.069116,0,0,-0.0483955,-0.069116,-0.0483955,0.0142383,-1.80114,0,0.0843352,0,-1.80114,-0.00259222,0.0843352,-0.00259222,0,-6.93E+11,0,1.30E+10,0,-6.93E+11,-3.99E+08,1.30E+10,-3.99E+08,-4.16E+11,6.13E+09,-1.38E+08,1.36E+10,-1.38E+08,1.65E+09,-4.19E+08,1.36E+10,-4.19E+08,3.83E+09,1.30E+10,1.36E+10,1.30E+10,-4.16E+11,3.83E+09,6451.57,6773.08,2.88E-12
0.03375,2.35619,0.5,-0.0238649,0.0238649,0.00483673,-0.0334016,0.0287016,-0.0572665,0,-0.801144,-0.598472,0.167008,0.598472,-0.801144,0.0241836,0,0,1,-0.801144,-0.598472,0.167008,0.598472,-0.801144,0.0241836,0,0,1,0,0,-0.0596621,0,0,-0.0596621,-0.0596621,-0.0596621,0.0142383,-1.80114,0,0.0835041,0,-1.80114,0.0120918,0.0835041,0.0120918,0,-6.93E+11,0,1.28E+10,0,-6.93E+11,1.86E+09,1.28E+10,1.86E+09,-4.16E+11,6.04E+09,6.37E+08,1.35E+10,6.37E+08,1.74E+09,1.95E+09,1.35E+10,1.95E+09,3.83E+09,1.30E+10,1.36E+10,1.30E+10,-4.16E+11,3.83E+09,6451.57,6773.08,3.62E-12
0.03375,2.53073,0.5,-0.0276464,0.0193582,0.0105634,-0.0320543,0.0382098,-0.0514125,0,-0.801144,-0.598472,0.160271,0.598472,-0.801144,0.0528169,0,0,1,-0.801144,-0.598472,0.160271,0.598472,-0.801144,0.0528169,0,0,1,0,0,-0.0483955,0,0,-0.069116,-0.0483955,-0.069116,0.0142383,-1.80114,0,0.0801357,0,-1.80114,0.0264084,0.0801357,0.0264084,0,-6.93E+11,0,1.23E+10,0,-6.93E+11,4.06E+09,1.23E+10,4.06E+09,-4.16E+11,5.69E+09,1.33E+09,1.29E+10,1.33E+09,2.08E+09,4.27E+09,1.29E+10,4.27E+09,3.83E+09,1.30E+10,1.36E+10,1.30E+10,-4.16E+11,3.83E+09,6451.57,6773.08,3.46E-12
0.03375,2.70526,0.5,-0.0305879,0.0142634,0.0159691,-0.029733,0.046557,-0.0439964,0,-0.801144,-0.598472,0.148665,0.598472,-0.801144,0.0798453,0,0,1,-0.801144,-0.598472,0.148665,0.598472,-0.801144,0.0798453,0,0,1,0,0,-0.0356584,0,0,-0.0764697,-0.0356584,-0.0764697,0.0142383,-1.80114,0,0.0743325,0,-1.80114,0.0399227,0.0743325,0.0399227,0,-6.93E+11,0,1.14E+10,0,-6.93E+11,6.14E+09,1.14E+10,6.14E+09,-4.16E+11,5.13E+09,1.87E+09,1.20E+10,1.87E+09,2.65E+09,6.45E+09,1.20E+10,6.45E+09,3.83E+09,1.30E+10,1.36E+10,1.30E+10,-4.16E+11,3.83E+09,6451.57,6773.08,2.68E-12
0.03375,2.87979,0.5,-0.0326,0.00873514,0.0208895,-0.0265083,0.0534895,-0.0352434,0,-0.801144,-0.598472,0.132541,0.598472,-0.801144,0.104448,0,0,1,-0.801144,-0.598472,0.132541,0.598472,-0.801144,0.104448,0,0,1,0,0,-0.0218379,0,0,-0.0815,-0.0218379,-0.0815,0.0142383,-1.80114,0,0.0662707,0,-1.80114,0.0522238,0.0662707,0.0522238,0,-6.93E+11,0,1.02E+10,0,-6.93E+11,8.03E+09,1.02E+10,8.03E+09,-4.16E+11,4.41E+09,2.18E+09,1.07E+10,2.18E+09,3.36E+09,8.43E+09,1.07E+10,8.43E+09,3.83E+09,1.30E+10,1.36E+10,1.30E+10,-4.16E+11,3.83E+09,6451.57,6773.08,1.44E-12
0.03375,3.05433,0.5,-0.0336216,0.00294151,0.0251753,-0.0224781,0.0587969,-0.0254196,0,-0.801144,-0.598472,0.112391,0.598472,-0.801144,0.125876,0,0,1,-0.801144,-0.598472,0.112391,0.598472,-0.801144,0.125876,0,0,1,0,0,-0.00735377,0,0,-0.0840539,-0.00735377,-0.0840539,0.0142383,-1.80114,0,0.0561954,0,-1.80114,0.0629382,0.0561954,0.0629382,0,-6.93E+11,0,8.65E+09,0,-6.93E+11,9.68E+09,8.65E+09,9.68E+09,-4.16E+11,3.63E+09,2.23E+09,9.08E+09,2.23E+09,4.14E+09,1.02E+10,9.08E+09,1.02E+10,3.83E+09,1.30E+10,1.36E+10,1.30E+10,-4.16E+11,3.83E+09,6451.57,6773.08,2.55E-12
0.03375,3.22886,0.5,-0.0336216,-0.00294151,0.0286961,-0.017765,0.0623177,-0.0148235,0,-0.801144,-0.598472,0.088825,0.598472,-0.801144,0.143481,0,0,1,-0.801144,-0.598472,0.088825,0.598472,-0.801144,0.143481,0,0,1,0,0,0.00735377,0,0,-0.0840539,0.00735377,-0.0840539,0.0142383,-1.80114,0,0.0444125,0,-1.80114,0.0717403,0.0444125,0.0717403,0,-6.93E+11,0,6.83E+09,0,-6.93E+11,1.10E+10,6.83E+09,1.10E+10,-4.16E+11,2.89E+09,2.01E+09,7.17E+09,2.01E+09,4.89E+09,1.16E+10,7.17E+09,1.16E+10,3.83E+09,1.30E+10,1.36E+10,1.30E+10,-4.16E+11,3.83E+09,6451.57,6773.08,2.36E-12
0.03375,3.40339,0.5,-0.0326,-0.00873514,0.031345,-0.0125121,0.063945,-0.00377694,0,-0.801144,-0.598472,0.0625604,0.598472,-0.801144,0.156725,0,0,1,-0.801144,-0.598472,0.0625604,0.598472,-0.801144,0.156725,0,0,1,0,0,0.0218379,0,0,-0.0815,0.0218379,-0.0815,0.0142383,-1.80114,0,0.0312802,0,-1.80114,0.0783625,0.0312802,0.0783625,0,-6.93E+11,0,4.81E+09,0,-6.93E+11,1.21E+10,4.81E+09,1.21E+10,-4.16E+11,2.26E+09,1.55E+09,5.05E+09,1.55E+09,5.52E+09,1.27E+10,5.05E+09,1.27E+10,3.83E+09,1.30E+10,1.36E+10,1.30E+10,-4.16E+11,3.83E+09,6451.57,6773.08,3.51E-12
0.03375,3.57792,0.5,-0.0305879,-0.0142634,0.0330415,-0.00687899,0.0636294,0.00738437,0,-0.801144,-0.598472,0.034395,0.598472,-0.801144,0.165208,0,0,1,-0.801144,-0.598472,0.034395,0.598472,-0.801144,0.165208,0,0,1,0,0,0.0356584,0,0,-0.0764697,0.0356584,-0.0764697,0.0142383,-1.80114,0,0.0171975,0,-1.80114,0.0826038,0.0171975,0.0826038,0,-6.93E+11,0,2.65E+09,0,-6.93E+11,1.27E+10,2.65E+09,1.27E+10,-4.16E+11,1.83E+09,8.96E+08,2.78E+09,8.96E+08,5.95E+09,1.33E+10,2.78E+09,1.33E+10,3.83E+09,1.30E+10,1.36E+10,1.30E+10,-4.16E+11,3.83E+09,6451.57,6773.08,2.77E-12
0.03375,3.75246,0.5,-0.0276464,-0.0193582,0.0337341,-0.00103689,0.0613804,0.0183213,0,-0.801144,-0.598472,0.00518444,0.598472,-0.801144,0.16867,0,0,1,-0.801144,-0.598472,0.00518444,0.598472,-0.801144,0.16867,0,0,1,0,0,0.0483955,0,0,-0.069116,0.0483955,-0.069116,0.0142383,-1.80114,0,0.00259222,0,-1.80114,0.0843352,0.00259222,0.0843352,0,-6.93E+11,0,3.99E+08,0,-6.93E+11,1.30E+10,3.99E+08,1.30E+10,-4.16E+11,1.65E+09,1.38E+08,4.19E+08,1.38E+08,6.13E+09,1.36E+10,4.19E+08,1.36E+10,3.83E+09,1.30E+10,1.36E+10,1.30E+10,-4.16E+11,3.83E+09,6451.57,6773.08,2.88E-12
0.03375,3.92699,0.5,-0.0238649,-0.0238649,0.0334016,0.00483673,0.0572665,0.0287016,0,-0.801144,-0.598472,-0.0241836,0.598472,-0.801144,0.167008,0,0,1,-0.801144,-0.598472,-0.0241836,0.598472,-0.801144,0.167008,0,0,1,0,0,0.0596621,0,0,-0.0596621,0.0596621,-0.0596621,0.0142383,-1.80114,0,-0.0120918,0,-1.80114,0.0835041,-0.0120918,0.0835041,0,-6.93E+11,0,-1.86E+09,0,-6.93E+11,1.28E+10,-1.86E+09,1.28E+10,-4.16E+11,1.74E+09,-6.37E+08,-1.95E+09,-6.37E+08,6.04E+09,1.35E+10,-1.95E+09,1.35E+10,3.83E+09,1.30E+10,1.36E+10,1.30E+10,-4.16E+11,3.83E+09,6451.57,6773.08,3.92E-12
0.03375,4.10152,0.5,-0.0193582,-0.0276464,0.0320543,0.0105634,0.0514125,0.0382098,0,-0.801144,-0.598472,-0.0528169,0.598472,-0.801144,0.160271,0,0,1,-0.801144,-0.598472,-0.0528169,0.598472,-0.801144,0.160271,0,0,1,0,0,0.069116,0,0,-0.0483955,0.069116,-0.0483955,0.0142383,-1.80114,0,-0.0264084,0,-1.80114,0.0801357,-0.0264084,0.0801357,0,-6.93E+11,0,-4.06E+09,0,-6.93E+11,1.23E+10,-4.06E+09,1.23E+10,-4.16E+11,2.08E+09,-1.33E+09,-4.27E+09,-1.33E+09,5.69E+09,1.29E+10,-4.27E+09,1.29E+10,3.83E+09,1.30E+10,1.36E+10,1.30E+10,-4.16E+11,3.83E+09,6451.57,6773.08,3.46E-12
0.03375,4.27606,0.5,-0.0142634,-0.0305879,0.029733,0.0159691,0.0439964,0.046557,0,-0.801144,-0.598472,-0.0798453,0.598472,-0.801144,0.148665,0,0,1,-0.801144,-0.598472,-0.0798453,0.598472,-0.801144,0.148665,0,0,1,0,0,0.0764697,0,0,-0.0356584,0.0764697,-0.0356584,0.0142383,-1.80114,0,-0.0399227,0,-1.80114,0.0743325,-0.0399227,0.0743325,0,-6.93E+11,0,-6.14E+09,0,-6.93E+11,1.14E+10,-6.14E+09,1.14E+10,-4.16E+11,2.65E+09,-1.87E+09,-6.45E+09,-1.87E+09,5.13E+09,1.20E+10,-6.45E+09,1.20E+10,3.83E+09,1.30E+10,1.36E+10,1.30E+10,-4.16E+11,3.83E+09,6451.57,6773.08,3.81E-12
0.03375,4.45059,0.5,-0.00873514,-0.0326,0.0265083,0.0208895,0.0352434,0.0534895,0,-0.801144,-0.598472,-0.104448,0.598472,-0.801144,0.132541,0,0,1,-0.801144,-0.598472,-0.104448,0.598472,-0.801144,0.132541,0,0,1,0,0,0.0815,0,0,-0.0218379,0.0815,-0.0218379,0.0142383,-1.80114,0,-0.0522238,0,-1.80114,0.0662707,-0.0522238,0.0662707,0,-6.93E+11,0,-8.03E+09,0,-6.93E+11,1.02E+10,-8.03E+09,1.02E+10,-4.16E+11,3.36E+09,-2.18E+09,-8.43E+09,-2.18E+09,4.41E+09,1.07E+10,-8.43E+09,1.07E+10,3.83E+09,1.30E+10,1.36E+10,1.30E+10,-4.16E+11,3.83E+09,6451.57,6773.08,3.28E-12
0.03375,4.62512,0.5,-0.00294151,-0.0336216,0.0224781,0.0251753,0.0254196,0.0587969,0,-0.801144,-0.598472,-0.125876,0.598472,-0.801144,0.112391,0,0,1,-0.801144,-0.598472,-0.125876,0.598472,-0.801144,0.112391,0,0,1,0,0,0.0840539,0,0,-0.00735377,0.0840539,-0.00735377,0.0142383,-1.80114,0,-0.0629382,0,-1.80114,0.0561954,-0.0629382,0.0561954,0,-6.93E+11,0,-9.68E+09,0,-6.93E+11,8.65E+09,-9.68E+09,8.65E+09,-4.16E+11,4.14E+09,-2.23E+09,-1.02E+10,-2.23E+09,3.63E+09,9.08E+09,-1.02E+10,9.08E+09,3.83E+09,1.30E+10,1.36E+10,1.30E+10,-4.16E+11,3.83E+09,6451.57,6773.08,1.99E-12
0.03375,4.79966,0.5,0.00294151,-0.0336216,0.017765,0.0286961,0.0148235,0.0623177,0,-0.801144,-0.598472,-0.143481,0.598472,-0.801144,0.088825,0,0,1,-0.801144,-0.598472,-0.143481,0.598472,-0.801144,0.088825,0,0,1,0,0,0.0840539,0,0,0.00735377,0.0840539,0.00735377,0.0142383,-1.80114,0,-0.0717403,0,-1.80114,0.0444125,-0.0717403,0.0444125,0,-6.93E+11,0,-1.10E+10,0,-6.93E+11,6.83E+09,-1.10E+10,6.83E+09,-4.16E+11,4.89E+09,-2.01E+09,-1.16E+10,-2.01E+09,2.89E+09,7.17E+09,-1.16E+10,7.17E+09,3.83E+09,1.30E+10,1.36E+10,1.30E+10,-4.16E+11,3.83E+09,6451.57,6773.08,1.36E-12
0.03375,4.97419,0.5,0.00873514,-0.0326,0.0125121,0.031345,0.00377694,0.063945,0,-0.801144,-0.598472,-0.156725,0.598472,-0.801144,0.0625604,0,0,1,-0.801144,-0.598472,-0.156725,0.598472,-0.801144,0.0625604,0,0,1,0,0,0.0815,0,0,0.0218379,0.0815,0.0218379,0.0142383,-1.80114,0,-0.0783625,0,-1.80114,0.0312802,-0.0783625,0.0312802,0,-6.93E+11,0,-1.21E+10,0,-6.93E+11,4.81E+09,-1.21E+10,4.81E+09,-4.16E+11,5.52E+09,-1.55E+09,-1.27E+10,-1.55E+09,2.26E+09,5.05E+09,-1.27E+10,5.05E+09,3.83E+09,1.30E+10,1.36E+10,1.30E+10,-4.16E+11,3.83E+09,6451.57,6773.08,3.14E-12
0.03375,5.14872,0.5,0.0142634,-0.0305879,0.00687899,0.0330415,-0.00738437,0.0636294,0,-0.801144,-0.598472,-0.165208,0.598472,-0.801144,0.034395,0,0,1,-0.801144,-0.598472,-0.165208,0.598472,-0.801144,0.034395,0,0,1,0,0,0.0764697,0,0,0.0356584,0.0764697,0.0356584,0.0142383,-1.80114,0,-0.0826038,0,-1.80114,0.0171975,-0.0826038,0.0171975,0,-6.93E+11,0,-1.27E+10,0,-6.93E+11,2.65E+09,-1.27E+10,2.65E+09,-4.16E+11,5.95E+09,-8.96E+08,-1.33E+10,-8.96E+08,1.83E+09,2.78E+09,-1.33E+10,2.78E+09,3.83E+09,1.30E+10,1.36E+10,1.30E+10,-4.16E+11,3.83E+09,6451.57,6773.08,5.47E-12
0.03375,5.32325,0.5,0.0193582,-0.0276464,0.00103689,0.0337341,-0.0183213,0.0613804,0,-0.801144,-0.598472,-0.16867,0.598472,-0.801144,0.00518444,0,0,1,-0.801144,-0.598472,-0.16867,0.598472,-0.801144,0.00518444,0,0,1,0,0,0.069116,0,0,0.0483955,0.069116,0.0483955,0.0142383,-1.80114,0,-0.0843352,0,-1.80114,0.00259222,-0.0843352,0.00259222,0,-6.93E+11,0,-1.30E+10,0,-6.93E+11,3.99E+08,-1.30E+10,3.99E+08,-4.16E+11,6.13E+09,-1.38E+08,-1.36E+10,-1.38E+08,1.65E+09,4.19E+08,-1.36E+10,4.19E+08,3.83E+09,1.30E+10,1.36E+10,1.30E+10,-4.16E+11,3.83E+09,6451.57,6773.08,3.25E-12
0.03375,5.49779,0.5,0.0238649,-0.0238649,-0.00483673,0.0334016,-0.0287016,0.0572665,0,-0.801144,-0.598472,-0.167008,0.598472,-0.801144,-0.0241836,0,0,1,-0.801144,-0.598472,-0.167008,0.598472,-0.801144,-0.0241836,0,0,1,0,0,0.0596621,0,0,0.0596621,0.0596621,0.0596621,0.0142383,-1.80114,0,-0.0835041,0,-1.80114,-0.0120918,-0.0835041,-0.0120918,0,-6.93E+11,0,-1.28E+10,0,-6.93E+11,-1.86E+09,-1.28E+10,-1.86E+09,-4.16E+11,6.04E+09,6.37E+08,-1.35E+10,6.37E+08,1.74E+09,-1.95E+09,-1.35E+10,-1.95E+09,3.83E+09,1.30E+10,1.36E+10,1.30E+10,-4.16E+11,3.83E+09,6451.57,6773.08,3.27E-12
0.03375,5.67232,0.5,0.0276464,-0.0193582,-0.0105634,0.0320543,-0.0382098,0.0514125,0,-0.801144,-0.598472,-0.160271,0.598472,-0.801144,-0.0528169,0,0,1,-0.801144,-0.598472,-0.160271,0.598472,-0.801144,-0.0528169,0,0,1,0,0,0.0483955,0,0,0.069116,0.0483955,0.069116,0.0142383,-1.80114,0,-0.0801357,0,-1.80114,-0.0264084,-0.0801357,-0.0264084,0,-6.93E+11,0,-1.23E+10,0,-6.93E+11,-4.06E+09,-1.23E+10,-4.06E+09,-4.16E+11,5.69E+09,1.33E+09,-1.29E+10,1.33E+09,2.08E+09,-4.27E+09,-1.29E+10,-4.27E+09,3.83E+09,1.30E+10,1.36E+10,1.30E+10,-4.16E+11,3.83E+09,6451.57,6773.08,5.84E-12
0.03375,5.84685,0.5,0.0305879,-0.0142634,-0.0159691,0.029733,-0.046557,0.0439964,0,-0.801144,-0.598472,-0.148665,0.598472,-0.801144,-0.0798453,0,0,1,-0.801144,-0.598472,-0.148665,0.598472,-0.801144,-0.0798453,0,0,1,0,0,0.0356584,0,0,0.0764697,0.0356584,0.0764697,0.0142383,-1.80114,0,-0.0743325,0,-1.80114,-0.0399227,-0.0743325,-0.0399227,0,-6.93E+11,0,-1.14E+10,0,-6.93E+11,-6.14E+09,-1.14E+10,-6.14E+09,-4.16E+11,5.13E+09,1.87E+09,-1.20E+10,1.87E+09,2.65E+09,-6.45E+09,-1.20E+10,-6.45E+09,3.83E+09,1.30E+10,1.36E+10,1.30E+10,-4.16E+11,3.83E+09,6451.57,6773.08,3.15E-12
0.03375,6.02139,0.5,0.0326,-0.00873514,-0.0208895,0.0265083,-0.0534895,0.0352434,0,-0.801144,-0.598472,-0.132541,0.598472,-0.801144,-0.104448,0,0,1,-0.801144,-0.598472,-0.132541,0.598472,-0.801144,-0.104448,0,0,1,0,0,0.0218379,0,0,0.0815,0.0218379,0.0815,0.0142383,-1.80114,0,-0.0662707,0,-1.80114,-0.0522238,-0.0662707,-0.0522238,0,-6.93E+11,0,-1.02E+10,0,-6.93E+11,-8.03E+09,-1.02E+10,-8.03E+09,-4.16E+11,4.41E+09,2.18E+09,-1.07E+10,2.18E+09,3.36E+09,-8.43E+09,-1.07E+10,-8.43E+09,3.83E+09,1.30E+10,1.36E+10,1.30E+10,-4.16E+11,3.83E+09,6451.57,6773.08,2.06E-12
0.03375,6.19592,0.5,0.0336216,-0.00294151,-0.0251753,0.0224781,-0.0587969,0.0254196,0,-0.801144,-0.598472,-0.112391,0.598472,-0.801144,-0.125876,0,0,1,-0.801144,-0.598472,-0.112391,0.598472,-0.801144,-0.125876,0,0,1,0,0,0.00735377,0,0,0.0840539,0.00735377,0.0840539,0.0142383,-1.80114,0,-0.0561954,0,-1.80114,-0.0629382,-0.0561954,-0.0629382,0,-6.93E+11,0,-8.65E+09,0,-6.93E+11,-9.68E+09,-8.65E+09,-9.68E+09,-4.16E+11,3.63E+09,2.23E+09,-9.08E+09,2.23E+09,4.14E+09,-1.02E+10,-9.08E+09,-1.02E+10,3.83E+09,1.30E+10,1.36E+10,1.30E+10,-4.16E+11,3.83E+09,6451.57,6773.08,2.10E-12
0.03625,0.0872665,0.5,0.0361121,0.0031594,-0.0308218,0.0190809,-0.0669338,0.0159215,0,-0.801144,-0.598472,-0.0954047,0.598472,-0.801144,-0.154109,0,0,1,-0.801144,-0.598472,-0.0954047,0.598472,-0.801144,-0.154109,0,0,1,0,0,-0.00789849,0,0,0.0902801,-0.00789849,0.0902801,0.0164258,-1.80114,0,-0.0477023,0,-1.80114,-0.0770544,-0.0477023,-0.0770544,0,-6.93E+11,0,-7.34E+09,0,-6.93E+11,-1.19E+10,-7.34E+09,-1.19E+10,-4.16E+11,3.34E+09,2.33E+09,-7.76E+09,2.33E+09,5.65E+09,-1.25E+10,-7.76E+09,-1.25E+10,4.42E+09,1.39E+10,1.47E+10,1.39E+10,-4.16E+11,4.42E+09,7994.07,8453.65,3.95E-12
0.03625,0.261799,0.5,0.0350148,0.00938219,-0.0336669,0.0134389,-0.0686817,0.00405672,0,-0.801144,-0.598472,-0.0671945,0.598472,-0.801144,-0.168334,0,0,1,-0.801144,-0.598472,-0.0671945,0.598472,-0.801144,-0.168334,0,0,1,0,0,-0.0234555,0,0,0.087537,-0.0234555,0.087537,0.0164258,-1.80114,0,-0.0335973,0,-1.80114,-0.0841672,-0.0335973,-0.0841672,0,-6.93E+11,0,-5.17E+09,0,-6.93E+11,-1.29E+10,-5.17E+09,-1.29E+10,-4.16E+11,2.61E+09,1.79E+09,-5.47E+09,1.79E+09,6.38E+09,-1.37E+10,-5.47E+09,-1.37E+10,4.42E+09,1.39E+10,1.47E+10,1.39E+10,-4.16E+11,4.42E+09,7994.07,8453.65,3.18E-12
0.03625,0.436332,0.5,0.0328537,0.0153199,-0.035489,0.00738855,-0.0683427,-0.00793136,0,-0.801144,-0.598472,-0.0369427,0.598472,-0.801144,-0.177445,0,0,1,-0.801144,-0.598472,-0.0369427,0.598472,-0.801144,-0.177445,0,0,1,0,0,-0.0382998,0,0,0.0821341,-0.0382998,0.0821341,0.0164258,-1.80114,0,-0.0184714,0,-1.80114,-0.0887226,-0.0184714,-0.0887226,0,-6.93E+11,0,-2.84E+09,0,-6.93E+11,-1.36E+10,-2.84E+09,-1.36E+10,-4.16E+11,2.11E+09,1.04E+09,-3.01E+09,1.04E+09,6.88E+09,-1.44E+10,-3.01E+09,-1.44E+10,4.42E+09,1.39E+10,1.47E+10,1.39E+10,-4.16E+11,4.42E+09,7994.07,8453.65,3.28E-12
0.03625,0.610865,0.5,0.0296943,0.0207921,-0.0362329,0.00111369,-0.0659271,-0.0196785,0,-0.801144,-0.598472,-0.00556847,0.598472,-0.801144,-0.181164,0,0,1,-0.801144,-0.598472,-0.00556847,0.598472,-0.801144,-0.181164,0,0,1,0,0,-0.0519804,0,0,0.0742357,-0.0519804,0.0742357,0.0164258,-1.80114,0,-0.00278423,0,-1.80114,-0.0905822,-0.00278423,-0.0905822,0,-6.93E+11,0,-4.28E+08,0,-6.93E+11,-1.39E+10,-4.28E+08,-1.39E+10,-4.16E+11,1.90E+09,1.60E+08,-4.53E+08,1.60E+08,7.09E+09,-1.47E+10,-4.53E+08,-1.47E+10,4.42E+09,1.39E+10,1.47E+10,1.39E+10,-4.16E+11,4.42E+09,7994.07,8453.65,4.53E-12
0.03625,0.785398,0.5,0.0256326,0.0256326,-0.0358758,-0.005195,-0.0615084,-0.0308276,0,-0.801144,-0.598472,0.025975,0.598472,-0.801144,-0.179379,0,0,1,-0.801144,-0.598472,0.025975,0.598472,-0.801144,-0.179379,0,0,1,0,0,-0.0640816,0,0,0.0640816,-0.0640816,0.0640816,0.0164258,-1.80114,0,0.0129875,0,-1.80114,-0.0896896,0.0129875,-0.0896896,0,-6.93E+11,0,2.00E+09,0,-6.93E+11,-1.38E+10,2.00E+09,-1.38E+10,-4.16E+11,2.00E+09,-7.37E+08,2.11E+09,-7.37E+08,6.99E+09,-1.46E+10,2.11E+09,-1.46E+10,4.42E+09,1.39E+10,1.47E+10,1.39E+10,-4.16E+11,4.42E+09,7994.07,8453.65,3.97E-12
0.03625,0.959931,0.5,0.0207921,0.0296943,-0.0344287,-0.0113458,-0.0552208,-0.0410401,0,-0.801144,-0.598472,0.0567292,0.598472,-0.801144,-0.172143,0,0,1,-0.801144,-0.598472,0.0567292,0.598472,-0.801144,-0.172143,0,0,1,0,0,-0.0742357,0,0,0.0519804,-0.0742357,0.0519804,0.0164258,-1.80114,0,0.0283646,0,-1.80114,-0.0860717,0.0283646,-0.0860717,0,-6.93E+11,0,4.36E+09,0,-6.93E+11,-1.32E+10,4.36E+09,-1.32E+10,-4.16E+11,2.40E+09,-1.55E+09,4.61E+09,-1.55E+09,6.59E+09,-1.40E+10,4.61E+09,-1.40E+10,4.42E+09,1.39E+10,1.47E+10,1.39E+10,-4.16E+11,4.42E+09,7994.07,8453.65,5.59E-12
0.03625,1.13446,0.5,0.0153199,0.0328537,-0.0319354,-0.017152,-0.0472554,-0.0500056,0,-0.801144,-0.598472,0.0857598,0.598472,-0.801144,-0.159677,0,0,1,-0.801144,-0.598472,0.0857598,0.598472,-0.801144,-0.159677,0,0,1,0,0,-0.0821341,0,0,0.0382998,-0.0821341,0.0382998,0.0164258,-1.80114,0,0.0428799,0,-1.80114,-0.0798386,0.0428799,-0.0798386,0,-6.93E+11,0,6.60E+09,0,-6.93E+11,-1.23E+10,6.60E+09,-1.23E+10,-4.16E+11,3.06E+09,-2.17E+09,6.98E+09,-2.17E+09,5.93E+09,-1.30E+10,6.98E+09,-1.30E+10,4.42E+09,1.39E+10,1.47E+10,1.39E+10,-4.16E+11,4.42E+09,7994.07,8453.65,3.53E-12
0.03625,1.309,0.5,0.00938219,0.0350148,-0.0284719,-0.0224369,-0.0378541,-0.0574517,0,-0.801144,-0.598472,0.112185,0.598472,-0.801144,-0.142359,0,0,1,-0.801144,-0.598472,0.112185,0.598472,-0.801144,-0.142359,0,0,1,0,0,-0.087537,0,0,0.0234555,-0.087537,0.0234555,0.0164258,-1.80114,0,0.0560923,0,-1.80114,-0.0711797,0.0560923,-0.0711797,0,-6.93E+11,0,8.63E+09,0,-6.93E+11,-1.10E+10,8.63E+09,-1.10E+10,-4.16E+11,3.89E+09,-2.53E+09,9.13E+09,-2.53E+09,5.10E+09,-1.16E+10,9.13E+09,-1.16E+10,4.42E+09,1.39E+10,1.47E+10,1.39E+10,-4.16E+11,4.42E+09,7994.07,8453.65,3.29E-12
0.03625,1.48353,0.5,0.0031594,0.0361121,-0.0241432,-0.0270401,-0.0273026,-0.0631522,0,-0.801144,-0.598472,0.135201,0.598472,-0.801144,-0.120716,0,0,1,-0.801144,-0.598472,0.135201,0.598472,-0.801144,-0.120716,0,0,1,0,0,-0.0902801,0,0,0.00789849,-0.0902801,0.00789849,0.0164258,-1.80114,0,0.0676003,0,-1.80114,-0.060358,0.0676003,-0.060358,0,-6.93E+11,0,1.04E+10,0,-6.93E+11,-9.29E+09,1.04E+10,-9.29E+09,-4.16E+11,4.79E+09,-2.58E+09,1.10E+10,-2.58E+09,4.20E+09,-9.82E+09,1.10E+10,-9.82E+09,4.42E+09,1.39E+10,1.47E+10,1.39E+10,-4.16E+11,4.42E+09,7994.07,8453.65,3.81E-12
0.03625,1.65806,0.5,-0.0031594,0.0361121,-0.0190809,-0.0308218,-0.0159215,-0.0669338,0,-0.801144,-0.598472,0.154109,0.598472,-0.801144,-0.0954047,0,0,1,-0.801144,-0.598472,0.154109,0.598472,-0.801144,-0.0954047,0,0,1,0,0,-0.0902801,0,0,-0.00789849,-0.0902801,-0.00789849,0.0164258,-1.80114,0,0.0770544,0,-1.80114,-0.0477023,0.0770544,-0.0477023,0,-6.93E+11,0,1.19E+10,0,-6.93E+11,-7.34E+09,1.19E+10,-7.34E+09,-4.16E+11,5.65E+09,-2.33E+09,1.25E+10,-2.33E+09,3.34E+09,-7.76E+09,1.25E+10,-7.76E+09,4.42E+09,1.39E+10,1.47E+10,1.39E+10,-4.16E+11,4.42E+09,7994.07,8453.65,3.95E-12
0.03625,1.8326,0.5,-0.00938219,0.0350148,-0.0134389,-0.0336669,-0.00405672,-0.0686817,0,-0.801144,-0.598472,0.168334,0.598472,-0.801144,-0.0671945,0,0,1,-0.801144,-0.598472,0.168334,0.598472,-0.801144,-0.0671945,0,0,1,0,0,-0.087537,0,0,-0.0234555,-0.087537,-0.0234555,0.0164258,-1.80114,0,0.0841672,0,-1.80114,-0.0335973,0.0841672,-0.0335973,0,-6.93E+11,0,1.29E+10,0,-6.93E+11,-5.17E+09,1.29E+10,-5.17E+09,-4.16E+11,6.38E+09,-1.79E+09,1.37E+10,-1.79E+09,2.61E+09,-5.47E+09,1.37E+10,-5.47E+09,4.42E+09,1.39E+10,1.47E+10,1.39E+10,-4.16E+11,4.42E+09,7994.07,8453.65,4.95E-12
0.03625,2.00713,0.5,-0.0153199,0.0328537,-0.00738855,-0.035489,0.00793136,-0.0683427,0,-0.801144,-0.598472,0.177445,0.598472,-0.801144,-0.0369427,0,0,1,-0.801144,-0.598472,0.177445,0.598472,-0.801144,-0.0369427,0,0,1,0,0,-0.0821341,0,0,-0.0382998,-0.0821341,-0.0382998,0.0164258,-1.80114,0,0.0887226,0,-1.80114,-0.0184714,0.0887226,-0.0184714,0,-6.93E+11,0,1.36E+10,0,-6.93E+11,-2.84E+09,1.36E+10,-2.84E+09,-4.16E+11,6.88E+09,-1.04E+09,1.44E+10,-1.04E+09,2.11E+09,-3.01E+09,1.44E+10,-3.01E+09,4.42E+09,1.39E+10,1.47E+10,1.39E+10,-4.16E+11,4.42E+09,7994.07,8453.65,3.30E-12
0.03625,2.18166,0.5,-0.0207921,0.0296943,-0.00111369,-0.0362329,0.0196785,-0.0659271,0,-0.801144,-0.598472,0.181164,0.598472,-0.801144,-0.00556847,0,0,1,-0.801144,-0.598472,0.181164,0.598472,-0.801144,-0.00556847,0,0,1,0,0,-0.0742357,0,0,-0.0519804,-0.0742357,-0.0519804,0.0164258,-1.80114,0,0.0905822,0,-1.80114,-0.00278423,0.0905822,-0.00278423,0,-6.93E+11,0,1.39E+10,0,-6.93E+11,-4.28E+08,1.39E+10,-4.28E+08,-4.16E+11,7.09E+09,-1.60E+08,1.47E+10,-1.60E+08,1.90E+09,-4.53E+08,1.47E+10,-4.53E+08,4.42E+09,1.39E+10,1.47E+10,1.39E+10,-4.16E+11,4.42E+09,7994.07,8453.65,4.43E-12
0.03625,2.35619,0.5,-0.0256326,0.0256326,0.005195,-0.0358758,0.0308276,-0.0615084,0,-0.801144,-0.598472,0.179379,0.598472,-0.801144,0.025975,0,0,1,-0.801144,-0.598472,0.179379,0.598472,-0.801144,0.025975,0,0,1,0,0,-0.0640816,0,0,-0.0640816,-0.0640816,-0.0640816,0.0164258,-1.80114,0,0.0896896,0,-1.80114,0.0129875,0.0896896,0.0129875,0,-6.93E+11,0,1.38E+10,0,-6.93E+11,2.00E+09,1.38E+10,2.00E+09,-4.16E+11,6.99E+09,7.37E+08,1.46E+10,7.37E+08,2.00E+09,2.11E+09,1.46E+10,2.11E+09,4.42E+09,1.39E+10,1.47E+10,1.39E+10,-4.16E+11,4.42E+09,7994.07,8453.65,3.97E-12
0.03625,2.53073,0.5,-0.0296943,0.0207921,0.0113458,-0.0344287,0.0410401,-0.0552208,0,-0.801144,-0.598472,0.172143,0.598472,-0.801144,0.0567292,0,0,1,-0.801144,-0.598472,0.172143,0.598472,-0.801144,0.0567292,0,0,1,0,0,-0.0519804,0,0,-0.0742357,-0.0519804,-0.0742357,0.0164258,-1.80114,0,0.0860717,0,-1.80114,0.0283646,0.0860717,0.0283646,0,-6.93E+11,0,1.32E+10,0,-6.93E+11,4.36E+09,1.32E+10,4.36E+09,-4.16E+11,6.59E+09,1.55E+09,1.40E+10,1.55E+09,2.40E+09,4.61E+09,1.40E+10,4.61E+09,4.42E+09,1.39E+10,1.47E+10,1.39E+10,-4.16E+11,4.42E+09,7994.07,8453.65,5.43E-12
0.03625,2.70526,0.5,-0.0328537,0.0153199,0.017152,-0.0319354,0.0500056,-0.0472554,0,-0.801144,-0.598472,0.159677,0.598472,-0.801144,0.0857598,0,0,1,-0.801144,-0.598472,0.159677,0.598472,-0.801144,0.0857598,0,0,1,0,0,-0.0382998,0,0,-0.0821341,-0.0382998,-0.0821341,0.0164258,-1.80114,0,0.0798386,0,-1.80114,0.0428799,0.0798386,0.0428799,0,-6.93E+11,0,1.23E+10,0,-6.93E+11,6.60E+09,1.23E+10,6.60E+09,-4.16E+11,5.93E+09,2.17E+09,1.30E+10,2.17E+09,3.06E+09,6.98E+09,1.30E+10,6.98E+09,4.42E+09,1.39E+10,1.47E+10,1.39E+10,-4.16E+11,4.42E+09,7994.07,8453.65,3.46E-12
0.03625,2.87979,0.5,-0.0350148,0.00938219,0.0224369,-0.0284719,0.0574517,-0.0378541,0,-0.801144,-0.598472,0.142359,0.598472,-0.801144,0.112185,0,0,1,-0.801144,-0.598472,0.142359,0.598472,-0.801144,0.112185,0,0,1,0,0,-0.0234555,0,0,-0.087537,-0.0234555,-0.087537,0.0164258,-1.80114,0,0.0711797,0,-1.80114,0.0560923,0.0711797,0.0560923,0,-6.93E+11,0,1.10E+10,0,-6.93E+11,8.63E+09,1.10E+10,8.63E+09,-4.16E+11,5.10E+09,2.53E+09,1.16E+10,2.53E+09,3.89E+09,9.13E+09,1.16E+10,9.13E+09,4.42E+09,1.39E+10,1.47E+10,1.39E+10,-4.16E+11,4.42E+09,7994.07,8453.65,3.48E-12
0.03625,3.05433,0.5,-0.0361121,0.0031594,0.0270401,-0.0241432,0.0631522,-0.0273026,0,-0.801144,-0.598472,0.120716,0.598472,-0.801144,0.135201,0,0,1,-0.801144,-0.598472,0.120716,0.598472,-0.801144,0.135201,0,0,1,0,0,-0.00789849,0,0,-0.0902801,-0.00789849,-0.0902801,0.0164258,-1.80114,0,0.060358,0,-1.80114,0.0676003,0.060358,0.0676003,0,-6.93E+11,0,9.29E+09,0,-6.93E+11,1.04E+10,9.29E+09,1.04E+10,-4.16E+11,4.20E+09,2.58E+09,9.82E+09,2.58E+09,4.79E+09,1.10E+10,9.82E+09,1.10E+10,4.42E+09,1.39E+10,1.47E+10,1.39E+10,-4.16E+11,4.42E+09,7994.07,8453.65,3.74E-12
0.03625,3.22886,0.5,-0.0361121,-0.0031594,0.0308218,-0.0190809,0.0669338,-0.0159215,0,-0.801144,-0.598472,0.0954047,0.598472,-0.801144,0.154109,0,0,1,-0.801144,-0.598472,0.0954047,0.598472,-0.801144,0.154109,0,0,1,0,0,0.00789849,0,0,-0.0902801,0.00789849,-0.0902801,0.0164258,-1.80114,0,0.0477023,0,-1.80114,0.0770544,0.0477023,0.0770544,0,-6.93E+11,0,7.34E+09,0,-6.93E+11,1.19E+10,7.34E+09,1.19E+10,-4.16E+11,3.34E+09,2.33E+09,7.76E+09,2.33E+09,5.65E+09,1.25E+10,7.76E+09,1.25E+10,4.42E+09,1.39E+10,1.47E+10,1.39E+10,-4.16E+11,4.42E+09,7994.07,8453.65,2.69E-12
0.03625,3.40339,0.5,-0.0350148,-0.00938219,0.0336669,-0.0134389,0.0686817,-0.00405672,0,-0.801144,-0.598472,0.0671945,0.598472,-0.801144,0.168334,0,0,1,-0.801144,-0.598472,0.0671945,0.598472,-0.801144,0.168334,0,0,1,0,0,0.0234555,0,0,-0.087537,0.0234555,-0.087537,0.0164258,-1.80114,0,0.0335973,0,-1.80114,0.0841672,0.0335973,0.0841672,0,-6.93E+11,0,5.17E+09,0,-6.93E+11,1.29E+10,5.17E+09,1.29E+10,-4.16E+11,2.61E+09,1.79E+09,5.47E+09,1.79E+09,6.38E+09,1.37E+10,5.47E+09,1.37E+10,4.42E+09,1.39E+10,1.47E+10,1.39E+10,-4.16E+11,4.42E+09,7994.07,8453.65,4.58E-12
0.03625,3.57792,0.5,-0.0328537,-0.0153199,0.035489,-0.00738855,0.0683427,0.00793136,0,-0.801144,-0.598472,0.0369427,0.598472,-0.801144,0.177445,0,0,1,-0.801144,-0.598472,0.0369427,0.598472,-0.801144,0.177445,0,0,1,0,0,0.0382998,0,0,-0.0821341,0.0382998,-0.0821341,0.0164258,-1.80114,0,0.0184714,0,-1.80114,0.0887226,0.0184714,0.0887226,0,-6.93E+11,0,2.84E+09,0,-6.93E+11,1.36E+10,2.84E+09,1.36E+10,-4.16E+11,2.11E+09,1.04E+09,3.01E+09,1.04E+09,6.88E+09,1.44E+10,3.01E+09,1.44E+10,4.42E+09,1.39E+10,1.47E+10,1.39E+10,-4.16E+11,4.42E+09,7994.07,8453.65,3.76E-12
0.03625,3.75246,0.5,-0.0296943,-0.0207921,0.0362329,-0.00111369,0.0659271,0.0196785,0,-0.801144,-0.598472,0.00556847,0.598472,-0.801144,0.181164,0,0,1,-0.801144,-0.598472,0.00556847,0.598472,-0.801144,0.181164,0,0,1,0,0,0.0519804,0,0,-0.0742357,0.0519804,-0.0742357,0.0164258,-1.80114,0,0.00278423,0,-1.80114,0.0905822,0.00278423,0.0905822,0,-6.93E+11,0,4.28E+08,0,-6.93E+11,1.39E+10,4.28E+08,1.39E+10,-4.16E+11,1.90E+09,1.60E+08,4.53E+08,1.60E+08,7.09E+09,1.47E+10,4.53E+08,1.47E+10,4.42E+09,1.39E+10,1.47E+10,1.39E+10,-4.16E+11,4.42E+09,7994.07,8453.65,4.43E-12
0.03625,3.92699,0.5,-0.0256326,-0.0256326,0.0358758,0.005195,0.0615084,0.0308276,0,-0.801144,-0.598472,-0.025975,0.598472,-0.801144,0.179379,0,0,1,-0.801144,-0.598472,-0.025975,0.598472,-0.801144,0.179379,0,0,1,0,0,0.0640816,0,0,-0.0640816,0.0640816,-0.0640816,0.0164258,-1.80114,0,-0.0129875,0,-1.80114,0.0896896,-0.0129875,0.0896896,0,-6.93E+11,0,-2.00E+09,0,-6.93E+11,1.38E+10,-2.00E+09,1.38E+10,-4.16E+11,2.00E+09,-7.37E+08,-2.11E+09,-7.37E+08,6.99E+09,1.46E+10,-2.11E+09,1.46E+10,4.42E+09,1.39E+10,1.47E+10,1.39E+10,-4.16E+11,4.42E+09,7994.07,8453.65,6.75E-12
0.03625,4.10152,0.5,-0.0207921,-0.0296943,0.0344287,0.0113458,0.0552208,0.0410401,0,-0.801144,-0.598472,-0.0567292,0.598472,-0.801144,0.172143,0,0,1,-0.801144,-0.598472,-0.0567292,0.598472,-0.801144,0.172143,0,0,1,0,0,0.0742357,0,0,-0.0519804,0.0742357,-0.0519804,0.0164258,-1.80114,0,-0.0283646,0,-1.80114,0.0860717,-0.0283646,0.0860717,0,-6.93E+11,0,-4.36E+09,0,-6.93E+11,1.32E+10,-4.36E+09,1.32E+10,-4.16E+11,2.40E+09,-1.55E+09,-4.61E+09,-1.55E+09,6.59E+09,1.40E+10,-4.61E+09,1.40E+10,4.42E+09,1.39E+10,1.47E+10,1.39E+10,-4.16E+11,4.42E+09,7994.07,8453.65,5.43E-12
0.03625,4.27606,0.5,-0.0153199,-0.0328537,0.0319354,0.017152,0.0472554,0.0500056,0,-0.801144,-0.598472,-0.0857598,0.598472,-0.801144,0.159677,0,0,1,-0.801144,-0.598472,-0.0857598,0.598472,-0.801144,0.159677,0,0,1,0,0,0.0821341,0,0,-0.0382998,0.0821341,-0.0382998,0.0164258,-1.80114,0,-0.0428799,0,-1.80114,0.0798386,-0.0428799,0.0798386,0,-6.93E+11,0,-6.60E+09,0,-6.93E+11,1.23E+10,-6.60E+09,1.23E+10,-4.16E+11,3.06E+09,-2.17E+09,-6.98E+09,-2.17E+09,5.93E+09,1.30E+10,-6.98E+09,1.30E+10,4.42E+09,1.39E+10,1.47E+10,1.39E+10,-4.16E+11,4.42E+09,7994.07,8453.65,3.85E-12
0.03625,4.45059,0.5,-0.00938219,-0.0350148,0.0284719,0.0224369,0.0378541,0.0574517,0,-0.801144,-0.598472,-0.112185,0.598472,-0.801144,0.142359,0,0,1,-0.801144,-0.598472,-0.112185,0.598472,-0.801144,0.142359,0,0,1,0,0,0.087537,0,0,-0.0234555,0.087537,-0.0234555,0.0164258,-1.80114,0,-0.0560923,0,-1.80114,0.0711797,-0.0560923,0.0711797,0,-6.93E+11,0,-8.63E+09,0,-6.93E+11,1.10E+10,-8.63E+09,1.10E+10,-4.16E+11,3.89E+09,-2.53E+09,-9.13E+09,-2.53E+09,5.10E+09,1.16E+10,-9.13E+09,1.16E+10,4.42E+09,1.39E+10,1.47E+10,1.39E+10,-4.16E+11,4.42E+09,7994.07,8453.65,3.00E-12
0.03625,4.62512,0.5,-0.0031594,-0.0361121,0.0241432,0.0270401,0.0273026,0.0631522,0,-0.801144,-0.598472,-0.135201,0.598472,-0.801144,0.120716,0,0,1,-0.801144,-0.598472,-0.135201,0.598472,-0.801144,0.120716,0,0,1,0,0,0.0902801,0,0,-0.00789849,0.0902801,-0.00789849,0.0164258,-1.80114,0,-0.0676003,0,-1.80114,0.060358,-0.0676003,0.060358,0,-6.93E+11,0,-1.04E+10,0,-6.93E+11,9.29E+09,-1.04E+10,9.29E+09,-4.16E+11,4.79E+09,-2.58E+09,-1.10E+10,-2.58E+09,4.20E+09,9.82E+09,-1.10E+10,9.82E+09,4.42E+09,1.39E+10,1.47E+10,1.39E+10,-4.16E+11,4.42E+09,7994.07,8453.65,3.55E-12
0.03625,4.79966,0.5,0.0031594,-0.0361121,0.0190809,0.0308218,0.0159215,0.0669338,0,-0.801144,-0.598472,-0.154109,0.598472,-0.801144,0.0954047,0,0,1,-0.801144,-0.598472,-0.154109,0.598472,-0.801144,0.0954047,0,0,1,0,0,0.0902801,0,0,0.00789849,0.0902801,0.00789849,0.0164258,-1.80114,0,-0.0770544,0,-1.80114,0.0477023,-0.0770544,0.0477023,0,-6.93E+11,0,-1.19E+10,0,-6.93E+11,7.34E+09,-1.19E+10,7.34E+09,-4.16E+11,5.65E+09,-2.33E+09,-1.25E+10,-2.33E+09,3.34E+09,7.76E+09,-1.25E+10,7.76E+09,4.42E+09,1.39E+10,1.47E+10,1.39E+10,-4.16E+11,4.42E+09,7994.07,8453.65,3.02E-12
0.03625,4.97419,0.5,0.00938219,-0.0350148,0.0134389,0.0336669,0.00405672,0.0686817,0,-0.801144,-0.598472,-0.168334,0.598472,-0.801144,0.0671945,0,0,1,-0.801144,-0.598472,-0.168334,0.598472,-0.801144,0.0671945,0,0,1,0,0,0.087537,0,0,0.0234555,0.087537,0.0234555,0.0164258,-1.80114,0,-0.0841672,0,-1.80114,0.0335973,-0.0841672,0.0335973,0,-6.93E+11,0,-1.29E+10,0,-6.93E+11,5.17E+09,-1.29E+10,5.17E+09,-4.16E+11,6.38E+09,-1.79E+09,-1.37E+10,-1.79E+09,2.61E+09,5.47E+09,-1.37E+10,5.47E+09,4.42E+09,1.39E+10,1.47E+10,1.39E+10,-4.16E+11,4.42E+09,7994.07,8453.65,5.39E-12
0.03625,5.14872,0.5,0.0153199,-0.0328537,0.00738855,0.035489,-0.00793136,0.0683427,0,-0.801144,-0.598472,-0.177445,0.598472,-0.801144,0.0369427,0,0,1,-0.801144,-0.598472,-0.177445,0.598472,-0.801144,0.0369427,0,0,1,0,0,0.0821341,0,0,0.0382998,0.0821341,0.0382998,0.0164258,-1.80114,0,-0.0887226,0,-1.80114,0.0184714,-0.0887226,0.0184714,0,-6.93E+11,0,-1.36E+10,0,-6.93E+11,2.84E+09,-1.36E+10,2.84E+09,-4.16E+11,6.88E+09,-1.04E+09,-1.44E+10,-1.04E+09,2.11E+09,3.01E+09,-1.44E+10,3.01E+09,4.42E+09,1.39E+10,1.47E+10,1.39E+10,-4.16E+11,4.42E+09,7994.07,8453.65,2.83E-12
0.03625,5.32325,0.5,0.0207921,-0.0296943,0.00111369,0.0362329,-0.0196785,0.0659271,0,-0.801144,-0.598472,-0.181164,0.598472,-0.801144,0.00556847,0,0,1,-0.801144,-0.598472,-0.181164,0.598472,-0.801144,0.00556847,0,0,1,0,0,0.0742357,0,0,0.0519804,0.0742357,0.0519804,0.0164258,-1.80114,0,-0.0905822,0,-1.80114,0.00278423,-0.0905822,0.00278423,0,-6.93E+11,0,-1.39E+10,0,-6.93E+11,4.28E+08,-1.39E+10,4.28E+08,-4.16E+11,7.09E+09,-1.60E+08,-1.47E+10,-1.60E+08,1.90E+09,4.53E+08,-1.47E+10,4.53E+08,4.42E+09,1.39E+10,1.47E+10,1.39E+10,-4.16E+11,4.42E+09,7994.07,8453.65,4.53E-12
0.03625,5.49779,0.5,0.0256326,-0.0256326,-0.005195,0.0358758,-0.0308276,0.0615084,0,-0.801144,-0.598472,-0.179379,0.598472,-0.801144,-0.025975,0,0,1,-0.801144,-0.598472,-0.179379,0.598472,-0.801144,-0.025975,0,0,1,0,0,0.0640816,0,0,0.0640816,0.0640816,0.0640816,0.0164258,-1.80114,0,-0.0896896,0,-1.80114,-0.0129875,-0.0896896,-0.0129875,0,-6.93E+11,0,-1.38E+10,0,-6.93E+11,-2.00E+09,-1.38E+10,-2.00E+09,-4.16E+11,6.99E+09,7.37E+08,-1.46E+10,7.37E+08,2.00E+09,-2.11E+09,-1.46E+10,-2.11E+09,4.42E+09,1.39E+10,1.47E+10,1.39E+10,-4.16E+11,4.42E+09,7994.07,8453.65,4.15E-12
0.03625,5.67232,0.5,0.0296943,-0.0207921,-0.0113458,0.0344287,-0.0410401,0.0552208,0,-0.801144,-0.598472,-0.172143,0.598472,-0.801144,-0.0567292,0,0,1,-0.801144,-0.598472,-0.172143,0.598472,-0.801144,-0.0567292,0,0,1,0,0,0.0519804,0,0,0.0742357,0.0519804,0.0742357,0.0164258,-1.80114,0,-0.0860717,0,-1.80114,-0.0283646,-0.0860717,-0.0283646,0,-6.93E+11,0,-1.32E+10,0,-6.93E+11,-4.36E+09,-1.32E+10,-4.36E+09,-4.16E+11,6.59E+09,1.55E+09,-1.40E+10,1.55E+09,2.40E+09,-4.61E+09,-1.40E+10,-4.61E+09,4.42E+09,1.39E+10,1.47E+10,1.39E+10,-4.16E+11,4.42E+09,7994.07,8453.65,3.61E-12
0.03625,5.84685,0.5,0.0328537,-0.0153199,-0.017152,0.0319354,-0.0500056,0.0472554,0,-0.801144,-0.598472,-0.159677,0.598472,-0.801144,-0.0857598,0,0,1,-0.801144,-0.598472,-0.159677,0.598472,-0.801144,-0.0857598,0,0,1,0,0,0.0382998,0,0,0.0821341,0.0382998,0.0821341,0.0164258,-1.80114,0,-0.0798386,0,-1.80114,-0.0428799,-0.0798386,-0.0428799,0,-6.93E+11,0,-1.23E+10,0,-6.93E+11,-6.60E+09,-1.23E+10,-6.60E+09,-4.16E+11,5.93E+09,2.17E+09,-1.30E+10,2.17E+09,3.06E+09,-6.98E+09,-1.30E+10,-6.98E+09,4.42E+09,1.39E+10,1.47E+10,1.39E+10,-4.16E+11,4.42E+09,7994.07,8453.65,3.11E-12
0.03625,6.02139,0.5,0.0350148,-0.00938219,-0.0224369,0.0284719,-0.0574517,0.0378541,0,-0.801144,-0.598472,-0.142359,0.598472,-0.801144,-0.112185,0,0,1,-0.801144,-0.598472,-0.142359,0.598472,-0.801144,-0.112185,0,0,1,0,0,0.0234555,0,0,0.087537,0.0234555,0.087537,0.0164258,-1.80114,0,-0.0711797,0,-1.80114,-0.0560923,-0.0711797,-0.0560923,0,-6.93E+11,0,-1.10E+10,0,-6.93E+11,-8.63E+09,-1.10E+10,-8.63E+09,-4.16E+11,5.10E+09,2.53E+09,-1.16E+10,2.53E+09,3.89E+09,-9.13E+09,-1.16E+10,-9.13E+09,4.42E+09,1.39E+10,1.47E+10,1.39E+10,-4.16E+11,4.42E+09,7994.07,8453.65,3.51E-12
0.03625,6.19592,0.5,0.0361121,-0.0031594,-0.0270401,0.0241432,-0.0631522,0.0273026,0,-0.801144,-0.598472,-0.120716,0.598472,-0.801144,-0.135201,0,0,1,-0.801144,-0.598472,-0.120716,0.598472,-0.801144,-0.135201,0,0,1,0,0,0.00789849,0,0,0.0902801,0.00789849,0.0902801,0.0164258,-1.80114,0,-0.060358,0,-1.80114,-0.0676003,-0.060358,-0.0676003,0,-6.93E+11,0,-9.29E+09,0,-6.93E+11,-1.04E+10,-9.29E+09,-1.04E+10,-4.16E+11,4.20E+09,2.58E+09,-9.82E+09,2.58E+09,4.79E+09,-1.10E+10,-9.82E+09,-1.10E+10,4.42E+09,1.39E+10,1.47E+10,1.39E+10,-4.16E+11,4.42E+09,7994.07,8453.65,2.39E-12
0.03875,0.0872665,0.5,0.0386025,0.00337729,-0.0329474,0.0203969,-0.0715499,0.0170196,0,-0.801144,-0.598472,-0.101984,0.598472,-0.801144,-0.164737,0,0,1,-0.801144,-0.598472,-0.101984,0.598472,-0.801144,-0.164737,0,0,1,0,0,-0.00844321,0,0,0.0965064,-0.00844321,0.0965064,0.0187695,-1.80114,0,-0.0509921,0,-1.80114,-0.0823685,-0.0509921,-0.0823685,0,-6.93E+11,0,-7.84E+09,0,-6.93E+11,-1.27E+10,-7.84E+09,-1.27E+10,-4.16E+11,3.82E+09,2.67E+09,-8.36E+09,2.67E+09,6.48E+09,-1.35E+10,-8.36E+09,-1.35E+10,5.05E+09,1.49E+10,1.59E+10,1.49E+10,-4.16E+11,5.05E+09,9764.71,10406.2,3.14E-12
0.03875,0.261799,0.5,0.0374296,0.0100292,-0.0359887,0.0143657,-0.0734184,0.00433649,0,-0.801144,-0.598472,-0.0718286,0.598472,-0.801144,-0.179944,0,0,1,-0.801144,-0.598472,-0.0718286,0.598472,-0.801144,-0.179944,0,0,1,0,0,-0.0250731,0,0,0.0935741,-0.0250731,0.0935741,0.0187695,-1.80114,0,-0.0359143,0,-1.80114,-0.0899718,-0.0359143,-0.0899718,0,-6.93E+11,0,-5.53E+09,0,-6.93E+11,-1.38E+10,-5.53E+09,-1.38E+10,-4.16E+11,2.99E+09,2.05E+09,-5.89E+09,2.05E+09,7.31E+09,-1.48E+10,-5.89E+09,-1.48E+10,5.05E+09,1.49E+10,1.59E+10,1.49E+10,-4.16E+11,5.05E+09,9764.71,10406.2,3.06E-12
0.03875,0.436332,0.5,0.0351194,0.0163765,-0.0379366,0.0078981,-0.073056,-0.00847835,0,-0.801144,-0.598472,-0.0394905,0.598472,-0.801144,-0.189683,0,0,1,-0.801144,-0.598472,-0.0394905,0.598472,-0.801144,-0.189683,0,0,1,0,0,-0.0409411,0,0,0.0877986,-0.0409411,0.0877986,0.0187695,-1.80114,0,-0.0197453,0,-1.80114,-0.0948414,-0.0197453,-0.0948414,0,-6.93E+11,0,-3.04E+09,0,-6.93E+11,-1.46E+10,-3.04E+09,-1.46E+10,-4.16E+11,2.41E+09,1.19E+09,-3.24E+09,1.19E+09,7.88E+09,-1.55E+10,-3.24E+09,-1.55E+10,5.05E+09,1.49E+10,1.59E+10,1.49E+10,-4.16E+11,5.05E+09,9764.71,10406.2,3.35E-12
0.03875,0.610865,0.5,0.0317421,0.0222261,-0.0387317,0.0011905,-0.0704738,-0.0210356,0,-0.801144,-0.598472,-0.0059525,0.598472,-0.801144,-0.193659,0,0,1,-0.801144,-0.598472,-0.0059525,0.598472,-0.801144,-0.193659,0,0,1,0,0,-0.0555652,0,0,0.0793554,-0.0555652,0.0793554,0.0187695,-1.80114,0,-0.00297625,0,-1.80114,-0.0968293,-0.00297625,-0.0968293,0,-6.93E+11,0,-4.58E+08,0,-6.93E+11,-1.49E+10,-4.58E+08,-1.49E+10,-4.16E+11,2.17E+09,1.83E+08,-4.88E+08,1.83E+08,8.13E+09,-1.59E+10,-4.88E+08,-1.59E+10,5.05E+09,1.49E+10,1.59E+10,1.49E+10,-4.16E+11,5.05E+09,9764.71,10406.2,3.99E-12
0.03875,0.785398,0.5,0.0274004,0.0274004,-0.03835,-0.00555328,-0.0657504,-0.0329537,0,-0.801144,-0.598472,0.0277664,0.598472,-0.801144,-0.19175,0,0,1,-0.801144,-0.598472,0.0277664,0.598472,-0.801144,-0.19175,0,0,1,0,0,-0.068501,0,0,0.068501,-0.068501,0.068501,0.0187695,-1.80114,0,0.0138832,0,-1.80114,-0.095875,0.0138832,-0.095875,0,-6.93E+11,0,2.14E+09,0,-6.93E+11,-1.48E+10,2.14E+09,-1.48E+10,-4.16E+11,2.29E+09,-8.46E+08,2.28E+09,-8.46E+08,8.01E+09,-1.57E+10,2.28E+09,-1.57E+10,5.05E+09,1.49E+10,1.59E+10,1.49E+10,-4.16E+11,5.05E+09,9764.71,10406.2,3.52E-12
0.03875,0.959931,0.5,0.0222261,0.0317421,-0.0368031,-0.0121283,-0.0590292,-0.0438705,0,-0.801144,-0.598472,0.0606416,0.598472,-0.801144,-0.184015,0,0,1,-0.801144,-0.598472,0.0606416,0.598472,-0.801144,-0.184015,0,0,1,0,0,-0.0793554,0,0,0.0555652,-0.0793554,0.0555652,0.0187695,-1.80114,0,0.0303208,0,-1.80114,-0.0920077,0.0303208,-0.0920077,0,-6.93E+11,0,4.66E+09,0,-6.93E+11,-1.42E+10,4.66E+09,-1.42E+10,-4.16E+11,2.75E+09,-1.77E+09,4.97E+09,-1.77E+09,7.55E+09,-1.51E+10,4.97E+09,-1.51E+10,5.05E+09,1.49E+10,1.59E+10,1.49E+10,-4.16E+11,5.05E+09,9764.71,10406.2,3.90E-12
0.03875,1.13446,0.5,0.0163765,0.0351194,-0.0341379,-0.0183349,-0.0505144,-0.0534543,0,-0.801144,-0.598472,0.0916743,0.598472,-0.801144,-0.170689,0,0,1,-0.801144,-0.598472,0.0916743,0.598472,-0.801144,-0.170689,0,0,1,0,0,-0.0877986,0,0,0.0409411,-0.0877986,0.0409411,0.0187695,-1.80114,0,0.0458371,0,-1.80114,-0.0853447,0.0458371,-0.0853447,0,-6.93E+11,0,7.05E+09,0,-6.93E+11,-1.31E+10,7.05E+09,-1.31E+10,-4.16E+11,3.50E+09,-2.49E+09,7.52E+09,-2.49E+09,6.80E+09,-1.40E+10,7.52E+09,-1.40E+10,5.05E+09,1.49E+10,1.59E+10,1.49E+10,-4.16E+11,5.05E+09,9764.71,10406.2,3.89E-12
0.03875,1.309,0.5,0.0100292,0.0374296,-0.0304354,-0.0239843,-0.0404647,-0.0614139,0,-0.801144,-0.598472,0.119921,0.598472,-0.801144,-0.152177,0,0,1,-0.801144,-0.598472,0.119921,0.598472,-0.801144,-0.152177,0,0,1,0,0,-0.0935741,0,0,0.0250731,-0.0935741,0.0250731,0.0187695,-1.80114,0,0.0599607,0,-1.80114,-0.0760886,0.0599607,-0.0760886,0,-6.93E+11,0,9.22E+09,0,-6.93E+11,-1.17E+10,9.22E+09,-1.17E+10,-4.16E+11,4.45E+09,-2.90E+09,9.83E+09,-2.90E+09,5.85E+09,-1.25E+10,9.83E+09,-1.25E+10,5.05E+09,1.49E+10,1.59E+10,1.49E+10,-4.16E+11,5.05E+09,9764.71,10406.2,3.00E-12
0.03875,1.48353,0.5,0.00337729,0.0386025,-0.0258082,-0.028905,-0.0291855,-0.0675075,0,-0.801144,-0.598472,0.144525,0.598472,-0.801144,-0.129041,0,0,1,-0.801144,-0.598472,0.144525,0.598472,-0.801144,-0.129041,0,0,1,0,0,-0.0965064,0,0,0.00844321,-0.0965064,0.00844321,0.0187695,-1.80114,0,0.0722624,0,-1.80114,-0.0645206,0.0722624,-0.0645206,0,-6.93E+11,0,1.11E+10,0,-6.93E+11,-9.93E+09,1.11E+10,-9.93E+09,-4.16E+11,5.48E+09,-2.96E+09,1.18E+10,-2.96E+09,4.81E+09,-1.06E+10,1.18E+10,-1.06E+10,5.05E+09,1.49E+10,1.59E+10,1.49E+10,-4.16E+11,5.05E+09,9764.71,10406.2,1.91E-12
0.03875,1.65806,0.5,-0.00337729,0.0386025,-0.0203969,-0.0329474,-0.0170196,-0.0715499,0,-0.801144,-0.598472,0.164737,0.598472,-0.801144,-0.101984,0,0,1,-0.801144,-0.598472,0.164737,0.598472,-0.801144,-0.101984,0,0,1,0,0,-0.0965064,0,0,-0.00844321,-0.0965064,-0.00844321,0.0187695,-1.80114,0,0.0823685,0,-1.80114,-0.0509921,0.0823685,-0.0509921,0,-6.93E+11,0,1.27E+10,0,-6.93E+11,-7.84E+09,1.27E+10,-7.84E+09,-4.16E+11,6.48E+09,-2.67E+09,1.35E+10,-2.67E+09,3.82E+09,-8.36E+09,1.35E+10,-8.36E+09,5.05E+09,1.49E+10,1.59E+10,1.49E+10,-4.16E+11,5.05E+09,9764.71,10406.2,2.71E-12
0.03875,1.8326,0.5,-0.0100292,0.0374296,-0.0143657,-0.0359887,-0.00433649,-0.0734184,0,-0.801144,-0.598472,0.179944,0.598472,-0.801144,-0.0718286,0,0,1,-0.801144,-0.598472,0.179944,0.598472,-0.801144,-0.0718286,0,0,1,0,0,-0.0935741,0,0,-0.0250731,-0.0935741,-0.0250731,0.0187695,-1.80114,0,0.0899718,0,-1.80114,-0.0359143,0.0899718,-0.0359143,0,-6.93E+11,0,1.38E+10,0,-6.93E+11,-5.53E+09,1.38E+10,-5.53E+09,-4.16E+11,7.31E+09,-2.05E+09,1.48E+10,-2.05E+09,2.99E+09,-5.89E+09,1.48E+10,-5.89E+09,5.05E+09,1.49E+10,1.59E+10,1.49E+10,-4.16E+11,5.05E+09,9764.71,10406.2,2.88E-12
0.03875,2.00713,0.5,-0.0163765,0.0351194,-0.0078981,-0.0379366,0.00847835,-0.073056,0,-0.801144,-0.598472,0.189683,0.598472,-0.801144,-0.0394905,0,0,1,-0.801144,-0.598472,0.189683,0.598472,-0.801144,-0.0394905,0,0,1,0,0,-0.0877986,0,0,-0.0409411,-0.0877986,-0.0409411,0.0187695,-1.80114,0,0.0948414,0,-1.80114,-0.0197453,0.0948414,-0.0197453,0,-6.93E+11,0,1.46E+10,0,-6.93E+11,-3.04E+09,1.46E+10,-3.04E+09,-4.16E+11,7.88E+09,-1.19E+09,1.55E+10,-1.19E+09,2.41E+09,-3.24E+09,1.55E+10,-3.24E+09,5.05E+09,1.49E+10,1.59E+10,1.49E+10,-4.16E+11,5.05E+09,9764.71,10406.2,3.75E-12
0.03875,2.18166,0.5,-0.0222261,0.0317421,-0.0011905,-0.0387317,0.0210356,-0.0704738,0,-0.801144,-0.598472,0.193659,0.598472,-0.801144,-0.0059525,0,0,1,-0.801144,-0.598472,0.193659,0.598472,-0.801144,-0.0059525,0,0,1,0,0,-0.0793554,0,0,-0.0555652,-0.0793554,-0.0555652,0.0187695,-1.80114,0,0.0968293,0,-1.80114,-0.00297625,0.0968293,-0.00297625,0,-6.93E+11,0,1.49E+10,0,-6.93E+11,-4.58E+08,1.49E+10,-4.58E+08,-4.16E+11,8.13E+09,-1.83E+08,1.59E+10,-1.83E+08,2.17E+09,-4.88E+08,1.59E+10,-4.88E+08,5.05E+09,1.49E+10,1.59E+10,1.49E+10,-4.16E+11,5.05E+09,9764.71,10406.2,4.17E-12
0.03875,2.35619,0.5,-0.0274004,0.0274004,0.00555328,-0.03835,0.0329537,-0.0657504,0,-0.801144,-0.598472,0.19175,0.598472,-0.801144,0.0277664,0,0,1,-0.801144,-0.598472,0.19175,0.598472,-0.801144,0.0277664,0,0,1,0,0,-0.068501,0,0,-0.068501,-0.068501,-0.068501,0.0187695,-1.80114,0,0.095875,0,-1.80114,0.0138832,0.095875,0.0138832,0,-6.93E+11,0,1.48E+10,0,-6.93E+11,2.14E+09,1.48E+10,2.14E+09,-4.16E+11,8.01E+09,8.46E+08,1.57E+10,8.46E+08,2.29E+09,2.28E+09,1.57E+10,2.28E+09,5.05E+09,1.49E+10,1.59E+10,1.49E+10,-4.16E+11,5.05E+09,9764.71,10406.2,3.52E-12
0.03875,2.53073,0.5,-0.0317421,0.0222261,0.0121283,-0.0368031,0.0438705,-0.0590292,0,-0.801144,-0.598472,0.184015,0.598472,-0.801144,0.0606416,0,0,1,-0.801144,-0.598472,0.184015,0.598472,-0.801144,0.0606416,0,0,1,0,0,-0.0555652,0,0,-0.0793554,-0.0555652,-0.0793554,0.0187695,-1.80114,0,0.0920077,0,-1.80114,0.0303208,0.0920077,0.0303208,0,-6.93E+11,0,1.42E+10,0,-6.93E+11,4.66E+09,1.42E+10,4.66E+09,-4.16E+11,7.55E+09,1.77E+09,1.51E+10,1.77E+09,2.75E+09,4.97E+09,1.51E+10,4.97E+09,5.05E+09,1.49E+10,1.59E+10,1.49E+10,-4.16E+11,5.05E+09,9764.71,10406.2,3.11E-12
0.03875,2.70526,0.5,-0.0351194,0.0163765,0.0183349,-0.0341379,0.0534543,-0.0505144,0,-0.801144,-0.598472,0.170689,0.598472,-0.801144,0.0916743,0,0,1,-0.801144,-0.598472,0.170689,0.598472,-0.801144,0.0916743,0,0,1,0,0,-0.0409411,0,0,-0.0877986,-0.0409411,-0.0877986,0.0187695,-1.80114,0,0.0853447,0,-1.80114,0.0458371,0.0853447,0.0458371,0,-6.93E+11,0,1.31E+10,0,-6.93E+11,7.05E+09,1.31E+10,7.05E+09,-4.16E+11,6.80E+09,2.49E+09,1.40E+10,2.49E+09,3.50E+09,7.52E+09,1.40E+10,7.52E+09,5.05E+09,1.49E+10,1.59E+10,1.49E+10,-4.16E+11,5.05E+09,9764.71,10406.2,3.87E-12
0.03875,2.87979,0.5,-0.0374296,0.0100292,0.0239843,-0.0304354,0.0614139,-0.0404647,0,-0.801144,-0.598472,0.152177,0.598472,-0.801144,0.119921,0,0,1,-0.801144,-0.598472,0.152177,0.598472,-0.801144,0.119921,0,0,1,0,0,-0.0250731,0,0,-0.0935741,-0.0250731,-0.0935741,0.0187695,-1.80114,0,0.0760886,0,-1.80114,0.0599607,0.0760886,0.0599607,0,-6.93E+11,0,1.17E+10,0,-6.93E+11,9.22E+09,1.17E+10,9.22E+09,-4.16E+11,5.85E+09,2.90E+09,1.25E+10,2.90E+09,4.45E+09,9.83E+09,1.25E+10,9.83E+09,5.05E+09,1.49E+10,1.59E+10,1.49E+10,-4.16E+11,5.05E+09,9764.71,10406.2,4.25E-12
0.03875,3.05433,0.5,-0.0386025,0.00337729,0.028905,-0.0258082,0.0675075,-0.0291855,0,-0.801144,-0.598472,0.129041,0.598472,-0.801144,0.144525,0,0,1,-0.801144,-0.598472,0.129041,0.598472,-0.801144,0.144525,0,0,1,0,0,-0.00844321,0,0,-0.0965064,-0.00844321,-0.0965064,0.0187695,-1.80114,0,0.0645206,0,-1.80114,0.0722624,0.0645206,0.0722624,0,-6.93E+11,0,9.93E+09,0,-6.93E+11,1.11E+10,9.93E+09,1.11E+10,-4.16E+11,4.81E+09,2.96E+09,1.06E+10,2.96E+09,5.48E+09,1.18E+10,1.06E+10,1.18E+10,5.05E+09,1.49E+10,1.59E+10,1.49E+10,-4.16E+11,5.05E+09,9764.71,10406.2,3.03E-12
0.03875,3.22886,0.5,-0.0386025,-0.00337729,0.0329474,-0.0203969,0.0715499,-0.0170196,0,-0.801144,-0.598472,0.101984,0.598472,-0.801144,0.164737,0,0,1,-0.801144,-0.598472,0.101984,0.598472,-0.801144,0.164737,0,0,1,0,0,0.00844321,0,0,-0.0965064,0.00844321,-0.0965064,0.0187695,-1.80114,0,0.0509921,0,-1.80114,0.0823685,0.0509921,0.0823685,0,-6.93E+11,0,7.84E+09,0,-6.93E+11,1.27E+10,7.84E+09,1.27E+10,-4.16E+11,3.82E+09,2.67E+09,8.36E+09,2.67E+09,6.48E+09,1.35E+10,8.36E+09,1.35E+10,5.05E+09,1.49E+10,1.59E+10,1.49E+10,-4.16E+11,5.05E+09,9764.71,10406.2,2.75E-12
0.03875,3.40339,0.5,-0.0374296,-0.0100292,0.0359887,-0.0143657,0.0734184,-0.00433649,0,-0.801144,-0.598472,0.0718286,0.598472,-0.801144,0.179944,0,0,1,-0.801144,-0.598472,0.0718286,0.598472,-0.801144,0.179944,0,0,1,0,0,0.0250731,0,0,-0.0935741,0.0250731,-0.0935741,0.0187695,-1.80114,0,0.0359143,0,-1.80114,0.0899718,0.0359143,0.0899718,0,-6.93E+11,0,5.53E+09,0,-6.93E+11,1.38E+10,5.53E+09,1.38E+10,-4.16E+11,2.99E+09,2.05E+09,5.89E+09,2.05E+09,7.31E+09,1.48E+10,5.89E+09,1.48E+10,5.05E+09,1.49E+10,1.59E+10,1.49E+10,-4.16E+11,5.05E+09,9764.71,10406.2,3.31E-12
0.03875,3.57792,0.5,-0.0351194,-0.0163765,0.0379366,-0.0078981,0.073056,0.00847835,0,-0.801144,-0.598472,0.0394905,0.598472,-0.801144,0.189683,0,0,1,-0.801144,-0.598472,0.0394905,0.598472,-0.801144,0.189683,0,0,1,0,0,0.0409411,0,0,-0.0877986,0.0409411,-0.0877986,0.0187695,-1.80114,0,0.0197453,0,-1.80114,0.0948414,0.0197453,0.0948414,0,-6.93E+11,0,3.04E+09,0,-6.93E+11,1.46E+10,3.04E+09,1.46E+10,-4.16E+11,2.41E+09,1.19E+09,3.24E+09,1.19E+09,7.88E+09,1.55E+10,3.24E+09,1.55E+10,5.05E+09,1.49E+10,1.59E+10,1.49E+10,-4.16E+11,5.05E+09,9764.71,10406.2,3.53E-12
0.03875,3.75246,0.5,-0.0317421,-0.0222261,0.0387317,-0.0011905,0.0704738,0.0210356,0,-0.801144,-0.598472,0.0059525,0.598472,-0.801144,0.193659,0,0,1,-0.801144,-0.598472,0.0059525,0.598472,-0.801144,0.193659,0,0,1,0,0,0.0555652,0,0,-0.0793554,0.0555652,-0.0793554,0.0187695,-1.80114,0,0.00297625,0,-1.80114,0.0968293,0.00297625,0.0968293,0,-6.93E+11,0,4.58E+08,0,-6.93E+11,1.49E+10,4.58E+08,1.49E+10,-4.16E+11,2.17E+09,1.83E+08,4.88E+08,1.83E+08,8.13E+09,1.59E+10,4.88E+08,1.59E+10,5.05E+09,1.49E+10,1.59E+10,1.49E+10,-4.16E+11,5.05E+09,9764.71,10406.2,4.17E-12
0.03875,3.92699,0.5,-0.0274004,-0.0274004,0.03835,0.00555328,0.0657504,0.0329537,0,-0.801144,-0.598472,-0.0277664,0.598472,-0.801144,0.19175,0,0,1,-0.801144,-0.598472,-0.0277664,0.598472,-0.801144,0.19175,0,0,1,0,0,0.068501,0,0,-0.068501,0.068501,-0.068501,0.0187695,-1.80114,0,-0.0138832,0,-1.80114,0.095875,-0.0138832,0.095875,0,-6.93E+11,0,-2.14E+09,0,-6.93E+11,1.48E+10,-2.14E+09,1.48E+10,-4.16E+11,2.29E+09,-8.46E+08,-2.28E+09,-8.46E+08,8.01E+09,1.57E+10,-2.28E+09,1.57E+10,5.05E+09,1.49E+10,1.59E+10,1.49E+10,-4.16E+11,5.05E+09,9764.71,10406.2,3.24E-12
0.03875,4.10152,0.5,-0.0222261,-0.0317421,0.0368031,0.0121283,0.0590292,0.0438705,0,-0.801144,-0.598472,-0.0606416,0.598472,-0.801144,0.184015,0,0,1,-0.801144,-0.598472,-0.0606416,0.598472,-0.801144,0.184015,0,0,1,0,0,0.0793554,0,0,-0.0555652,0.0793554,-0.0555652,0.0187695,-1.80114,0,-0.0303208,0,-1.80114,0.0920077,-0.0303208,0.0920077,0,-6.93E+11,0,-4.66E+09,0,-6.93E+11,1.42E+10,-4.66E+09,1.42E+10,-4.16E+11,2.75E+09,-1.77E+09,-4.97E+09,-1.77E+09,7.55E+09,1.51E+10,-4.97E+09,1.51E+10,5.05E+09,1.49E+10,1.59E+10,1.49E+10,-4.16E+11,5.05E+09,9764.71,10406.2,3.11E-12
0.03875,4.27606,0.5,-0.0163765,-0.0351194,0.0341379,0.0183349,0.0505144,0.0534543,0,-0.801144,-0.598472,-0.0916743,0.598472,-0.801144,0.170689,0,0,1,-0.801144,-0.598472,-0.0916743,0.598472,-0.801144,0.170689,0,0,1,0,0,0.0877986,0,0,-0.0409411,0.0877986,-0.0409411,0.0187695,-1.80114,0,-0.0458371,0,-1.80114,0.0853447,-0.0458371,0.0853447,0,-6.93E+11,0,-7.05E+09,0,-6.93E+11,1.31E+10,-7.05E+09,1.31E+10,-4.16E+11,3.50E+09,-2.49E+09,-7.52E+09,-2.49E+09,6.80E+09,1.40E+10,-7.52E+09,1.40E+10,5.05E+09,1.49E+10,1.59E+10,1.49E+10,-4.16E+11,5.05E+09,9764.71,10406.2,3.17E-12
0.03875,4.45059,0.5,-0.0100292,-0.0374296,0.0304354,0.0239843,0.0404647,0.0614139,0,-0.801144,-0.598472,-0.119921,0.598472,-0.801144,0.152177,0,0,1,-0.801144,-0.598472,-0.119921,0.598472,-0.801144,0.152177,0,0,1,0,0,0.0935741,0,0,-0.0250731,0.0935741,-0.0250731,0.0187695,-1.80114,0,-0.0599607,0,-1.80114,0.0760886,-0.0599607,0.0760886,0,-6.93E+11,0,-9.22E+09,0,-6.93E+11,1.17E+10,-9.22E+09,1.17E+10,-4.16E+11,4.45E+09,-2.90E+09,-9.83E+09,-2.90E+09,5.85E+09,1.25E+10,-9.83E+09,1.25E+10,5.05E+09,1.49E+10,1.59E+10,1.49E+10,-4.16E+11,5.05E+09,9764.71,10406.2,2.90E-12
0.03875,4.62512,0.5,-0.00337729,-0.0386025,0.0258082,0.028905,0.0291855,0.0675075,0,-0.801144,-0.598472,-0.144525,0.598472,-0.801144,0.129041,0,0,1,-0.801144,-0.598472,-0.144525,0.598472,-0.801144,0.129041,0,0,1,0,0,0.0965064,0,0,-0.00844321,0.0965064,-0.00844321,0.0187695,-1.80114,0,-0.0722624,0,-1.80114,0.0645206,-0.0722624,0.0645206,0,-6.93E+11,0,-1.11E+10,0,-6.93E+11,9.93E+09,-1.11E+10,9.93E+09,-4.16E+11,5.48E+09,-2.96E+09,-1.18E+10,-2.96E+09,4.81E+09,1.06E+10,-1.18E+10,1.06E+10,5.05E+09,1.49E+10,1.59E+10,1.49E+10,-4.16E+11,5.05E+09,9764.71,10406.2,2.99E-12
0.03875,4.79966,0.5,0.00337729,-0.0386025,0.0203969,0.0329474,0.0170196,0.0715499,0,-0.801144,-0.598472,-0.164737,0.598472,-0.801144,0.101984,0,0,1,-0.801144,-0.598472,-0.164737,0.598472,-0.801144,0.101984,0,0,1,0,0,0.0965064,0,0,0.00844321,0.0965064,0.00844321,0.0187695,-1.80114,0,-0.0823685,0,-1.80114,0.0509921,-0.0823685,0.0509921,0,-6.93E+11,0,-1.27E+10,0,-6.93E+11,7.84E+09,-1.27E+10,7.84E+09,-4.16E+11,6.48E+09,-2.67E+09,-1.35E+10,-2.67E+09,3.82E+09,8.36E+09,-1.35E+10,8.36E+09,5.05E+09,1.49E+10,1.59E+10,1.49E+10,-4.16E+11,5.05E+09,9764.71,10406.2,3.39E-12
0.03875,4.97419,0.5,0.0100292,-0.0374296,0.0143657,0.0359887,0.00433649,0.0734184,0,-0.801144,-0.598472,-0.179944,0.598472,-0.801144,0.0718286,0,0,1,-0.801144,-0.598472,-0.179944,0.598472,-0.801144,0.0718286,0,0,1,0,0,0.0935741,0,0,0.0250731,0.0935741,0.0250731,0.0187695,-1.80114,0,-0.0899718,0,-1.80114,0.0359143,-0.0899718,0.0359143,0,-6.93E+11,0,-1.38E+10,0,-6.93E+11,5.53E+09,-1.38E+10,5.53E+09,-4.16E+11,7.31E+09,-2.05E+09,-1.48E+10,-2.05E+09,2.99E+09,5.89E+09,-1.48E+10,5.89E+09,5.05E+09,1.49E+10,1.59E+10,1.49E+10,-4.16E+11,5.05E+09,9764.71,10406.2,3.41E-12
0.03875,5.14872,0.5,0.0163765,-0.0351194,0.0078981,0.0379366,-0.00847835,0.073056,0,-0.801144,-0.598472,-0.189683,0.598472,-0.801144,0.0394905,0,0,1,-0.801144,-0.598472,-0.189683,0.598472,-0.801144,0.0394905,0,0,1,0,0,0.0877986,0,0,0.0409411,0.0877986,0.0409411,0.0187695,-1.80114,0,-0.0948414,0,-1.80114,0.0197453,-0.0948414,0.0197453,0,-6.93E+11,0,-1.46E+10,0,-6.93E+11,3.04E+09,-1.46E+10,3.04E+09,-4.16E+11,7.88E+09,-1.19E+09,-1.55E+10,-1.19E+09,2.41E+09,3.24E+09,-1.55E+10,3.24E+09,5.05E+09,1.49E+10,1.59E+10,1.49E+10,-4.16E+11,5.05E+09,9764.71,10406.2,6.44E-12
0.03875,5.32325,0.5,0.0222261,-0.0317421,0.0011905,0.0387317,-0.0210356,0.0704738,0,-0.801144,-0.598472,-0.193659,0.598472,-0.801144,0.0059525,0,0,1,-0.801144,-0.598472,-0.193659,0.598472,-0.801144,0.0059525,0,0,1,0,0,0.0793554,0,0,0.0555652,0.0793554,0.0555652,0.0187695,-1.80114,0,-0.0968293,0,-1.80114,0.00297625,-0.0968293,0.00297625,0,-6.93E+11,0,-1.49E+10,0,-6.93E+11,4.58E+08,-1.49E+10,4.58E+08,-4.16E+11,8.13E+09,-1.83E+08,-1.59E+10,-1.83E+08,2.17E+09,4.88E+08,-1.59E+10,4.88E+08,5.05E+09,1.49E+10,1.59E+10,1.49E+10,-4.16E+11,5.05E+09,9764.71,10406.2,3.99E-12
0.03875,5.49779,0.5,0.0274004,-0.0274004,-0.00555328,0.03835,-0.0329537,0.0657504,0,-0.801144,-0.598472,-0.19175,0.598472,-0.801144,-0.0277664,0,0,1,-0.801144,-0.598472,-0.19175,0.598472,-0.801144,-0.0277664,0,0,1,0,0,0.068501,0,0,0.068501,0.068501,0.068501,0.0187695,-1.80114,0,-0.095875,0,-1.80114,-0.0138832,-0.095875,-0.0138832,0,-6.93E+11,0,-1.48E+10,0,-6.93E+11,-2.14E+09,-1.48E+10,-2.14E+09,-4.16E+11,8.01E+09,8.46E+08,-1.57E+10,8.46E+08,2.29E+09,-2.28E+09,-1.57E+10,-2.28E+09,5.05E+09,1.49E+10,1.59E+10,1.49E+10,-4.16E+11,5.05E+09,9764.71,10406.2,3.71E-12
0.03875,5.67232,0.5,0.0317421,-0.0222261,-0.0121283,0.0368031,-0.0438705,0.0590292,0,-0.801144,-0.598472,-0.184015,0.598472,-0.801144,-0.0606416,0,0,1,-0.801144,-0.598472,-0.184015,0.598472,-0.801144,-0.0606416,0,0,1,0,0,0.0555652,0,0,0.0793554,0.0555652,0.0793554,0.0187695,-1.80114,0,-0.0920077,0,-1.80114,-0.0303208,-0.0920077,-0.0303208,0,-6.93E+11,0,-1.42E+10,0,-6.93E+11,-4.66E+09,-1.42E+10,-4.66E+09,-4.16E+11,7.55E+09,1.77E+09,-1.51E+10,1.77E+09,2.75E+09,-4.97E+09,-1.51E+10,-4.97E+09,5.05E+09,1.49E+10,1.59E+10,1.49E+10,-4.16E+11,5.05E+09,9764.71,10406.2,3.20E-12
0.03875,5.84685,0.5,0.0351194,-0.0163765,-0.0183349,0.0341379,-0.0534543,0.0505144,0,-0.801144,-0.598472,-0.170689,0.598472,-0.801144,-0.0916743,0,0,1,-0.801144,-0.598472,-0.170689,0.598472,-0.801144,-0.0916743,0,0,1,0,0,0.0409411,0,0,0.0877986,0.0409411,0.0877986,0.0187695,-1.80114,0,-0.0853447,0,-1.80114,-0.0458371,-0.0853447,-0.0458371,0,-6.93E+11,0,-1.31E+10,0,-6.93E+11,-7.05E+09,-1.31E+10,-7.05E+09,-4.16E+11,6.80E+09,2.49E+09,-1.40E+10,2.49E+09,3.50E+09,-7.52E+09,-1.40E+10,-7.52E+09,5.05E+09,1.49E+10,1.59E+10,1.49E+10,-4.16E+11,5.05E+09,9764.71,10406.2,3.17E-12
0.03875,6.02139,0.5,0.0374296,-0.0100292,-0.0239843,0.0304354,-0.0614139,0.0404647,0,-0.801144,-0.598472,-0.152177,0.598472,-0.801144,-0.119921,0,0,1,-0.801144,-0.598472,-0.152177,0.598472,-0.801144,-0.119921,0,0,1,0,0,0.0250731,0,0,0.0935741,0.0250731,0.0935741,0.0187695,-1.80114,0,-0.0760886,0,-1.80114,-0.0599607,-0.0760886,-0.0599607,0,-6.93E+11,0,-1.17E+10,0,-6.93E+11,-9.22E+09,-1.17E+10,-9.22E+09,-4.16E+11,5.85E+09,2.90E+09,-1.25E+10,2.90E+09,4.45E+09,-9.83E+09,-1.25E+10,-9.83E+09,5.05E+09,1.49E+10,1.59E+10,1.49E+10,-4.16E+11,5.05E+09,9764.71,10406.2,3.42E-12
0.03875,6.19592,0.5,0.0386025,-0.00337729,-0.028905,0.0258082,-0.0675075,0.0291855,0,-0.801144,-0.598472,-0.129041,0.598472,-0.801144,-0.144525,0,0,1,-0.801144,-0.598472,-0.129041,0.598472,-0.801144,-0.144525,0,0,1,0,0,0.00844321,0,0,0.0965064,0.00844321,0.0965064,0.0187695,-1.80114,0,-0.0645206,0,-1.80114,-0.0722624,-0.0645206,-0.0722624,0,-6.93E+11,0,-9.93E+09,0,-6.93E+11,-1.11E+10,-9.93E+09,-1.11E+10,-4.16E+11,4.81E+09,2.96E+09,-1.06E+10,2.96E+09,5.48E+09,-1.18E+10,-1.06E+10,-1.18E+10,5.05E+09,1.49E+10,1.59E+10,1.49E+10,-4.16E+11,5.05E+09,9764.71,10406.2,3.13E-12
0.04125,0.0872665,0.5,0.041093,0.00359517,-0.035073,0.0217128,-0.0761661,0.0181176,0,-0.801144,-0.598472,-0.108564,0.598472,-0.801144,-0.175365,0,0,1,-0.801144,-0.598472,-0.108564,0.598472,-0.801144,-0.175365,0,0,1,0,0,-0.00898794,0,0,0.102733,-0.00898794,0.102733,0.0212695,-1.80114,0,-0.054282,0,-1.80114,-0.0876826,-0.054282,-0.0876826,0,-6.93E+11,0,-8.35E+09,0,-6.93E+11,-1.35E+10,-8.35E+09,-1.35E+10,-4.16E+11,4.33E+09,3.04E+09,-8.97E+09,3.04E+09,7.36E+09,-1.45E+10,-8.97E+09,-1.45E+10,5.73E+09,1.59E+10,1.70E+10,1.59E+10,-4.16E+11,5.73E+09,11779.2,12656.1,4.15E-12
0.04125,0.261799,0.5,0.0398444,0.0106763,-0.0383106,0.0152925,-0.078155,0.00461626,0,-0.801144,-0.598472,-0.0764627,0.598472,-0.801144,-0.191553,0,0,1,-0.801144,-0.598472,-0.0764627,0.598472,-0.801144,-0.191553,0,0,1,0,0,-0.0266907,0,0,0.0996111,-0.0266907,0.0996111,0.0212695,-1.80114,0,-0.0382314,0,-1.80114,-0.0957764,-0.0382314,-0.0957764,0,-6.93E+11,0,-5.88E+09,0,-6.93E+11,-1.47E+10,-5.88E+09,-1.47E+10,-4.16E+11,3.39E+09,2.34E+09,-6.32E+09,2.34E+09,8.31E+09,-1.58E+10,-6.32E+09,-1.58E+10,5.73E+09,1.59E+10,1.70E+10,1.59E+10,-4.16E+11,5.73E+09,11779.2,12656.1,4.85E-12
0.04125,0.436332,0.5,0.0373852,0.017433,-0.0403841,0.00840766,-0.0777693,-0.00902534,0,-0.801144,-0.598472,-0.0420383,0.598472,-0.801144,-0.20192,0,0,1,-0.801144,-0.598472,-0.0420383,0.598472,-0.801144,-0.20192,0,0,1,0,0,-0.0435825,0,0,0.093463,-0.0435825,0.093463,0.0212695,-1.80114,0,-0.0210191,0,-1.80114,-0.10096,-0.0210191,-0.10096,0,-6.93E+11,0,-3.23E+09,0,-6.93E+11,-1.55E+10,-3.23E+09,-1.55E+10,-4.16E+11,2.74E+09,1.35E+09,-3.47E+09,1.35E+09,8.96E+09,-1.67E+10,-3.47E+09,-1.67E+10,5.73E+09,1.59E+10,1.70E+10,1.59E+10,-4.16E+11,5.73E+09,11779.2,12656.1,3.88E-12
0.04125,0.610865,0.5,0.03379,0.02366,-0.0412305,0.00126731,-0.0750205,-0.0223927,0,-0.801144,-0.598472,-0.00633653,0.598472,-0.801144,-0.206153,0,0,1,-0.801144,-0.598472,-0.00633653,0.598472,-0.801144,-0.206153,0,0,1,0,0,-0.0591501,0,0,0.0844751,-0.0591501,0.0844751,0.0212695,-1.80114,0,-0.00316827,0,-1.80114,-0.103076,-0.00316827,-0.103076,0,-6.93E+11,0,-4.87E+08,0,-6.93E+11,-1.59E+10,-4.87E+08,-1.59E+10,-4.16E+11,2.46E+09,2.08E+08,-5.24E+08,2.08E+08,9.24E+09,-1.70E+10,-5.24E+08,-1.70E+10,5.73E+09,1.59E+10,1.70E+10,1.59E+10,-4.16E+11,5.73E+09,11779.2,12656.1,3.67E-12
0.04125,0.785398,0.5,0.0291682,0.0291682,-0.0408242,-0.00591155,-0.0699924,-0.0350797,0,-0.801144,-0.598472,0.0295578,0.598472,-0.801144,-0.204121,0,0,1,-0.801144,-0.598472,0.0295578,0.598472,-0.801144,-0.204121,0,0,1,0,0,-0.0729204,0,0,0.0729204,-0.0729204,0.0729204,0.0212695,-1.80114,0,0.0147789,0,-1.80114,-0.102061,0.0147789,-0.102061,0,-6.93E+11,0,2.27E+09,0,-6.93E+11,-1.57E+10,2.27E+09,-1.57E+10,-4.16E+11,2.59E+09,-9.63E+08,2.44E+09,-9.63E+08,9.10E+09,-1.69E+10,2.44E+09,-1.69E+10,5.73E+09,1.59E+10,1.70E+10,1.59E+10,-4.16E+11,5.73E+09,11779.2,12656.1,3.65E-12
0.04125,0.959931,0.5,0.02366,0.03379,-0.0391775,-0.0129108,-0.0628375,-0.0467008,0,-0.801144,-0.598472,0.064554,0.598472,-0.801144,-0.195887,0,0,1,-0.801144,-0.598472,0.064554,0.598472,-0.801144,-0.195887,0,0,1,0,0,-0.0844751,0,0,0.0591501,-0.0844751,0.0591501,0.0212695,-1.80114,0,0.032277,0,-1.80114,-0.0979437,0.032277,-0.0979437,0,-6.93E+11,0,4.97E+09,0,-6.93E+11,-1.51E+10,4.97E+09,-1.51E+10,-4.16E+11,3.12E+09,-2.02E+09,5.34E+09,-2.02E+09,8.58E+09,-1.62E+10,5.34E+09,-1.62E+10,5.73E+09,1.59E+10,1.70E+10,1.59E+10,-4.16E+11,5.73E+09,11779.2,12656.1,3.88E-12
0.04125,1.13446,0.5,0.017433,0.0373852,-0.0363403,-0.0195177,-0.0537733,-0.0569029,0,-0.801144,-0.598472,0.0975887,0.598472,-0.801144,-0.181702,0,0,1,-0.801144,-0.598472,0.0975887,0.598472,-0.801144,-0.181702,0,0,1,0,0,-0.093463,0,0,0.0435825,-0.093463,0.0435825,0.0212695,-1.80114,0,0.0487944,0,-1.80114,-0.0908508,0.0487944,-0.0908508,0,-6.93E+11,0,7.51E+09,0,-6.93E+11,-1.40E+10,7.51E+09,-1.40E+10,-4.16E+11,3.97E+09,-2.83E+09,8.07E+09,-2.83E+09,7.72E+09,-1.50E+10,8.07E+09,-1.50E+10,5.73E+09,1.59E+10,1.70E+10,1.59E+10,-4.16E+11,5.73E+09,11779.2,12656.1,4.56E-12
0.04125,1.309,0.5,0.0106763,0.0398444,-0.032399,-0.0255317,-0.0430753,-0.0653761,0,-0.801144,-0.598472,0.127658,0.598472,-0.801144,-0.161995,0,0,1,-0.801144,-0.598472,0.127658,0.598472,-0.801144,-0.161995,0,0,1,0,0,-0.0996111,0,0,0.0266907,-0.0996111,0.0266907,0.0212695,-1.80114,0,0.0638291,0,-1.80114,-0.0809976,0.0638291,-0.0809976,0,-6.93E+11,0,9.82E+09,0,-6.93E+11,-1.25E+10,9.82E+09,-1.25E+10,-4.16E+11,5.05E+09,-3.30E+09,1.06E+10,-3.30E+09,6.64E+09,-1.34E+10,1.06E+10,-1.34E+10,5.73E+09,1.59E+10,1.70E+10,1.59E+10,-4.16E+11,5.73E+09,11779.2,12656.1,5.26E-12
0.04125,1.48353,0.5,0.00359517,0.041093,-0.0274733,-0.0307698,-0.0310685,-0.0718628,0,-0.801144,-0.598472,0.153849,0.598472,-0.801144,-0.137366,0,0,1,-0.801144,-0.598472,0.153849,0.598472,-0.801144,-0.137366,0,0,1,0,0,-0.102733,0,0,0.00898794,-0.102733,0.00898794,0.0212695,-1.80114,0,0.0769245,0,-1.80114,-0.0686832,0.0769245,-0.0686832,0,-6.93E+11,0,1.18E+10,0,-6.93E+11,-1.06E+10,1.18E+10,-1.06E+10,-4.16E+11,6.23E+09,-3.37E+09,1.27E+10,-3.37E+09,5.47E+09,-1.14E+10,1.27E+10,-1.14E+10,5.73E+09,1.59E+10,1.70E+10,1.59E+10,-4.16E+11,5.73E+09,11779.2,12656.1,4.95E-12
0.04125,1.65806,0.5,-0.00359517,0.041093,-0.0217128,-0.035073,-0.0181176,-0.0761661,0,-0.801144,-0.598472,0.175365,0.598472,-0.801144,-0.108564,0,0,1,-0.801144,-0.598472,0.175365,0.598472,-0.801144,-0.108564,0,0,1,0,0,-0.102733,0,0,-0.00898794,-0.102733,-0.00898794,0.0212695,-1.80114,0,0.0876826,0,-1.80114,-0.054282,0.0876826,-0.054282,0,-6.93E+11,0,1.35E+10,0,-6.93E+11,-8.35E+09,1.35E+10,-8.35E+09,-4.16E+11,7.36E+09,-3.04E+09,1.45E+10,-3.04E+09,4.33E+09,-8.97E+09,1.45E+10,-8.97E+09,5.73E+09,1.59E+10,1.70E+10,1.59E+10,-4.16E+11,5.73E+09,11779.2,12656.1,4.04E-12
0.04125,1.8326,0.5,-0.0106763,0.0398444,-0.0152925,-0.0383106,-0.00461626,-0.078155,0,-0.801144,-0.598472,0.191553,0.598472,-0.801144,-0.0764627,0,0,1,-0.801144,-0.598472,0.191553,0.598472,-0.801144,-0.0764627,0,0,1,0,0,-0.0996111,0,0,-0.0266907,-0.0996111,-0.0266907,0.0212695,-1.80114,0,0.0957764,0,-1.80114,-0.0382314,0.0957764,-0.0382314,0,-6.93E+11,0,1.47E+10,0,-6.93E+11,-5.88E+09,1.47E+10,-5.88E+09,-4.16E+11,8.31E+09,-2.34E+09,1.58E+10,-2.34E+09,3.39E+09,-6.32E+09,1.58E+10,-6.32E+09,5.73E+09,1.59E+10,1.70E+10,1.59E+10,-4.16E+11,5.73E+09,11779.2,12656.1,5.25E-12
0.04125,2.00713,0.5,-0.017433,0.0373852,-0.00840766,-0.0403841,0.00902534,-0.0777693,0,-0.801144,-0.598472,0.20192,0.598472,-0.801144,-0.0420383,0,0,1,-0.801144,-0.598472,0.20192,0.598472,-0.801144,-0.0420383,0,0,1,0,0,-0.093463,0,0,-0.0435825,-0.093463,-0.0435825,0.0212695,-1.80114,0,0.10096,0,-1.80114,-0.0210191,0.10096,-0.0210191,0,-6.93E+11,0,1.55E+10,0,-6.93E+11,-3.23E+09,1.55E+10,-3.23E+09,-4.16E+11,8.96E+09,-1.35E+09,1.67E+10,-1.35E+09,2.74E+09,-3.47E+09,1.67E+10,-3.47E+09,5.73E+09,1.59E+10,1.70E+10,1.59E+10,-4.16E+11,5.73E+09,11779.2,12656.1,5.44E-12
0.04125,2.18166,0.5,-0.02366,0.03379,-0.00126731,-0.0412305,0.0223927,-0.0750205,0,-0.801144,-0.598472,0.206153,0.598472,-0.801144,-0.00633653,0,0,1,-0.801144,-0.598472,0.206153,0.598472,-0.801144,-0.00633653,0,0,1,0,0,-0.0844751,0,0,-0.0591501,-0.0844751,-0.0591501,0.0212695,-1.80114,0,0.103076,0,-1.80114,-0.00316827,0.103076,-0.00316827,0,-6.93E+11,0,1.59E+10,0,-6.93E+11,-4.87E+08,1.59E+10,-4.87E+08,-4.16E+11,9.24E+09,-2.08E+08,1.70E+10,-2.08E+08,2.46E+09,-5.24E+08,1.70E+10,-5.24E+08,5.73E+09,1.59E+10,1.70E+10,1.59E+10,-4.16E+11,5.73E+09,11779.2,12656.1,5.89E-12
0.04125,2.35619,0.5,-0.0291682,0.0291682,0.00591155,-0.0408242,0.0350797,-0.0699924,0,-0.801144,-0.598472,0.204121,0.598472,-0.801144,0.0295578,0,0,1,-0.801144,-0.598472,0.204121,0.598472,-0.801144,0.0295578,0,0,1,0,0,-0.0729204,0,0,-0.0729204,-0.0729204,-0.0729204,0.0212695,-1.80114,0,0.102061,0,-1.80114,0.0147789,0.102061,0.0147789,0,-6.93E+11,0,1.57E+10,0,-6.93E+11,2.27E+09,1.57E+10,2.27E+09,-4.16E+11,9.10E+09,9.63E+08,1.69E+10,9.63E+08,2.59E+09,2.44E+09,1.69E+10,2.44E+09,5.73E+09,1.59E+10,1.70E+10,1.59E+10,-4.16E+11,5.73E+09,11779.2,12656.1,3.65E-12
0.04125,2.53073,0.5,-0.03379,0.02366,0.0129108,-0.0391775,0.0467008,-0.0628375,0,-0.801144,-0.598472,0.195887,0.598472,-0.801144,0.064554,0,0,1,-0.801144,-0.598472,0.195887,0.598472,-0.801144,0.064554,0,0,1,0,0,-0.0591501,0,0,-0.0844751,-0.0591501,-0.0844751,0.0212695,-1.80114,0,0.0979437,0,-1.80114,0.032277,0.0979437,0.032277,0,-6.93E+11,0,1.51E+10,0,-6.93E+11,4.97E+09,1.51E+10,4.97E+09,-4.16E+11,8.58E+09,2.02E+09,1.62E+10,2.02E+09,3.12E+09,5.34E+09,1.62E+10,5.34E+09,5.73E+09,1.59E+10,1.70E+10,1.59E+10,-4.16E+11,5.73E+09,11779.2,12656.1,5.94E-12
0.04125,2.70526,0.5,-0.0373852,0.017433,0.0195177,-0.0363403,0.0569029,-0.0537733,0,-0.801144,-0.598472,0.181702,0.598472,-0.801144,0.0975887,0,0,1,-0.801144,-0.598472,0.181702,0.598472,-0.801144,0.0975887,0,0,1,0,0,-0.0435825,0,0,-0.093463,-0.0435825,-0.093463,0.0212695,-1.80114,0,0.0908508,0,-1.80114,0.0487944,0.0908508,0.0487944,0,-6.93E+11,0,1.40E+10,0,-6.93E+11,7.51E+09,1.40E+10,7.51E+09,-4.16E+11,7.72E+09,2.83E+09,1.50E+10,2.83E+09,3.97E+09,8.07E+09,1.50E+10,8.07E+09,5.73E+09,1.59E+10,1.70E+10,1.59E+10,-4.16E+11,5.73E+09,11779.2,12656.1,5.34E-12
0.04125,2.87979,0.5,-0.0398444,0.0106763,0.0255317,-0.032399,0.0653761,-0.0430753,0,-0.801144,-0.598472,0.161995,0.598472,-0.801144,0.127658,0,0,1,-0.801144,-0.598472,0.161995,0.598472,-0.801144,0.127658,0,0,1,0,0,-0.0266907,0,0,-0.0996111,-0.0266907,-0.0996111,0.0212695,-1.80114,0,0.0809976,0,-1.80114,0.0638291,0.0809976,0.0638291,0,-6.93E+11,0,1.25E+10,0,-6.93E+11,9.82E+09,1.25E+10,9.82E+09,-4.16E+11,6.64E+09,3.30E+09,1.34E+10,3.30E+09,5.05E+09,1.06E+10,1.34E+10,1.06E+10,5.73E+09,1.59E+10,1.70E+10,1.59E+10,-4.16E+11,5.73E+09,11779.2,12656.1,6.01E-12
0.04125,3.05433,0.5,-0.041093,0.00359517,0.0307698,-0.0274733,0.0718628,-0.0310685,0,-0.801144,-0.598472,0.137366,0.598472,-0.801144,0.153849,0,0,1,-0.801144,-0.598472,0.137366,0.598472,-0.801144,0.153849,0,0,1,0,0,-0.00898794,0,0,-0.102733,-0.00898794,-0.102733,0.0212695,-1.80114,0,0.0686832,0,-1.80114,0.0769245,0.0686832,0.0769245,0,-6.93E+11,0,1.06E+10,0,-6.93E+11,1.18E+10,1.06E+10,1.18E+10,-4.16E+11,5.47E+09,3.37E+09,1.14E+10,3.37E+09,6.23E+09,1.27E+10,1.14E+10,1.27E+10,5.73E+09,1.59E+10,1.70E+10,1.59E+10,-4.16E+11,5.73E+09,11779.2,12656.1,3.97E-12
0.04125,3.22886,0.5,-0.041093,-0.00359517,0.035073,-0.0217128,0.0761661,-0.0181176,0,-0.801144,-0.598472,0.108564,0.598472,-0.801144,0.175365,0,0,1,-0.801144,-0.598472,0.108564,0.598472,-0.801144,0.175365,0,0,1,0,0,0.00898794,0,0,-0.102733,0.00898794,-0.102733,0.0212695,-1.80114,0,0.054282,0,-1.80114,0.0876826,0.054282,0.0876826,0,-6.93E+11,0,8.35E+09,0,-6.93E+11,1.35E+10,8.35E+09,1.35E+10,-4.16E+11,4.33E+09,3.04E+09,8.97E+09,3.04E+09,7.36E+09,1.45E+10,8.97E+09,1.45E+10,5.73E+09,1.59E+10,1.70E+10,1.59E+10,-4.16E+11,5.73E+09,11779.2,12656.1,6.66E-12
0.04125,3.40339,0.5,-0.0398444,-0.0106763,0.0383106,-0.0152925,0.078155,-0.00461626,0,-0.801144,-0.598472,0.0764627,0.598472,-0.801144,0.191553,0,0,1,-0.801144,-0.598472,0.0764627,0.598472,-0.801144,0.191553,0,0,1,0,0,0.0266907,0,0,-0.0996111,0.0266907,-0.0996111,0.0212695,-1.80114,0,0.0382314,0,-1.80114,0.0957764,0.0382314,0.0957764,0,-6.93E+11,0,5.88E+09,0,-6.93E+11,1.47E+10,5.88E+09,1.47E+10,-4.16E+11,3.39E+09,2.34E+09,6.32E+09,2.34E+09,8.31E+09,1.58E+10,6.32E+09,1.58E+10,5.73E+09,1.59E+10,1.70E+10,1.59E+10,-4.16E+11,5.73E+09,11779.2,12656.1,4.85E-12
0.04125,3.57792,0.5,-0.0373852,-0.017433,0.0403841,-0.00840766,0.0777693,0.00902534,0,-0.801144,-0.598472,0.0420383,0.598472,-0.801144,0.20192,0,0,1,-0.801144,-0.598472,0.0420383,0.598472,-0.801144,0.20192,0,0,1,0,0,0.0435825,0,0,-0.093463,0.0435825,-0.093463,0.0212695,-1.80114,0,0.0210191,0,-1.80114,0.10096,0.0210191,0.10096,0,-6.93E+11,0,3.23E+09,0,-6.93E+11,1.55E+10,3.23E+09,1.55E+10,-4.16E+11,2.74E+09,1.35E+09,3.47E+09,1.35E+09,8.96E+09,1.67E+10,3.47E+09,1.67E+10,5.73E+09,1.59E+10,1.70E+10,1.59E+10,-4.16E+11,5.73E+09,11779.2,12656.1,3.41E-12
0.04125,3.75246,0.5,-0.03379,-0.02366,0.0412305,-0.00126731,0.0750205,0.0223927,0,-0.801144,-0.598472,0.00633653,0.598472,-0.801144,0.206153,0,0,1,-0.801144,-0.598472,0.00633653,0.598472,-0.801144,0.206153,0,0,1,0,0,0.0591501,0,0,-0.0844751,0.0591501,-0.0844751,0.0212695,-1.80114,0,0.00316827,0,-1.80114,0.103076,0.00316827,0.103076,0,-6.93E+11,0,4.87E+08,0,-6.93E+11,1.59E+10,4.87E+08,1.59E+10,-4.16E+11,2.46E+09,2.08E+08,5.24E+08,2.08E+08,9.24E+09,1.70E+10,5.24E+08,1.70E+10,5.73E+09,1.59E+10,1.70E+10,1.59E+10,-4.16E+11,5.73E+09,11779.2,12656.1,5.89E-12
0.04125,3.92699,0.5,-0.0291682,-0.0291682,0.0408242,0.00591155,0.0699924,0.0350797,0,-0.801144,-0.598472,-0.0295578,0.598472,-0.801144,0.204121,0,0,1,-0.801144,-0.598472,-0.0295578,0.598472,-0.801144,0.204121,0,0,1,0,0,0.0729204,0,0,-0.0729204,0.0729204,-0.0729204,0.0212695,-1.80114,0,-0.0147789,0,-1.80114,0.102061,-0.0147789,0.102061,0,-6.93E+11,0,-2.27E+09,0,-6.93E+11,1.57E+10,-2.27E+09,1.57E+10,-4.16E+11,2.59E+09,-9.63E+08,-2.44E+09,-9.63E+08,9.10E+09,1.69E+10,-2.44E+09,1.69E+10,5.73E+09,1.59E+10,1.70E+10,1.59E+10,-4.16E+11,5.73E+09,11779.2,12656.1,3.83E-12
0.04125,4.10152,0.5,-0.02366,-0.03379,0.0391775,0.0129108,0.0628375,0.0467008,0,-0.801144,-0.598472,-0.064554,0.598472,-0.801144,0.195887,0,0,1,-0.801144,-0.598472,-0.064554,0.598472,-0.801144,0.195887,0,0,1,0,0,0.0844751,0,0,-0.0591501,0.0844751,-0.0591501,0.0212695,-1.80114,0,-0.032277,0,-1.80114,0.0979437,-0.032277,0.0979437,0,-6.93E+11,0,-4.97E+09,0,-6.93E+11,1.51E+10,-4.97E+09,1.51E+10,-4.16E+11,3.12E+09,-2.02E+09,-5.34E+09,-2.02E+09,8.58E+09,1.62E+10,-5.34E+09,1.62E+10,5.73E+09,1.59E+10,1.70E+10,1.59E+10,-4.16E+11,5.73E+09,11779.2,12656.1,5.94E-12
0.04125,4.27606,0.5,-0.017433,-0.0373852,0.0363403,0.0195177,0.0537733,0.0569029,0,-0.801144,-0.598472,-0.0975887,0.598472,-0.801144,0.181702,0,0,1,-0.801144,-0.598472,-0.0975887,0.598472,-0.801144,0.181702,0,0,1,0,0,0.093463,0,0,-0.0435825,0.093463,-0.0435825,0.0212695,-1.80114,0,-0.0487944,0,-1.80114,0.0908508,-0.0487944,0.0908508,0,-6.93E+11,0,-7.51E+09,0,-6.93E+11,1.40E+10,-7.51E+09,1.40E+10,-4.16E+11,3.97E+09,-2.83E+09,-8.07E+09,-2.83E+09,7.72E+09,1.50E+10,-8.07E+09,1.50E+10,5.73E+09,1.59E+10,1.70E+10,1.59E+10,-4.16E+11,5.73E+09,11779.2,12656.1,3.17E-12
0.04125,4.45059,0.5,-0.0106763,-0.0398444,0.032399,0.0255317,0.0430753,0.0653761,0,-0.801144,-0.598472,-0.127658,0.598472,-0.801144,0.161995,0,0,1,-0.801144,-0.598472,-0.127658,0.598472,-0.801144,0.161995,0,0,1,0,0,0.0996111,0,0,-0.0266907,0.0996111,-0.0266907,0.0212695,-1.80114,0,-0.0638291,0,-1.80114,0.0809976,-0.0638291,0.0809976,0,-6.93E+11,0,-9.82E+09,0,-6.93E+11,1.25E+10,-9.82E+09,1.25E+10,-4.16E+11,5.05E+09,-3.30E+09,-1.06E+10,-3.30E+09,6.64E+09,1.34E+10,-1.06E+10,1.34E+10,5.73E+09,1.59E+10,1.70E+10,1.59E+10,-4.16E+11,5.73E+09,11779.2,12656.1,5.12E-12
0.04125,4.62512,0.5,-0.00359517,-0.041093,0.0274733,0.0307698,0.0310685,0.0718628,0,-0.801144,-0.598472,-0.153849,0.598472,-0.801144,0.137366,0,0,1,-0.801144,-0.598472,-0.153849,0.598472,-0.801144,0.137366,0,0,1,0,0,0.102733,0,0,-0.00898794,0.102733,-0.00898794,0.0212695,-1.80114,0,-0.0769245,0,-1.80114,0.0686832,-0.0769245,0.0686832,0,-6.93E+11,0,-1.18E+10,0,-6.93E+11,1.06E+10,-1.18E+10,1.06E+10,-4.16E+11,6.23E+09,-3.37E+09,-1.27E+10,-3.37E+09,5.47E+09,1.14E+10,-1.27E+10,1.14E+10,5.73E+09,1.59E+10,1.70E+10,1.59E+10,-4.16E+11,5.73E+09,11779.2,12656.1,4.95E-12
0.04125,4.79966,0.5,0.00359517,-0.041093,0.0217128,0.035073,0.0181176,0.0761661,0,-0.801144,-0.598472,-0.175365,0.598472,-0.801144,0.108564,0,0,1,-0.801144,-0.598472,-0.175365,0.598472,-0.801144,0.108564,0,0,1,0,0,0.102733,0,0,0.00898794,0.102733,0.00898794,0.0212695,-1.80114,0,-0.0876826,0,-1.80114,0.054282,-0.0876826,0.054282,0,-6.93E+11,0,-1.35E+10,0,-6.93E+11,8.35E+09,-1.35E+10,8.35E+09,-4.16E+11,7.36E+09,-3.04E+09,-1.45E+10,-3.04E+09,4.33E+09,8.97E+09,-1.45E+10,8.97E+09,5.73E+09,1.59E+10,1.70E+10,1.59E+10,-4.16E+11,5.73E+09,11779.2,12656.1,4.15E-12
0.04125,4.97419,0.5,0.0106763,-0.0398444,0.0152925,0.0383106,0.00461626,0.078155,0,-0.801144,-0.598472,-0.191553,0.598472,-0.801144,0.0764627,0,0,1,-0.801144,-0.598472,-0.191553,0.598472,-0.801144,0.0764627,0,0,1,0,0,0.0996111,0,0,0.0266907,0.0996111,0.0266907,0.0212695,-1.80114,0,-0.0957764,0,-1.80114,0.0382314,-0.0957764,0.0382314,0,-6.93E+11,0,-1.47E+10,0,-6.93E+11,5.88E+09,-1.47E+10,5.88E+09,-4.16E+11,8.31E+09,-2.34E+09,-1.58E+10,-2.34E+09,3.39E+09,6.32E+09,-1.58E+10,6.32E+09,5.73E+09,1.59E+10,1.70E+10,1.59E+10,-4.16E+11,5.73E+09,11779.2,12656.1,2.83E-12
0.04125,5.14872,0.5,0.017433,-0.0373852,0.00840766,0.0403841,-0.00902534,0.0777693,0,-0.801144,-0.598472,-0.20192,0.598472,-0.801144,0.0420383,0,0,1,-0.801144,-0.598472,-0.20192,0.598472,-0.801144,0.0420383,0,0,1,0,0,0.093463,0,0,0.0435825,0.093463,0.0435825,0.0212695,-1.80114,0,-0.10096,0,-1.80114,0.0210191,-0.10096,0.0210191,0,-6.93E+11,0,-1.55E+10,0,-6.93E+11,3.23E+09,-1.55E+10,3.23E+09,-4.16E+11,8.96E+09,-1.35E+09,-1.67E+10,-1.35E+09,2.74E+09,3.47E+09,-1.67E+10,3.47E+09,5.73E+09,1.59E+10,1.70E+10,1.59E+10,-4.16E+11,5.73E+09,11779.2,12656.1,4.14E-12
0.04125,5.32325,0.5,0.02366,-0.03379,0.00126731,0.0412305,-0.0223927,0.0750205,0,-0.801144,-0.598472,-0.206153,0.598472,-0.801144,0.00633653,0,0,1,-0.801144,-0.598472,-0.206153,0.598472,-0.801144,0.00633653,0,0,1,0,0,0.0844751,0,0,0.0591501,0.0844751,0.0591501,0.0212695,-1.80114,0,-0.103076,0,-1.80114,0.00316827,-0.103076,0.00316827,0,-6.93E+11,0,-1.59E+10,0,-6.93E+11,4.87E+08,-1.59E+10,4.87E+08,-4.16E+11,9.24E+09,-2.08E+08,-1.70E+10,-2.08E+08,2.46E+09,5.24E+08,-1.70E+10,5.24E+08,5.73E+09,1.59E+10,1.70E+10,1.59E+10,-4.16E+11,5.73E+09,11779.2,12656.1,3.67E-12
0.04125,5.49779,0.5,0.0291682,-0.0291682,-0.00591155,0.0408242,-0.0350797,0.0699924,0,-0.801144,-0.598472,-0.204121,0.598472,-0.801144,-0.0295578,0,0,1,-0.801144,-0.598472,-0.204121,0.598472,-0.801144,-0.0295578,0,0,1,0,0,0.0729204,0,0,0.0729204,0.0729204,0.0729204,0.0212695,-1.80114,0,-0.102061,0,-1.80114,-0.0147789,-0.102061,-0.0147789,0,-6.93E+11,0,-1.57E+10,0,-6.93E+11,-2.27E+09,-1.57E+10,-2.27E+09,-4.16E+11,9.10E+09,9.63E+08,-1.69E+10,9.63E+08,2.59E+09,-2.44E+09,-1.69E+10,-2.44E+09,5.73E+09,1.59E+10,1.70E+10,1.59E+10,-4.16E+11,5.73E+09,11779.2,12656.1,3.58E-12
0.04125,5.67232,0.5,0.03379,-0.02366,-0.0129108,0.0391775,-0.0467008,0.0628375,0,-0.801144,-0.598472,-0.195887,0.598472,-0.801144,-0.064554,0,0,1,-0.801144,-0.598472,-0.195887,0.598472,-0.801144,-0.064554,0,0,1,0,0,0.0591501,0,0,0.0844751,0.0591501,0.0844751,0.0212695,-1.80114,0,-0.0979437,0,-1.80114,-0.032277,-0.0979437,-0.032277,0,-6.93E+11,0,-1.51E+10,0,-6.93E+11,-4.97E+09,-1.51E+10,-4.97E+09,-4.16E+11,8.58E+09,2.02E+09,-1.62E+10,2.02E+09,3.12E+09,-5.34E+09,-1.62E+10,-5.34E+09,5.73E+09,1.59E+10,1.70E+10,1.59E+10,-4.16E+11,5.73E+09,11779.2,12656.1,3.98E-12
0.04125,5.84685,0.5,0.0373852,-0.017433,-0.0195177,0.0363403,-0.0569029,0.0537733,0,-0.801144,-0.598472,-0.181702,0.598472,-0.801144,-0.0975887,0,0,1,-0.801144,-0.598472,-0.181702,0.598472,-0.801144,-0.0975887,0,0,1,0,0,0.0435825,0,0,0.093463,0.0435825,0.093463,0.0212695,-1.80114,0,-0.0908508,0,-1.80114,-0.0487944,-0.0908508,-0.0487944,0,-6.93E+11,0,-1.40E+10,0,-6.93E+11,-7.51E+09,-1.40E+10,-7.51E+09,-4.16E+11,7.72E+09,2.83E+09,-1.50E+10,2.83E+09,3.97E+09,-8.07E+09,-1.50E+10,-8.07E+09,5.73E+09,1.59E+10,1.70E+10,1.59E+10,-4.16E+11,5.73E+09,11779.2,12656.1,4.37E-12
0.04125,6.02139,0.5,0.0398444,-0.0106763,-0.0255317,0.032399,-0.0653761,0.0430753,0,-0.801144,-0.598472,-0.161995,0.598472,-0.801144,-0.127658,0,0,1,-0.801144,-0.598472,-0.161995,0.598472,-0.801144,-0.127658,0,0,1,0,0,0.0266907,0,0,0.0996111,0.0266907,0.0996111,0.0212695,-1.80114,0,-0.0809976,0,-1.80114,-0.0638291,-0.0809976,-0.0638291,0,-6.93E+11,0,-1.25E+10,0,-6.93E+11,-9.82E+09,-1.25E+10,-9.82E+09,-4.16E+11,6.64E+09,3.30E+09,-1.34E+10,3.30E+09,5.05E+09,-1.06E+10,-1.34E+10,-1.06E+10,5.73E+09,1.59E+10,1.70E+10,1.59E+10,-4.16E+11,5.73E+09,11779.2,12656.1,5.43E-12
0.04125,6.19592,0.5,0.041093,-0.00359517,-0.0307698,0.0274733,-0.0718628,0.0310685,0,-0.801144,-0.598472,-0.137366,0.598472,-0.801144,-0.153849,0,0,1,-0.801144,-0.598472,-0.137366,0.598472,-0.801144,-0.153849,0,0,1,0,0,0.00898794,0,0,0.102733,0.00898794,0.102733,0.0212695,-1.80114,0,-0.0686832,0,-1.80114,-0.0769245,-0.0686832,-0.0769245,0,-6.93E+11,0,-1.06E+10,0,-6.93E+11,-1.18E+10,-1.06E+10,-1.18E+10,-4.16E+11,5.47E+09,3.37E+09,-1.14E+10,3.37E+09,6.23E+09,-1.27E+10,-1.14E+10,-1.27E+10,5.73E+09,1.59E+10,1.70E+10,1.59E+10,-4.16E+11,5.73E+09,11779.2,12656.1,3.83E-12
0.04375,0.0872665,0.5,0.0435835,0.00381306,-0.0371987,0.0230287,-0.0807822,0.0192156,0,-0.801144,-0.598472,-0.115144,0.598472,-0.801144,-0.185993,0,0,1,-0.801144,-0.598472,-0.115144,0.598472,-0.801144,-0.185993,0,0,1,0,0,-0.00953266,0,0,0.108959,-0.00953266,0.108959,0.0239258,-1.80114,0,-0.0575718,0,-1.80114,-0.0929967,-0.0575718,-0.0929967,0,-6.93E+11,0,-8.86E+09,0,-6.93E+11,-1.43E+10,-8.86E+09,-1.43E+10,-4.16E+11,4.89E+09,3.43E+09,-9.60E+09,3.43E+09,8.31E+09,-1.55E+10,-9.60E+09,-1.55E+10,6.44E+09,1.68E+10,1.82E+10,1.68E+10,-4.16E+11,6.44E+09,14053.3,15230.1,4.90E-12
0.04375,0.261799,0.5,0.0422593,0.0113233,-0.0406324,0.0162194,-0.0828917,0.00489604,0,-0.801144,-0.598472,-0.0810969,0.598472,-0.801144,-0.203162,0,0,1,-0.801144,-0.598472,-0.0810969,0.598472,-0.801144,-0.203162,0,0,1,0,0,-0.0283083,0,0,0.105648,-0.0283083,0.105648,0.0239258,-1.80114,0,-0.0405484,0,-1.80114,-0.101581,-0.0405484,-0.101581,0,-6.93E+11,0,-6.24E+09,0,-6.93E+11,-1.56E+10,-6.24E+09,-1.56E+10,-4.16E+11,3.81E+09,2.64E+09,-6.76E+09,2.64E+09,9.38E+09,-1.69E+10,-6.76E+09,-1.69E+10,6.44E+09,1.68E+10,1.82E+10,1.68E+10,-4.16E+11,6.44E+09,14053.3,15230.1,3.84E-12
0.04375,0.436332,0.5,0.039651,0.0184895,-0.0428316,0.00891721,-0.0824826,-0.00957233,0,-0.801144,-0.598472,-0.0445861,0.598472,-0.801144,-0.214158,0,0,1,-0.801144,-0.598472,-0.0445861,0.598472,-0.801144,-0.214158,0,0,1,0,0,-0.0462239,0,0,0.0991274,-0.0462239,0.0991274,0.0239258,-1.80114,0,-0.022293,0,-1.80114,-0.107079,-0.022293,-0.107079,0,-6.93E+11,0,-3.43E+09,0,-6.93E+11,-1.65E+10,-3.43E+09,-1.65E+10,-4.16E+11,3.08E+09,1.53E+09,-3.72E+09,1.53E+09,1.01E+10,-1.79E+10,-3.72E+09,-1.79E+10,6.44E+09,1.68E+10,1.82E+10,1.68E+10,-4.16E+11,6.44E+09,14053.3,15230.1,2.85E-12
0.04375,0.610865,0.5,0.0358379,0.025094,-0.0437293,0.00134411,-0.0795672,-0.0237499,0,-0.801144,-0.598472,-0.00672056,0.598472,-0.801144,-0.218647,0,0,1,-0.801144,-0.598472,-0.00672056,0.598472,-0.801144,-0.218647,0,0,1,0,0,-0.0627349,0,0,0.0895948,-0.0627349,0.0895948,0.0239258,-1.80114,0,-0.00336028,0,-1.80114,-0.109323,-0.00336028,-0.109323,0,-6.93E+11,0,-5.17E+08,0,-6.93E+11,-1.68E+10,-5.17E+08,-1.68E+10,-4.16E+11,2.77E+09,2.36E+08,-5.60E+08,2.36E+08,1.04E+10,-1.82E+10,-5.60E+08,-1.82E+10,6.44E+09,1.68E+10,1.82E+10,1.68E+10,-4.16E+11,6.44E+09,14053.3,15230.1,3.13E-12
0.04375,0.785398,0.5,0.0309359,0.0309359,-0.0432984,-0.00626983,-0.0742343,-0.0372058,0,-0.801144,-0.598472,0.0313491,0.598472,-0.801144,-0.216492,0,0,1,-0.801144,-0.598472,0.0313491,0.598472,-0.801144,-0.216492,0,0,1,0,0,-0.0773398,0,0,0.0773398,-0.0773398,0.0773398,0.0239258,-1.80114,0,0.0156746,0,-1.80114,-0.108246,0.0156746,-0.108246,0,-6.93E+11,0,2.41E+09,0,-6.93E+11,-1.67E+10,2.41E+09,-1.67E+10,-4.16E+11,2.92E+09,-1.09E+09,2.61E+09,-1.09E+09,1.03E+10,-1.80E+10,2.61E+09,-1.80E+10,6.44E+09,1.68E+10,1.82E+10,1.68E+10,-4.16E+11,6.44E+09,14053.3,15230.1,2.76E-12
0.04375,0.959931,0.5,0.025094,0.0358379,-0.0415519,-0.0136933,-0.0666458,-0.0495312,0,-0.801144,-0.598472,0.0684663,0.598472,-0.801144,-0.207759,0,0,1,-0.801144,-0.598472,0.0684663,0.598472,-0.801144,-0.207759,0,0,1,0,0,-0.0895948,0,0,0.0627349,-0.0895948,0.0627349,0.0239258,-1.80114,0,0.0342332,0,-1.80114,-0.10388,0.0342332,-0.10388,0,-6.93E+11,0,5.27E+09,0,-6.93E+11,-1.60E+10,5.27E+09,-1.60E+10,-4.16E+11,3.51E+09,-2.28E+09,5.71E+09,-2.28E+09,9.68E+09,-1.73E+10,5.71E+09,-1.73E+10,6.44E+09,1.68E+10,1.82E+10,1.68E+10,-4.16E+11,6.44E+09,14053.3,15230.1,5.36E-12
0.04375,1.13446,0.5,0.0184895,0.039651,-0.0385428,-0.0207006,-0.0570323,-0.0603516,0,-0.801144,-0.598472,0.103503,0.598472,-0.801144,-0.192714,0,0,1,-0.801144,-0.598472,0.103503,0.598472,-0.801144,-0.192714,0,0,1,0,0,-0.0991274,0,0,0.0462239,-0.0991274,0.0462239,0.0239258,-1.80114,0,0.0517516,0,-1.80114,-0.096357,0.0517516,-0.096357,0,-6.93E+11,0,7.96E+09,0,-6.93E+11,-1.48E+10,7.96E+09,-1.48E+10,-4.16E+11,4.48E+09,-3.20E+09,8.63E+09,-3.20E+09,8.71E+09,-1.61E+10,8.63E+09,-1.61E+10,6.44E+09,1.68E+10,1.82E+10,1.68E+10,-4.16E+11,6.44E+09,14053.3,15230.1,2.97E-12
0.04375,1.309,0.5,0.0113233,0.0422593,-0.0343626,-0.027079,-0.0456859,-0.0693383,0,-0.801144,-0.598472,0.135395,0.598472,-0.801144,-0.171813,0,0,1,-0.801144,-0.598472,0.135395,0.598472,-0.801144,-0.171813,0,0,1,0,0,-0.105648,0,0,0.0283083,-0.105648,0.0283083,0.0239258,-1.80114,0,0.0676976,0,-1.80114,-0.0859065,0.0676976,-0.0859065,0,-6.93E+11,0,1.04E+10,0,-6.93E+11,-1.32E+10,1.04E+10,-1.32E+10,-4.16E+11,5.70E+09,-3.73E+09,1.13E+10,-3.73E+09,7.49E+09,-1.43E+10,1.13E+10,-1.43E+10,6.44E+09,1.68E+10,1.82E+10,1.68E+10,-4.16E+11,6.44E+09,14053.3,15230.1,4.09E-12
0.04375,1.48353,0.5,0.00381306,0.0435835,-0.0291383,-0.0326346,-0.0329514,-0.0762182,0,-0.801144,-0.598472,0.163173,0.598472,-0.801144,-0.145692,0,0,1,-0.801144,-0.598472,0.163173,0.598472,-0.801144,-0.145692,0,0,1,0,0,-0.108959,0,0,0.00953266,-0.108959,0.00953266,0.0239258,-1.80114,0,0.0815866,0,-1.80114,-0.0728458,0.0815866,-0.0728458,0,-6.93E+11,0,1.26E+10,0,-6.93E+11,-1.12E+10,1.26E+10,-1.12E+10,-4.16E+11,7.03E+09,-3.81E+09,1.36E+10,-3.81E+09,6.16E+09,-1.21E+10,1.36E+10,-1.21E+10,6.44E+09,1.68E+10,1.82E+10,1.68E+10,-4.16E+11,6.44E+09,14053.3,15230.1,4.83E-12
0.04375,1.65806,0.5,-0.00381306,0.0435835,-0.0230287,-0.0371987,-0.0192156,-0.0807822,0,-0.801144,-0.598472,0.185993,0.598472,-0.801144,-0.115144,0,0,1,-0.801144,-0.598472,0.185993,0.598472,-0.801144,-0.115144,0,0,1,0,0,-0.108959,0,0,-0.00953266,-0.108959,-0.00953266,0.0239258,-1.80114,0,0.0929967,0,-1.80114,-0.0575718,0.0929967,-0.0575718,0,-6.93E+11,0,1.43E+10,0,-6.93E+11,-8.86E+09,1.43E+10,-8.86E+09,-4.16E+11,8.31E+09,-3.43E+09,1.55E+10,-3.43E+09,4.89E+09,-9.60E+09,1.55E+10,-9.60E+09,6.44E+09,1.68E+10,1.82E+10,1.68E+10,-4.16E+11,6.44E+09,14053.3,15230.1,4.93E-12
0.04375,1.8326,0.5,-0.0113233,0.0422593,-0.0162194,-0.0406324,-0.00489604,-0.0828917,0,-0.801144,-0.598472,0.203162,0.598472,-0.801144,-0.0810969,0,0,1,-0.801144,-0.598472,0.203162,0.598472,-0.801144,-0.0810969,0,0,1,0,0,-0.105648,0,0,-0.0283083,-0.105648,-0.0283083,0.0239258,-1.80114,0,0.101581,0,-1.80114,-0.0405484,0.101581,-0.0405484,0,-6.93E+11,0,1.56E+10,0,-6.93E+11,-6.24E+09,1.56E+10,-6.24E+09,-4.16E+11,9.38E+09,-2.64E+09,1.69E+10,-2.64E+09,3.81E+09,-6.76E+09,1.69E+10,-6.76E+09,6.44E+09,1.68E+10,1.82E+10,1.68E+10,-4.16E+11,6.44E+09,14053.3,15230.1,4.22E-12
0.04375,2.00713,0.5,-0.0184895,0.039651,-0.00891721,-0.0428316,0.00957233,-0.0824826,0,-0.801144,-0.598472,0.214158,0.598472,-0.801144,-0.0445861,0,0,1,-0.801144,-0.598472,0.214158,0.598472,-0.801144,-0.0445861,0,0,1,0,0,-0.0991274,0,0,-0.0462239,-0.0991274,-0.0462239,0.0239258,-1.80114,0,0.107079,0,-1.80114,-0.022293,0.107079,-0.022293,0,-6.93E+11,0,1.65E+10,0,-6.93E+11,-3.43E+09,1.65E+10,-3.43E+09,-4.16E+11,1.01E+10,-1.53E+09,1.79E+10,-1.53E+09,3.08E+09,-3.72E+09,1.79E+10,-3.72E+09,6.44E+09,1.68E+10,1.82E+10,1.68E+10,-4.16E+11,6.44E+09,14053.3,15230.1,3.85E-12
0.04375,2.18166,0.5,-0.025094,0.0358379,-0.00134411,-0.0437293,0.0237499,-0.0795672,0,-0.801144,-0.598472,0.218647,0.598472,-0.801144,-0.00672056,0,0,1,-0.801144,-0.598472,0.218647,0.598472,-0.801144,-0.00672056,0,0,1,0,0,-0.0895948,0,0,-0.0627349,-0.0895948,-0.0627349,0.0239258,-1.80114,0,0.109323,0,-1.80114,-0.00336028,0.109323,-0.00336028,0,-6.93E+11,0,1.68E+10,0,-6.93E+11,-5.17E+08,1.68E+10,-5.17E+08,-4.16E+11,1.04E+10,-2.36E+08,1.82E+10,-2.36E+08,2.77E+09,-5.60E+08,1.82E+10,-5.60E+08,6.44E+09,1.68E+10,1.82E+10,1.68E+10,-4.16E+11,6.44E+09,14053.3,15230.1,3.35E-12
0.04375,2.35619,0.5,-0.0309359,0.0309359,0.00626983,-0.0432984,0.0372058,-0.0742343,0,-0.801144,-0.598472,0.216492,0.598472,-0.801144,0.0313491,0,0,1,-0.801144,-0.598472,0.216492,0.598472,-0.801144,0.0313491,0,0,1,0,0,-0.0773398,0,0,-0.0773398,-0.0773398,-0.0773398,0.0239258,-1.80114,0,0.108246,0,-1.80114,0.0156746,0.108246,0.0156746,0,-6.93E+11,0,1.67E+10,0,-6.93E+11,2.41E+09,1.67E+10,2.41E+09,-4.16E+11,1.03E+10,1.09E+09,1.80E+10,1.09E+09,2.92E+09,2.61E+09,1.80E+10,2.61E+09,6.44E+09,1.68E+10,1.82E+10,1.68E+10,-4.16E+11,6.44E+09,14053.3,15230.1,2.76E-12
0.04375,2.53073,0.5,-0.0358379,0.025094,0.0136933,-0.0415519,0.0495312,-0.0666458,0,-0.801144,-0.598472,0.207759,0.598472,-0.801144,0.0684663,0,0,1,-0.801144,-0.598472,0.207759,0.598472,-0.801144,0.0684663,0,0,1,0,0,-0.0627349,0,0,-0.0895948,-0.0627349,-0.0895948,0.0239258,-1.80114,0,0.10388,0,-1.80114,0.0342332,0.10388,0.0342332,0,-6.93E+11,0,1.60E+10,0,-6.93E+11,5.27E+09,1.60E+10,5.27E+09,-4.16E+11,9.68E+09,2.28E+09,1.73E+10,2.28E+09,3.51E+09,5.71E+09,1.73E+10,5.71E+09,6.44E+09,1.68E+10,1.82E+10,1.68E+10,-4.16E+11,6.44E+09,14053.3,15230.1,3.39E-12
0.04375,2.70526,0.5,-0.039651,0.0184895,0.0207006,-0.0385428,0.0603516,-0.0570323,0,-0.801144,-0.598472,0.192714,0.598472,-0.801144,0.103503,0,0,1,-0.801144,-0.598472,0.192714,0.598472,-0.801144,0.103503,0,0,1,0,0,-0.0462239,0,0,-0.0991274,-0.0462239,-0.0991274,0.0239258,-1.80114,0,0.096357,0,-1.80114,0.0517516,0.096357,0.0517516,0,-6.93E+11,0,1.48E+10,0,-6.93E+11,7.96E+09,1.48E+10,7.96E+09,-4.16E+11,8.71E+09,3.20E+09,1.61E+10,3.20E+09,4.48E+09,8.63E+09,1.61E+10,8.63E+09,6.44E+09,1.68E+10,1.82E+10,1.68E+10,-4.16E+11,6.44E+09,14053.3,15230.1,2.97E-12
0.04375,2.87979,0.5,-0.0422593,0.0113233,0.027079,-0.0343626,0.0693383,-0.0456859,0,-0.801144,-0.598472,0.171813,0.598472,-0.801144,0.135395,0,0,1,-0.801144,-0.598472,0.171813,0.598472,-0.801144,0.135395,0,0,1,0,0,-0.0283083,0,0,-0.105648,-0.0283083,-0.105648,0.0239258,-1.80114,0,0.0859065,0,-1.80114,0.0676976,0.0859065,0.0676976,0,-6.93E+11,0,1.32E+10,0,-6.93E+11,1.04E+10,1.32E+10,1.04E+10,-4.16E+11,7.49E+09,3.73E+09,1.43E+10,3.73E+09,5.70E+09,1.13E+10,1.43E+10,1.13E+10,6.44E+09,1.68E+10,1.82E+10,1.68E+10,-4.16E+11,6.44E+09,14053.3,15230.1,3.47E-12
0.04375,3.05433,0.5,-0.0435835,0.00381306,0.0326346,-0.0291383,0.0762182,-0.0329514,0,-0.801144,-0.598472,0.145692,0.598472,-0.801144,0.163173,0,0,1,-0.801144,-0.598472,0.145692,0.598472,-0.801144,0.163173,0,0,1,0,0,-0.00953266,0,0,-0.108959,-0.00953266,-0.108959,0.0239258,-1.80114,0,0.0728458,0,-1.80114,0.0815866,0.0728458,0.0815866,0,-6.93E+11,0,1.12E+10,0,-6.93E+11,1.26E+10,1.12E+10,1.26E+10,-4.16E+11,6.16E+09,3.81E+09,1.21E+10,3.81E+09,7.03E+09,1.36E+10,1.21E+10,1.36E+10,6.44E+09,1.68E+10,1.82E+10,1.68E+10,-4.16E+11,6.44E+09,14053.3,15230.1,4.44E-12
0.04375,3.22886,0.5,-0.0435835,-0.00381306,0.0371987,-0.0230287,0.0807822,-0.0192156,0,-0.801144,-0.598472,0.115144,0.598472,-0.801144,0.185993,0,0,1,-0.801144,-0.598472,0.115144,0.598472,-0.801144,0.185993,0,0,1,0,0,0.00953266,0,0,-0.108959,0.00953266,-0.108959,0.0239258,-1.80114,0,0.0575718,0,-1.80114,0.0929967,0.0575718,0.0929967,0,-6.93E+11,0,8.86E+09,0,-6.93E+11,1.43E+10,8.86E+09,1.43E+10,-4.16E+11,4.89E+09,3.43E+09,9.60E+09,3.43E+09,8.31E+09,1.55E+10,9.60E+09,1.55E+10,6.44E+09,1.68E+10,1.82E+10,1.68E+10,-4.16E+11,6.44E+09,14053.3,15230.1,4.50E-12
0.04375,3.40339,0.5,-0.0422593,-0.0113233,0.0406324,-0.0162194,0.0828917,-0.00489604,0,-0.801144,-0.598472,0.0810969,0.598472,-0.801144,0.203162,0,0,1,-0.801144,-0.598472,0.0810969,0.598472,-0.801144,0.203162,0,0,1,0,0,0.0283083,0,0,-0.105648,0.0283083,-0.105648,0.0239258,-1.80114,0,0.0405484,0,-1.80114,0.101581,0.0405484,0.101581,0,-6.93E+11,0,6.24E+09,0,-6.93E+11,1.56E+10,6.24E+09,1.56E+10,-4.16E+11,3.81E+09,2.64E+09,6.76E+09,2.64E+09,9.38E+09,1.69E+10,6.76E+09,1.69E+10,6.44E+09,1.68E+10,1.82E+10,1.68E+10,-4.16E+11,6.44E+09,14053.3,15230.1,4.43E-12
0.04375,3.57792,0.5,-0.039651,-0.0184895,0.0428316,-0.00891721,0.0824826,0.00957233,0,-0.801144,-0.598472,0.0445861,0.598472,-0.801144,0.214158,0,0,1,-0.801144,-0.598472,0.0445861,0.598472,-0.801144,0.214158,0,0,1,0,0,0.0462239,0,0,-0.0991274,0.0462239,-0.0991274,0.0239258,-1.80114,0,0.022293,0,-1.80114,0.107079,0.022293,0.107079,0,-6.93E+11,0,3.43E+09,0,-6.93E+11,1.65E+10,3.43E+09,1.65E+10,-4.16E+11,3.08E+09,1.53E+09,3.72E+09,1.53E+09,1.01E+10,1.79E+10,3.72E+09,1.79E+10,6.44E+09,1.68E+10,1.82E+10,1.68E+10,-4.16E+11,6.44E+09,14053.3,15230.1,3.85E-12
0.04375,3.75246,0.5,-0.0358379,-0.025094,0.0437293,-0.00134411,0.0795672,0.0237499,0,-0.801144,-0.598472,0.00672056,0.598472,-0.801144,0.218647,0,0,1,-0.801144,-0.598472,0.00672056,0.598472,-0.801144,0.218647,0,0,1,0,0,0.0627349,0,0,-0.0895948,0.0627349,-0.0895948,0.0239258,-1.80114,0,0.00336028,0,-1.80114,0.109323,0.00336028,0.109323,0,-6.93E+11,0,5.17E+08,0,-6.93E+11,1.68E+10,5.17E+08,1.68E+10,-4.16E+11,2.77E+09,2.36E+08,5.60E+08,2.36E+08,1.04E+10,1.82E+10,5.60E+08,1.82E+10,6.44E+09,1.68E+10,1.82E+10,1.68E+10,-4.16E+11,6.44E+09,14053.3,15230.1,3.35E-12
0.04375,3.92699,0.5,-0.0309359,-0.0309359,0.0432984,0.00626983,0.0742343,0.0372058,0,-0.801144,-0.598472,-0.0313491,0.598472,-0.801144,0.216492,0,0,1,-0.801144,-0.598472,-0.0313491,0.598472,-0.801144,0.216492,0,0,1,0,0,0.0773398,0,0,-0.0773398,0.0773398,-0.0773398,0.0239258,-1.80114,0,-0.0156746,0,-1.80114,0.108246,-0.0156746,0.108246,0,-6.93E+11,0,-2.41E+09,0,-6.93E+11,1.67E+10,-2.41E+09,1.67E+10,-4.16E+11,2.92E+09,-1.09E+09,-2.61E+09,-1.09E+09,1.03E+10,1.80E+10,-2.61E+09,1.80E+10,6.44E+09,1.68E+10,1.82E+10,1.68E+10,-4.16E+11,6.44E+09,14053.3,15230.1,4.87E-12
0.04375,4.10152,0.5,-0.025094,-0.0358379,0.0415519,0.0136933,0.0666458,0.0495312,0,-0.801144,-0.598472,-0.0684663,0.598472,-0.801144,0.207759,0,0,1,-0.801144,-0.598472,-0.0684663,0.598472,-0.801144,0.207759,0,0,1,0,0,0.0895948,0,0,-0.0627349,0.0895948,-0.0627349,0.0239258,-1.80114,0,-0.0342332,0,-1.80114,0.10388,-0.0342332,0.10388,0,-6.93E+11,0,-5.27E+09,0,-6.93E+11,1.60E+10,-5.27E+09,1.60E+10,-4.16E+11,3.51E+09,-2.28E+09,-5.71E+09,-2.28E+09,9.68E+09,1.73E+10,-5.71E+09,1.73E+10,6.44E+09,1.68E+10,1.82E+10,1.68E+10,-4.16E+11,6.44E+09,14053.3,15230.1,3.39E-12
0.04375,4.27606,0.5,-0.0184895,-0.039651,0.0385428,0.0207006,0.0570323,0.0603516,0,-0.801144,-0.598472,-0.103503,0.598472,-0.801144,0.192714,0,0,1,-0.801144,-0.598472,-0.103503,0.598472,-0.801144,0.192714,0,0,1,0,0,0.0991274,0,0,-0.0462239,0.0991274,-0.0462239,0.0239258,-1.80114,0,-0.0517516,0,-1.80114,0.096357,-0.0517516,0.096357,0,-6.93E+11,0,-7.96E+09,0,-6.93E+11,1.48E+10,-7.96E+09,1.48E+10,-4.16E+11,4.48E+09,-3.20E+09,-8.63E+09,-3.20E+09,8.71E+09,1.61E+10,-8.63E+09,1.61E+10,6.44E+09,1.68E+10,1.82E+10,1.68E+10,-4.16E+11,6.44E+09,14053.3,15230.1,3.79E-12
0.04375,4.45059,0.5,-0.0113233,-0.0422593,0.0343626,0.027079,0.0456859,0.0693383,0,-0.801144,-0.598472,-0.135395,0.598472,-0.801144,0.171813,0,0,1,-0.801144,-0.598472,-0.135395,0.598472,-0.801144,0.171813,0,0,1,0,0,0.105648,0,0,-0.0283083,0.105648,-0.0283083,0.0239258,-1.80114,0,-0.0676976,0,-1.80114,0.0859065,-0.0676976,0.0859065,0,-6.93E+11,0,-1.04E+10,0,-6.93E+11,1.32E+10,-1.04E+10,1.32E+10,-4.16E+11,5.70E+09,-3.73E+09,-1.13E+10,-3.73E+09,7.49E+09,1.43E+10,-1.13E+10,1.43E+10,6.44E+09,1.68E+10,1.82E+10,1.68E+10,-4.16E+11,6.44E+09,14053.3,15230.1,4.26E-12
0.04375,4.62512,0.5,-0.00381306,-0.0435835,0.0291383,0.0326346,0.0329514,0.0762182,0,-0.801144,-0.598472,-0.163173,0.598472,-0.801144,0.145692,0,0,1,-0.801144,-0.598472,-0.163173,0.598472,-0.801144,0.145692,0,0,1,0,0,0.108959,0,0,-0.00953266,0.108959,-0.00953266,0.0239258,-1.80114,0,-0.0815866,0,-1.80114,0.0728458,-0.0815866,0.0728458,0,-6.93E+11,0,-1.26E+10,0,-6.93E+11,1.12E+10,-1.26E+10,1.12E+10,-4.16E+11,7.03E+09,-3.81E+09,-1.36E+10,-3.81E+09,6.16E+09,1.21E+10,-1.36E+10,1.21E+10,6.44E+09,1.68E+10,1.82E+10,1.68E+10,-4.16E+11,6.44E+09,14053.3,15230.1,4.44E-12
0.04375,4.79966,0.5,0.00381306,-0.0435835,0.0230287,0.0371987,0.0192156,0.0807822,0,-0.801144,-0.598472,-0.185993,0.598472,-0.801144,0.115144,0,0,1,-0.801144,-0.598472,-0.185993,0.598472,-0.801144,0.115144,0,0,1,0,0,0.108959,0,0,0.00953266,0.108959,0.00953266,0.0239258,-1.80114,0,-0.0929967,0,-1.80114,0.0575718,-0.0929967,0.0575718,0,-6.93E+11,0,-1.43E+10,0,-6.93E+11,8.86E+09,-1.43E+10,8.86E+09,-4.16E+11,8.31E+09,-3.43E+09,-1.55E+10,-3.43E+09,4.89E+09,9.60E+09,-1.55E+10,9.60E+09,6.44E+09,1.68E+10,1.82E+10,1.68E+10,-4.16E+11,6.44E+09,14053.3,15230.1,4.75E-12
0.04375,4.97419,0.5,0.0113233,-0.0422593,0.0162194,0.0406324,0.00489604,0.0828917,0,-0.801144,-0.598472,-0.203162,0.598472,-0.801144,0.0810969,0,0,1,-0.801144,-0.598472,-0.203162,0.598472,-0.801144,0.0810969,0,0,1,0,0,0.105648,0,0,0.0283083,0.105648,0.0283083,0.0239258,-1.80114,0,-0.101581,0,-1.80114,0.0405484,-0.101581,0.0405484,0,-6.93E+11,0,-1.56E+10,0,-6.93E+11,6.24E+09,-1.56E+10,6.24E+09,-4.16E+11,9.38E+09,-2.64E+09,-1.69E+10,-2.64E+09,3.81E+09,6.76E+09,-1.69E+10,6.76E+09,6.44E+09,1.68E+10,1.82E+10,1.68E+10,-4.16E+11,6.44E+09,14053.3,15230.1,3.53E-12
0.04375,5.14872,0.5,0.0184895,-0.039651,0.00891721,0.0428316,-0.00957233,0.0824826,0,-0.801144,-0.598472,-0.214158,0.598472,-0.801144,0.0445861,0,0,1,-0.801144,-0.598472,-0.214158,0.598472,-0.801144,0.0445861,0,0,1,0,0,0.0991274,0,0,0.0462239,0.0991274,0.0462239,0.0239258,-1.80114,0,-0.107079,0,-1.80114,0.022293,-0.107079,0.022293,0,-6.93E+11,0,-1.65E+10,0,-6.93E+11,3.43E+09,-1.65E+10,3.43E+09,-4.16E+11,1.01E+10,-1.53E+09,-1.79E+10,-1.53E+09,3.08E+09,3.72E+09,-1.79E+10,3.72E+09,6.44E+09,1.68E+10,1.82E+10,1.68E+10,-4.16E+11,6.44E+09,14053.3,15230.1,5.92E-12
0.04375,5.32325,0.5,0.025094,-0.0358379,0.00134411,0.0437293,-0.0237499,0.0795672,0,-0.801144,-0.598472,-0.218647,0.598472,-0.801144,0.00672056,0,0,1,-0.801144,-0.598472,-0.218647,0.598472,-0.801144,0.00672056,0,0,1,0,0,0.0895948,0,0,0.0627349,0.0895948,0.0627349,0.0239258,-1.80114,0,-0.109323,0,-1.80114,0.00336028,-0.109323,0.00336028,0,-6.93E+11,0,-1.68E+10,0,-6.93E+11,5.17E+08,-1.68E+10,5.17E+08,-4.16E+11,1.04E+10,-2.36E+08,-1.82E+10,-2.36E+08,2.77E+09,5.60E+08,-1.82E+10,5.60E+08,6.44E+09,1.68E+10,1.82E+10,1.68E+10,-4.16E+11,6.44E+09,14053.3,15230.1,3.13E-12
0.04375,5.49779,0.5,0.0309359,-0.0309359,-0.00626983,0.0432984,-0.0372058,0.0742343,0,-0.801144,-0.598472,-0.216492,0.598472,-0.801144,-0.0313491,0,0,1,-0.801144,-0.598472,-0.216492,0.598472,-0.801144,-0.0313491,0,0,1,0,0,0.0773398,0,0,0.0773398,0.0773398,0.0773398,0.0239258,-1.80114,0,-0.108246,0,-1.80114,-0.0156746,-0.108246,-0.0156746,0,-6.93E+11,0,-1.67E+10,0,-6.93E+11,-2.41E+09,-1.67E+10,-2.41E+09,-4.16E+11,1.03E+10,1.09E+09,-1.80E+10,1.09E+09,2.92E+09,-2.61E+09,-1.80E+10,-2.61E+09,6.44E+09,1.68E+10,1.82E+10,1.68E+10,-4.16E+11,6.44E+09,14053.3,15230.1,5.28E-12
0.04375,5.67232,0.5,0.0358379,-0.025094,-0.0136933,0.0415519,-0.0495312,0.0666458,0,-0.801144,-0.598472,-0.207759,0.598472,-0.801144,-0.0684663,0,0,1,-0.801144,-0.598472,-0.207759,0.598472,-0.801144,-0.0684663,0,0,1,0,0,0.0627349,0,0,0.0895948,0.0627349,0.0895948,0.0239258,-1.80114,0,-0.10388,0,-1.80114,-0.0342332,-0.10388,-0.0342332,0,-6.93E+11,0,-1.60E+10,0,-6.93E+11,-5.27E+09,-1.60E+10,-5.27E+09,-4.16E+11,9.68E+09,2.28E+09,-1.73E+10,2.28E+09,3.51E+09,-5.71E+09,-1.73E+10,-5.71E+09,6.44E+09,1.68E+10,1.82E+10,1.68E+10,-4.16E+11,6.44E+09,14053.3,15230.1,4.59E-12
0.04375,5.84685,0.5,0.039651,-0.0184895,-0.0207006,0.0385428,-0.0603516,0.0570323,0,-0.801144,-0.598472,-0.192714,0.598472,-0.801144,-0.103503,0,0,1,-0.801144,-0.598472,-0.192714,0.598472,-0.801144,-0.103503,0,0,1,0,0,0.0462239,0,0,0.0991274,0.0462239,0.0991274,0.0239258,-1.80114,0,-0.096357,0,-1.80114,-0.0517516,-0.096357,-0.0517516,0,-6.93E+11,0,-1.48E+10,0,-6.93E+11,-7.96E+09,-1.48E+10,-7.96E+09,-4.16E+11,8.71E+09,3.20E+09,-1.61E+10,3.20E+09,4.48E+09,-8.63E+09,-1.61E+10,-8.63E+09,6.44E+09,1.68E+10,1.82E+10,1.68E+10,-4.16E+11,6.44E+09,14053.3,15230.1,4.58E-12
0.04375,6.02139,0.5,0.0422593,-0.0113233,-0.027079,0.0343626,-0.0693383,0.0456859,0,-0.801144,-0.598472,-0.171813,0.598472,-0.801144,-0.135395,0,0,1,-0.801144,-0.598472,-0.171813,0.598472,-0.801144,-0.135395,0,0,1,0,0,0.0283083,0,0,0.105648,0.0283083,0.105648,0.0239258,-1.80114,0,-0.0859065,0,-1.80114,-0.0676976,-0.0859065,-0.0676976,0,-6.93E+11,0,-1.32E+10,0,-6.93E+11,-1.04E+10,-1.32E+10,-1.04E+10,-4.16E+11,7.49E+09,3.73E+09,-1.43E+10,3.73E+09,5.70E+09,-1.13E+10,-1.43E+10,-1.13E+10,6.44E+09,1.68E+10,1.82E+10,1.68E+10,-4.16E+11,6.44E+09,14053.3,15230.1,3.19E-12
0.04375,6.19592,0.5,0.0435835,-0.00381306,-0.0326346,0.0291383,-0.0762182,0.0329514,0,-0.801144,-0.598472,-0.145692,0.598472,-0.801144,-0.163173,0,0,1,-0.801144,-0.598472,-0.145692,0.598472,-0.801144,-0.163173,0,0,1,0,0,0.00953266,0,0,0.108959,0.00953266,0.108959,0.0239258,-1.80114,0,-0.0728458,0,-1.80114,-0.0815866,-0.0728458,-0.0815866,0,-6.93E+11,0,-1.12E+10,0,-6.93E+11,-1.26E+10,-1.12E+10,-1.26E+10,-4.16E+11,6.16E+09,3.81E+09,-1.21E+10,3.81E+09,7.03E+09,-1.36E+10,-1.21E+10,-1.36E+10,6.44E+09,1.68E+10,1.82E+10,1.68E+10,-4.16E+11,6.44E+09,14053.3,15230.1,5.26E-12
0.04625,0.0872665,0.5,0.046074,0.00403095,-0.0393243,0.0243446,-0.0853983,0.0203137,0,-0.801144,-0.598472,-0.121723,0.598472,-0.801144,-0.196622,0,0,1,-0.801144,-0.598472,-0.121723,0.598472,-0.801144,-0.196622,0,0,1,0,0,-0.0100774,0,0,0.115185,-0.0100774,0.115185,0.0267383,-1.80114,0,-0.0608616,0,-1.80114,-0.0983108,-0.0608616,-0.0983108,0,-6.93E+11,0,-9.36E+09,0,-6.93E+11,-1.51E+10,-9.36E+09,-1.51E+10,-4.16E+11,5.47E+09,3.85E+09,-1.02E+10,3.85E+09,9.31E+09,-1.65E+10,-1.02E+10,-1.65E+10,7.20E+09,1.78E+10,1.95E+10,1.78E+10,-4.16E+11,7.20E+09,16602.7,18156.5,2.58E-12
0.04625,0.261799,0.5,0.0446741,0.0119704,-0.0429543,0.0171462,-0.0876284,0.00517581,0,-0.801144,-0.598472,-0.085731,0.598472,-0.801144,-0.214771,0,0,1,-0.801144,-0.598472,-0.085731,0.598472,-0.801144,-0.214771,0,0,1,0,0,-0.029926,0,0,0.111685,-0.029926,0.111685,0.0267383,-1.80114,0,-0.0428655,0,-1.80114,-0.107386,-0.0428655,-0.107386,0,-6.93E+11,0,-6.59E+09,0,-6.93E+11,-1.65E+10,-6.59E+09,-1.65E+10,-4.16E+11,4.27E+09,2.97E+09,-7.21E+09,2.97E+09,1.05E+10,-1.81E+10,-7.21E+09,-1.81E+10,7.20E+09,1.78E+10,1.95E+10,1.78E+10,-4.16E+11,7.20E+09,16602.7,18156.5,3.51E-12
0.04625,0.436332,0.5,0.0419167,0.0195461,-0.0452791,0.00942677,-0.0871959,-0.0101193,0,-0.801144,-0.598472,-0.0471338,0.598472,-0.801144,-0.226396,0,0,1,-0.801144,-0.598472,-0.0471338,0.598472,-0.801144,-0.226396,0,0,1,0,0,-0.0488652,0,0,0.104792,-0.0488652,0.104792,0.0267383,-1.80114,0,-0.0235669,0,-1.80114,-0.113198,-0.0235669,-0.113198,0,-6.93E+11,0,-3.63E+09,0,-6.93E+11,-1.74E+10,-3.63E+09,-1.74E+10,-4.16E+11,3.44E+09,1.72E+09,-3.96E+09,1.72E+09,1.13E+10,-1.90E+10,-3.96E+09,-1.90E+10,7.20E+09,1.78E+10,1.95E+10,1.78E+10,-4.16E+11,7.20E+09,16602.7,18156.5,4.14E-12
0.04625,0.610865,0.5,0.0378858,0.0265279,-0.0462282,0.00142092,-0.0841139,-0.025107,0,-0.801144,-0.598472,-0.0071046,0.598472,-0.801144,-0.231141,0,0,1,-0.801144,-0.598472,-0.0071046,0.598472,-0.801144,-0.231141,0,0,1,0,0,-0.0663198,0,0,0.0947145,-0.0663198,0.0947145,0.0267383,-1.80114,0,-0.0035523,0,-1.80114,-0.11557,-0.0035523,-0.11557,0,-6.93E+11,0,-5.47E+08,0,-6.93E+11,-1.78E+10,-5.47E+08,-1.78E+10,-4.16E+11,3.09E+09,2.64E+08,-5.98E+08,2.64E+08,1.17E+10,-1.94E+10,-5.98E+08,-1.94E+10,7.20E+09,1.78E+10,1.95E+10,1.78E+10,-4.16E+11,7.20E+09,16602.7,18156.5,3.98E-12
0.04625,0.785398,0.5,0.0327037,0.0327037,-0.0457726,-0.0066281,-0.0784763,-0.0393318,0,-0.801144,-0.598472,0.0331405,0.598472,-0.801144,-0.228863,0,0,1,-0.801144,-0.598472,0.0331405,0.598472,-0.801144,-0.228863,0,0,1,0,0,-0.0817592,0,0,0.0817592,-0.0817592,0.0817592,0.0267383,-1.80114,0,0.0165703,0,-1.80114,-0.114431,0.0165703,-0.114431,0,-6.93E+11,0,2.55E+09,0,-6.93E+11,-1.76E+10,2.55E+09,-1.76E+10,-4.16E+11,3.26E+09,-1.22E+09,2.79E+09,-1.22E+09,1.15E+10,-1.93E+10,2.79E+09,-1.93E+10,7.20E+09,1.78E+10,1.95E+10,1.78E+10,-4.16E+11,7.20E+09,16602.7,18156.5,4.13E-12
0.04625,0.959931,0.5,0.0265279,0.0378858,-0.0439263,-0.0144757,-0.0704542,-0.0523615,0,-0.801144,-0.598472,0.0723787,0.598472,-0.801144,-0.219631,0,0,1,-0.801144,-0.598472,0.0723787,0.598472,-0.801144,-0.219631,0,0,1,0,0,-0.0947145,0,0,0.0663198,-0.0947145,0.0663198,0.0267383,-1.80114,0,0.0361893,0,-1.80114,-0.109816,0.0361893,-0.109816,0,-6.93E+11,0,5.57E+09,0,-6.93E+11,-1.69E+10,5.57E+09,-1.69E+10,-4.16E+11,3.93E+09,-2.56E+09,6.09E+09,-2.56E+09,1.09E+10,-1.85E+10,6.09E+09,-1.85E+10,7.20E+09,1.78E+10,1.95E+10,1.78E+10,-4.16E+11,7.20E+09,16602.7,18156.5,4.20E-12
0.04625,1.13446,0.5,0.0195461,0.0419167,-0.0407452,-0.0218835,-0.0602913,-0.0638003,0,-0.801144,-0.598472,0.109418,0.598472,-0.801144,-0.203726,0,0,1,-0.801144,-0.598472,0.109418,0.598472,-0.801144,-0.203726,0,0,1,0,0,-0.104792,0,0,0.0488652,-0.104792,0.0488652,0.0267383,-1.80114,0,0.0547088,0,-1.80114,-0.101863,0.0547088,-0.101863,0,-6.93E+11,0,8.42E+09,0,-6.93E+11,-1.57E+10,8.42E+09,-1.57E+10,-4.16E+11,5.01E+09,-3.59E+09,9.20E+09,-3.59E+09,9.77E+09,-1.71E+10,9.20E+09,-1.71E+10,7.20E+09,1.78E+10,1.95E+10,1.78E+10,-4.16E+11,7.20E+09,16602.7,18156.5,2.80E-12
0.04625,1.309,0.5,0.0119704,0.0446741,-0.0363262,-0.0286264,-0.0482966,-0.0733005,0,-0.801144,-0.598472,0.143132,0.598472,-0.801144,-0.181631,0,0,1,-0.801144,-0.598472,0.143132,0.598472,-0.801144,-0.181631,0,0,1,0,0,-0.111685,0,0,0.029926,-0.111685,0.029926,0.0267383,-1.80114,0,0.071566,0,-1.80114,-0.0908155,0.071566,-0.0908155,0,-6.93E+11,0,1.10E+10,0,-6.93E+11,-1.40E+10,1.10E+10,-1.40E+10,-4.16E+11,6.38E+09,-4.19E+09,1.20E+10,-4.19E+09,8.40E+09,-1.53E+10,1.20E+10,-1.53E+10,7.20E+09,1.78E+10,1.95E+10,1.78E+10,-4.16E+11,7.20E+09,16602.7,18156.5,4.28E-12
0.04625,1.48353,0.5,0.00403095,0.046074,-0.0308034,-0.0344995,-0.0348343,-0.0805735,0,-0.801144,-0.598472,0.172497,0.598472,-0.801144,-0.154017,0,0,1,-0.801144,-0.598472,0.172497,0.598472,-0.801144,-0.154017,0,0,1,0,0,-0.115185,0,0,0.0100774,-0.115185,0.0100774,0.0267383,-1.80114,0,0.0862487,0,-1.80114,-0.0770085,0.0862487,-0.0770085,0,-6.93E+11,0,1.33E+10,0,-6.93E+11,-1.18E+10,1.33E+10,-1.18E+10,-4.16E+11,7.88E+09,-4.28E+09,1.45E+10,-4.28E+09,6.91E+09,-1.30E+10,1.45E+10,-1.30E+10,7.20E+09,1.78E+10,1.95E+10,1.78E+10,-4.16E+11,7.20E+09,16602.7,18156.5,2.99E-12
0.04625,1.65806,0.5,-0.00403095,0.046074,-0.0243446,-0.0393243,-0.0203137,-0.0853983,0,-0.801144,-0.598472,0.196622,0.598472,-0.801144,-0.121723,0,0,1,-0.801144,-0.598472,0.196622,0.598472,-0.801144,-0.121723,0,0,1,0,0,-0.115185,0,0,-0.0100774,-0.115185,-0.0100774,0.0267383,-1.80114,0,0.0983108,0,-1.80114,-0.0608616,0.0983108,-0.0608616,0,-6.93E+11,0,1.51E+10,0,-6.93E+11,-9.36E+09,1.51E+10,-9.36E+09,-4.16E+11,9.31E+09,-3.85E+09,1.65E+10,-3.85E+09,5.47E+09,-1.02E+10,1.65E+10,-1.02E+10,7.20E+09,1.78E+10,1.95E+10,1.78E+10,-4.16E+11,7.20E+09,16602.7,18156.5,3.72E-12
0.04625,1.8326,0.5,-0.0119704,0.0446741,-0.0171462,-0.0429543,-0.00517581,-0.0876284,0,-0.801144,-0.598472,0.214771,0.598472,-0.801144,-0.085731,0,0,1,-0.801144,-0.598472,0.214771,0.598472,-0.801144,-0.085731,0,0,1,0,0,-0.111685,0,0,-0.029926,-0.111685,-0.029926,0.0267383,-1.80114,0,0.107386,0,-1.80114,-0.0428655,0.107386,-0.0428655,0,-6.93E+11,0,1.65E+10,0,-6.93E+11,-6.59E+09,1.65E+10,-6.59E+09,-4.16E+11,1.05E+10,-2.97E+09,1.81E+10,-2.97E+09,4.27E+09,-7.21E+09,1.81E+10,-7.21E+09,7.20E+09,1.78E+10,1.95E+10,1.78E+10,-4.16E+11,7.20E+09,16602.7,18156.5,5.11E-12
0.04625,2.00713,0.5,-0.0195461,0.0419167,-0.00942677,-0.0452791,0.0101193,-0.0871959,0,-0.801144,-0.598472,0.226396,0.598472,-0.801144,-0.0471338,0,0,1,-0.801144,-0.598472,0.226396,0.598472,-0.801144,-0.0471338,0,0,1,0,0,-0.104792,0,0,-0.0488652,-0.104792,-0.0488652,0.0267383,-1.80114,0,0.113198,0,-1.80114,-0.0235669,0.113198,-0.0235669,0,-6.93E+11,0,1.74E+10,0,-6.93E+11,-3.63E+09,1.74E+10,-3.63E+09,-4.16E+11,1.13E+10,-1.72E+09,1.90E+10,-1.72E+09,3.44E+09,-3.96E+09,1.90E+10,-3.96E+09,7.20E+09,1.78E+10,1.95E+10,1.78E+10,-4.16E+11,7.20E+09,16602.7,18156.5,3.41E-12
0.04625,2.18166,0.5,-0.0265279,0.0378858,-0.00142092,-0.0462282,0.025107,-0.0841139,0,-0.801144,-0.598472,0.231141,0.598472,-0.801144,-0.0071046,0,0,1,-0.801144,-0.598472,0.231141,0.598472,-0.801144,-0.0071046,0,0,1,0,0,-0.0947145,0,0,-0.0663198,-0.0947145,-0.0663198,0.0267383,-1.80114,0,0.11557,0,-1.80114,-0.0035523,0.11557,-0.0035523,0,-6.93E+11,0,1.78E+10,0,-6.93E+11,-5.47E+08,1.78E+10,-5.47E+08,-4.16E+11,1.17E+10,-2.64E+08,1.94E+10,-2.64E+08,3.09E+09,-5.98E+08,1.94E+10,-5.98E+08,7.20E+09,1.78E+10,1.95E+10,1.78E+10,-4.16E+11,7.20E+09,16602.7,18156.5,6.02E-12
0.04625,2.35619,0.5,-0.0327037,0.0327037,0.0066281,-0.0457726,0.0393318,-0.0784763,0,-0.801144,-0.598472,0.228863,0.598472,-0.801144,0.0331405,0,0,1,-0.801144,-0.598472,0.228863,0.598472,-0.801144,0.0331405,0,0,1,0,0,-0.0817592,0,0,-0.0817592,-0.0817592,-0.0817592,0.0267383,-1.80114,0,0.114431,0,-1.80114,0.0165703,0.114431,0.0165703,0,-6.93E+11,0,1.76E+10,0,-6.93E+11,2.55E+09,1.76E+10,2.55E+09,-4.16E+11,1.15E+10,1.22E+09,1.93E+10,1.22E+09,3.26E+09,2.79E+09,1.93E+10,2.79E+09,7.20E+09,1.78E+10,1.95E+10,1.78E+10,-4.16E+11,7.20E+09,16602.7,18156.5,4.13E-12
0.04625,2.53073,0.5,-0.0378858,0.0265279,0.0144757,-0.0439263,0.0523615,-0.0704542,0,-0.801144,-0.598472,0.219631,0.598472,-0.801144,0.0723787,0,0,1,-0.801144,-0.598472,0.219631,0.598472,-0.801144,0.0723787,0,0,1,0,0,-0.0663198,0,0,-0.0947145,-0.0663198,-0.0947145,0.0267383,-1.80114,0,0.109816,0,-1.80114,0.0361893,0.109816,0.0361893,0,-6.93E+11,0,1.69E+10,0,-6.93E+11,5.57E+09,1.69E+10,5.57E+09,-4.16E+11,1.09E+10,2.56E+09,1.85E+10,2.56E+09,3.93E+09,6.09E+09,1.85E+10,6.09E+09,7.20E+09,1.78E+10,1.95E+10,1.78E+10,-4.16E+11,7.20E+09,16602.7,18156.5,4.44E-12
0.04625,2.70526,0.5,-0.0419167,0.0195461,0.0218835,-0.0407452,0.0638003,-0.0602913,0,-0.801144,-0.598472,0.203726,0.598472,-0.801144,0.109418,0,0,1,-0.801144,-0.598472,0.203726,0.598472,-0.801144,0.109418,0,0,1,0,0,-0.0488652,0,0,-0.104792,-0.0488652,-0.104792,0.0267383,-1.80114,0,0.101863,0,-1.80114,0.0547088,0.101863,0.0547088,0,-6.93E+11,0,1.57E+10,0,-6.93E+11,8.42E+09,1.57E+10,8.42E+09,-4.16E+11,9.77E+09,3.59E+09,1.71E+10,3.59E+09,5.01E+09,9.20E+09,1.71E+10,9.20E+09,7.20E+09,1.78E+10,1.95E+10,1.78E+10,-4.16E+11,7.20E+09,16602.7,18156.5,4.30E-12
0.04625,2.87979,0.5,-0.0446741,0.0119704,0.0286264,-0.0363262,0.0733005,-0.0482966,0,-0.801144,-0.598472,0.181631,0.598472,-0.801144,0.143132,0,0,1,-0.801144,-0.598472,0.181631,0.598472,-0.801144,0.143132,0,0,1,0,0,-0.029926,0,0,-0.111685,-0.029926,-0.111685,0.0267383,-1.80114,0,0.0908155,0,-1.80114,0.071566,0.0908155,0.071566,0,-6.93E+11,0,1.40E+10,0,-6.93E+11,1.10E+10,1.40E+10,1.10E+10,-4.16E+11,8.40E+09,4.19E+09,1.53E+10,4.19E+09,6.38E+09,1.20E+10,1.53E+10,1.20E+10,7.20E+09,1.78E+10,1.95E+10,1.78E+10,-4.16E+11,7.20E+09,16602.7,18156.5,3.76E-12
0.04625,3.05433,0.5,-0.046074,0.00403095,0.0344995,-0.0308034,0.0805735,-0.0348343,0,-0.801144,-0.598472,0.154017,0.598472,-0.801144,0.172497,0,0,1,-0.801144,-0.598472,0.154017,0.598472,-0.801144,0.172497,0,0,1,0,0,-0.0100774,0,0,-0.115185,-0.0100774,-0.115185,0.0267383,-1.80114,0,0.0770085,0,-1.80114,0.0862487,0.0770085,0.0862487,0,-6.93E+11,0,1.18E+10,0,-6.93E+11,1.33E+10,1.18E+10,1.33E+10,-4.16E+11,6.91E+09,4.28E+09,1.30E+10,4.28E+09,7.88E+09,1.45E+10,1.30E+10,1.45E+10,7.20E+09,1.78E+10,1.95E+10,1.78E+10,-4.16E+11,7.20E+09,16602.7,18156.5,2.32E-12
0.04625,3.22886,0.5,-0.046074,-0.00403095,0.0393243,-0.0243446,0.0853983,-0.0203137,0,-0.801144,-0.598472,0.121723,0.598472,-0.801144,0.196622,0,0,1,-0.801144,-0.598472,0.121723,0.598472,-0.801144,0.196622,0,0,1,0,0,0.0100774,0,0,-0.115185,0.0100774,-0.115185,0.0267383,-1.80114,0,0.0608616,0,-1.80114,0.0983108,0.0608616,0.0983108,0,-6.93E+11,0,9.36E+09,0,-6.93E+11,1.51E+10,9.36E+09,1.51E+10,-4.16E+11,5.47E+09,3.85E+09,1.02E+10,3.85E+09,9.31E+09,1.65E+10,1.02E+10,1.65E+10,7.20E+09,1.78E+10,1.95E+10,1.78E+10,-4.16E+11,7.20E+09,16602.7,18156.5,2.90E-12
0.04625,3.40339,0.5,-0.0446741,-0.0119704,0.0429543,-0.0171462,0.0876284,-0.00517581,0,-0.801144,-0.598472,0.085731,0.598472,-0.801144,0.214771,0,0,1,-0.801144,-0.598472,0.085731,0.598472,-0.801144,0.214771,0,0,1,0,0,0.029926,0,0,-0.111685,0.029926,-0.111685,0.0267383,-1.80114,0,0.0428655,0,-1.80114,0.107386,0.0428655,0.107386,0,-6.93E+11,0,6.59E+09,0,-6.93E+11,1.65E+10,6.59E+09,1.65E+10,-4.16E+11,4.27E+09,2.97E+09,7.21E+09,2.97E+09,1.05E+10,1.81E+10,7.21E+09,1.81E+10,7.20E+09,1.78E+10,1.95E+10,1.78E+10,-4.16E+11,7.20E+09,16602.7,18156.5,5.14E-12
0.04625,3.57792,0.5,-0.0419167,-0.0195461,0.0452791,-0.00942677,0.0871959,0.0101193,0,-0.801144,-0.598472,0.0471338,0.598472,-0.801144,0.226396,0,0,1,-0.801144,-0.598472,0.0471338,0.598472,-0.801144,0.226396,0,0,1,0,0,0.0488652,0,0,-0.104792,0.0488652,-0.104792,0.0267383,-1.80114,0,0.0235669,0,-1.80114,0.113198,0.0235669,0.113198,0,-6.93E+11,0,3.63E+09,0,-6.93E+11,1.74E+10,3.63E+09,1.74E+10,-4.16E+11,3.44E+09,1.72E+09,3.96E+09,1.72E+09,1.13E+10,1.90E+10,3.96E+09,1.90E+10,7.20E+09,1.78E+10,1.95E+10,1.78E+10,-4.16E+11,7.20E+09,16602.7,18156.5,3.41E-12
0.04625,3.75246,0.5,-0.0378858,-0.0265279,0.0462282,-0.00142092,0.0841139,0.025107,0,-0.801144,-0.598472,0.0071046,0.598472,-0.801144,0.231141,0,0,1,-0.801144,-0.598472,0.0071046,0.598472,-0.801144,0.231141,0,0,1,0,0,0.0663198,0,0,-0.0947145,0.0663198,-0.0947145,0.0267383,-1.80114,0,0.0035523,0,-1.80114,0.11557,0.0035523,0.11557,0,-6.93E+11,0,5.47E+08,0,-6.93E+11,1.78E+10,5.47E+08,1.78E+10,-4.16E+11,3.09E+09,2.64E+08,5.98E+08,2.64E+08,1.17E+10,1.94E+10,5.98E+08,1.94E+10,7.20E+09,1.78E+10,1.95E+10,1.78E+10,-4.16E+11,7.20E+09,16602.7,18156.5,6.02E-12
0.04625,3.92699,0.5,-0.0327037,-0.0327037,0.0457726,0.0066281,0.0784763,0.0393318,0,-0.801144,-0.598472,-0.0331405,0.598472,-0.801144,0.228863,0,0,1,-0.801144,-0.598472,-0.0331405,0.598472,-0.801144,0.228863,0,0,1,0,0,0.0817592,0,0,-0.0817592,0.0817592,-0.0817592,0.0267383,-1.80114,0,-0.0165703,0,-1.80114,0.114431,-0.0165703,0.114431,0,-6.93E+11,0,-2.55E+09,0,-6.93E+11,1.76E+10,-2.55E+09,1.76E+10,-4.16E+11,3.26E+09,-1.22E+09,-2.79E+09,-1.22E+09,1.15E+10,1.93E+10,-2.79E+09,1.93E+10,7.20E+09,1.78E+10,1.95E+10,1.78E+10,-4.16E+11,7.20E+09,16602.7,18156.5,5.06E-12
0.04625,4.10152,0.5,-0.0265279,-0.0378858,0.0439263,0.0144757,0.0704542,0.0523615,0,-0.801144,-0.598472,-0.0723787,0.598472,-0.801144,0.219631,0,0,1,-0.801144,-0.598472,-0.0723787,0.598472,-0.801144,0.219631,0,0,1,0,0,0.0947145,0,0,-0.0663198,0.0947145,-0.0663198,0.0267383,-1.80114,0,-0.0361893,0,-1.80114,0.109816,-0.0361893,0.109816,0,-6.93E+11,0,-5.57E+09,0,-6.93E+11,1.69E+10,-5.57E+09,1.69E+10,-4.16E+11,3.93E+09,-2.56E+09,-6.09E+09,-2.56E+09,1.09E+10,1.85E+10,-6.09E+09,1.85E+10,7.20E+09,1.78E+10,1.95E+10,1.78E+10,-4.16E+11,7.20E+09,16602.7,18156.5,4.44E-12
0.04625,4.27606,0.5,-0.0195461,-0.0419167,0.0407452,0.0218835,0.0602913,0.0638003,0,-0.801144,-0.598472,-0.109418,0.598472,-0.801144,0.203726,0,0,1,-0.801144,-0.598472,-0.109418,0.598472,-0.801144,0.203726,0,0,1,0,0,0.104792,0,0,-0.0488652,0.104792,-0.0488652,0.0267383,-1.80114,0,-0.0547088,0,-1.80114,0.101863,-0.0547088,0.101863,0,-6.93E+11,0,-8.42E+09,0,-6.93E+11,1.57E+10,-8.42E+09,1.57E+10,-4.16E+11,5.01E+09,-3.59E+09,-9.20E+09,-3.59E+09,9.77E+09,1.71E+10,-9.20E+09,1.71E+10,7.20E+09,1.78E+10,1.95E+10,1.78E+10,-4.16E+11,7.20E+09,16602.7,18156.5,6.16E-12
0.04625,4.45059,0.5,-0.0119704,-0.0446741,0.0363262,0.0286264,0.0482966,0.0733005,0,-0.801144,-0.598472,-0.143132,0.598472,-0.801144,0.181631,0,0,1,-0.801144,-0.598472,-0.143132,0.598472,-0.801144,0.181631,0,0,1,0,0,0.111685,0,0,-0.029926,0.111685,-0.029926,0.0267383,-1.80114,0,-0.071566,0,-1.80114,0.0908155,-0.071566,0.0908155,0,-6.93E+11,0,-1.10E+10,0,-6.93E+11,1.40E+10,-1.10E+10,1.40E+10,-4.16E+11,6.38E+09,-4.19E+09,-1.20E+10,-4.19E+09,8.40E+09,1.53E+10,-1.20E+10,1.53E+10,7.20E+09,1.78E+10,1.95E+10,1.78E+10,-4.16E+11,7.20E+09,16602.7,18156.5,3.88E-12
0.04625,4.62512,0.5,-0.00403095,-0.046074,0.0308034,0.0344995,0.0348343,0.0805735,0,-0.801144,-0.598472,-0.172497,0.598472,-0.801144,0.154017,0,0,1,-0.801144,-0.598472,-0.172497,0.598472,-0.801144,0.154017,0,0,1,0,0,0.115185,0,0,-0.0100774,0.115185,-0.0100774,0.0267383,-1.80114,0,-0.0862487,0,-1.80114,0.0770085,-0.0862487,0.0770085,0,-6.93E+11,0,-1.33E+10,0,-6.93E+11,1.18E+10,-1.33E+10,1.18E+10,-4.16E+11,7.88E+09,-4.28E+09,-1.45E+10,-4.28E+09,6.91E+09,1.30E+10,-1.45E+10,1.30E+10,7.20E+09,1.78E+10,1.95E+10,1.78E+10,-4.16E+11,7.20E+09,16602.7,18156.5,2.99E-12
0.04625,4.79966,0.5,0.00403095,-0.046074,0.0243446,0.0393243,0.0203137,0.0853983,0,-0.801144,-0.598472,-0.196622,0.598472,-0.801144,0.121723,0,0,1,-0.801144,-0.598472,-0.196622,0.598472,-0.801144,0.121723,0,0,1,0,0,0.115185,0,0,0.0100774,0.115185,0.0100774,0.0267383,-1.80114,0,-0.0983108,0,-1.80114,0.0608616,-0.0983108,0.0608616,0,-6.93E+11,0,-1.51E+10,0,-6.93E+11,9.36E+09,-1.51E+10,9.36E+09,-4.16E+11,9.31E+09,-3.85E+09,-1.65E+10,-3.85E+09,5.47E+09,1.02E+10,-1.65E+10,1.02E+10,7.20E+09,1.78E+10,1.95E+10,1.78E+10,-4.16E+11,7.20E+09,16602.7,18156.5,2.58E-12
0.04625,4.97419,0.5,0.0119704,-0.0446741,0.0171462,0.0429543,0.00517581,0.0876284,0,-0.801144,-0.598472,-0.214771,0.598472,-0.801144,0.085731,0,0,1,-0.801144,-0.598472,-0.214771,0.598472,-0.801144,0.085731,0,0,1,0,0,0.111685,0,0,0.029926,0.111685,0.029926,0.0267383,-1.80114,0,-0.107386,0,-1.80114,0.0428655,-0.107386,0.0428655,0,-6.93E+11,0,-1.65E+10,0,-6.93E+11,6.59E+09,-1.65E+10,6.59E+09,-4.16E+11,1.05E+10,-2.97E+09,-1.81E+10,-2.97E+09,4.27E+09,7.21E+09,-1.81E+10,7.21E+09,7.20E+09,1.78E+10,1.95E+10,1.78E+10,-4.16E+11,7.20E+09,16602.7,18156.5,5.49E-12
0.04625,5.14872,0.5,0.0195461,-0.0419167,0.00942677,0.0452791,-0.0101193,0.0871959,0,-0.801144,-0.598472,-0.226396,0.598472,-0.801144,0.0471338,0,0,1,-0.801144,-0.598472,-0.226396,0.598472,-0.801144,0.0471338,0,0,1,0,0,0.104792,0,0,0.0488652,0.104792,0.0488652,0.0267383,-1.80114,0,-0.113198,0,-1.80114,0.0235669,-0.113198,0.0235669,0,-6.93E+11,0,-1.74E+10,0,-6.93E+11,3.63E+09,-1.74E+10,3.63E+09,-4.16E+11,1.13E+10,-1.72E+09,-1.90E+10,-1.72E+09,3.44E+09,3.96E+09,-1.90E+10,3.96E+09,7.20E+09,1.78E+10,1.95E+10,1.78E+10,-4.16E+11,7.20E+09,16602.7,18156.5,2.62E-12
0.04625,5.32325,0.5,0.0265279,-0.0378858,0.00142092,0.0462282,-0.025107,0.0841139,0,-0.801144,-0.598472,-0.231141,0.598472,-0.801144,0.0071046,0,0,1,-0.801144,-0.598472,-0.231141,0.598472,-0.801144,0.0071046,0,0,1,0,0,0.0947145,0,0,0.0663198,0.0947145,0.0663198,0.0267383,-1.80114,0,-0.11557,0,-1.80114,0.0035523,-0.11557,0.0035523,0,-6.93E+11,0,-1.78E+10,0,-6.93E+11,5.47E+08,-1.78E+10,5.47E+08,-4.16E+11,1.17E+10,-2.64E+08,-1.94E+10,-2.64E+08,3.09E+09,5.98E+08,-1.94E+10,5.98E+08,7.20E+09,1.78E+10,1.95E+10,1.78E+10,-4.16E+11,7.20E+09,16602.7,18156.5,3.98E-12
0.04625,5.49779,0.5,0.0327037,-0.0327037,-0.0066281,0.0457726,-0.0393318,0.0784763,0,-0.801144,-0.598472,-0.228863,0.598472,-0.801144,-0.0331405,0,0,1,-0.801144,-0.598472,-0.228863,0.598472,-0.801144,-0.0331405,0,0,1,0,0,0.0817592,0,0,0.0817592,0.0817592,0.0817592,0.0267383,-1.80114,0,-0.114431,0,-1.80114,-0.0165703,-0.114431,-0.0165703,0,-6.93E+11,0,-1.76E+10,0,-6.93E+11,-2.55E+09,-1.76E+10,-2.55E+09,-4.16E+11,1.15E+10,1.22E+09,-1.93E+10,1.22E+09,3.26E+09,-2.79E+09,-1.93E+10,-2.79E+09,7.20E+09,1.78E+10,1.95E+10,1.78E+10,-4.16E+11,7.20E+09,16602.7,18156.5,3.59E-12
0.04625,5.67232,0.5,0.0378858,-0.0265279,-0.0144757,0.0439263,-0.0523615,0.0704542,0,-0.801144,-0.598472,-0.219631,0.598472,-0.801144,-0.0723787,0,0,1,-0.801144,-0.598472,-0.219631,0.598472,-0.801144,-0.0723787,0,0,1,0,0,0.0663198,0,0,0.0947145,0.0663198,0.0947145,0.0267383,-1.80114,0,-0.109816,0,-1.80114,-0.0361893,-0.109816,-0.0361893,0,-6.93E+11,0,-1.69E+10,0,-6.93E+11,-5.57E+09,-1.69E+10,-5.57E+09,-4.16E+11,1.09E+10,2.56E+09,-1.85E+10,2.56E+09,3.93E+09,-6.09E+09,-1.85E+10,-6.09E+09,7.20E+09,1.78E+10,1.95E+10,1.78E+10,-4.16E+11,7.20E+09,16602.7,18156.5,4.33E-12
0.04625,5.84685,0.5,0.0419167,-0.0195461,-0.0218835,0.0407452,-0.0638003,0.0602913,0,-0.801144,-0.598472,-0.203726,0.598472,-0.801144,-0.109418,0,0,1,-0.801144,-0.598472,-0.203726,0.598472,-0.801144,-0.109418,0,0,1,0,0,0.0488652,0,0,0.104792,0.0488652,0.104792,0.0267383,-1.80114,0,-0.101863,0,-1.80114,-0.0547088,-0.101863,-0.0547088,0,-6.93E+11,0,-1.57E+10,0,-6.93E+11,-8.42E+09,-1.57E+10,-8.42E+09,-4.16E+11,9.77E+09,3.59E+09,-1.71E+10,3.59E+09,5.01E+09,-9.20E+09,-1.71E+10,-9.20E+09,7.20E+09,1.78E+10,1.95E+10,1.78E+10,-4.16E+11,7.20E+09,16602.7,18156.5,6.16E-12
0.04625,6.02139,0.5,0.0446741,-0.0119704,-0.0286264,0.0363262,-0.0733005,0.0482966,0,-0.801144,-0.598472,-0.181631,0.598472,-0.801144,-0.143132,0,0,1,-0.801144,-0.598472,-0.181631,0.598472,-0.801144,-0.143132,0,0,1,0,0,0.029926,0,0,0.111685,0.029926,0.111685,0.0267383,-1.80114,0,-0.0908155,0,-1.80114,-0.071566,-0.0908155,-0.071566,0,-6.93E+11,0,-1.40E+10,0,-6.93E+11,-1.10E+10,-1.40E+10,-1.10E+10,-4.16E+11,8.40E+09,4.19E+09,-1.53E+10,4.19E+09,6.38E+09,-1.20E+10,-1.53E+10,-1.20E+10,7.20E+09,1.78E+10,1.95E+10,1.78E+10,-4.16E+11,7.20E+09,16602.7,18156.5,3.63E-12
0.04625,6.19592,0.5,0.046074,-0.00403095,-0.0344995,0.0308034,-0.0805735,0.0348343,0,-0.801144,-0.598472,-0.154017,0.598472,-0.801144,-0.172497,0,0,1,-0.801144,-0.598472,-0.154017,0.598472,-0.801144,-0.172497,0,0,1,0,0,0.0100774,0,0,0.115185,0.0100774,0.115185,0.0267383,-1.80114,0,-0.0770085,0,-1.80114,-0.0862487,-0.0770085,-0.0862487,0,-6.93E+11,0,-1.18E+10,0,-6.93E+11,-1.33E+10,-1.18E+10,-1.33E+10,-4.16E+11,6.91E+09,4.28E+09,-1.30E+10,4.28E+09,7.88E+09,-1.45E+10,-1.30E+10,-1.45E+10,7.20E+09,1.78E+10,1.95E+10,1.78E+10,-4.16E+11,7.20E+09,16602.7,18156.5,4.21E-12
0.04875,0.0872665,0.5,0.0485645,0.00424884,-0.0414499,0.0256606,-0.0900144,0.0214117,0,-0.801144,-0.598472,-0.128303,0.598472,-0.801144,-0.20725,0,0,1,-0.801144,-0.598472,-0.128303,0.598472,-0.801144,-0.20725,0,0,1,0,0,-0.0106221,0,0,0.121411,-0.0106221,0.121411,0.029707,-1.80114,0,-0.0641514,0,-1.80114,-0.103625,-0.0641514,-0.103625,0,-6.93E+11,0,-9.87E+09,0,-6.93E+11,-1.59E+10,-9.87E+09,-1.59E+10,-4.16E+11,6.09E+09,4.30E+09,-1.09E+10,4.30E+09,1.04E+10,-1.76E+10,-1.09E+10,-1.76E+10,8.00E+09,1.88E+10,2.07E+10,1.88E+10,-4.16E+11,8.00E+09,19443.2,21464.8,4.43E-12
0.04875,0.261799,0.5,0.0470889,0.0126174,-0.0452761,0.018073,-0.092365,0.00545558,0,-0.801144,-0.598472,-0.0903651,0.598472,-0.801144,-0.226381,0,0,1,-0.801144,-0.598472,-0.0903651,0.598472,-0.801144,-0.226381,0,0,1,0,0,-0.0315436,0,0,0.117722,-0.0315436,0.117722,0.029707,-1.80114,0,-0.0451825,0,-1.80114,-0.11319,-0.0451825,-0.11319,0,-6.93E+11,0,-6.95E+09,0,-6.93E+11,-1.74E+10,-6.95E+09,-1.74E+10,-4.16E+11,4.75E+09,3.31E+09,-7.67E+09,3.31E+09,1.17E+10,-1.92E+10,-7.67E+09,-1.92E+10,8.00E+09,1.88E+10,2.07E+10,1.88E+10,-4.16E+11,8.00E+09,19443.2,21464.8,3.98E-12
0.04875,0.436332,0.5,0.0441825,0.0206026,-0.0477266,0.00993632,-0.0919091,-0.0106663,0,-0.801144,-0.598472,-0.0496816,0.598472,-0.801144,-0.238633,0,0,1,-0.801144,-0.598472,-0.0496816,0.598472,-0.801144,-0.238633,0,0,1,0,0,-0.0515066,0,0,0.110456,-0.0515066,0.110456,0.029707,-1.80114,0,-0.0248408,0,-1.80114,-0.119317,-0.0248408,-0.119317,0,-6.93E+11,0,-3.82E+09,0,-6.93E+11,-1.84E+10,-3.82E+09,-1.84E+10,-4.16E+11,3.83E+09,1.92E+09,-4.22E+09,1.92E+09,1.26E+10,-2.03E+10,-4.22E+09,-2.03E+10,8.00E+09,1.88E+10,2.07E+10,1.88E+10,-4.16E+11,8.00E+09,19443.2,21464.8,2.59E-12
0.04875,0.610865,0.5,0.0399337,0.0279619,-0.048727,0.00149773,-0.0886606,-0.0264641,0,-0.801144,-0.598472,-0.00748863,0.598472,-0.801144,-0.243635,0,0,1,-0.801144,-0.598472,-0.00748863,0.598472,-0.801144,-0.243635,0,0,1,0,0,-0.0699046,0,0,0.0998342,-0.0699046,0.0998342,0.029707,-1.80114,0,-0.00374431,0,-1.80114,-0.121817,-0.00374431,-0.121817,0,-6.93E+11,0,-5.76E+08,0,-6.93E+11,-1.87E+10,-5.76E+08,-1.87E+10,-4.16E+11,3.44E+09,2.95E+08,-6.36E+08,2.95E+08,1.30E+10,-2.07E+10,-6.36E+08,-2.07E+10,8.00E+09,1.88E+10,2.07E+10,1.88E+10,-4.16E+11,8.00E+09,19443.2,21464.8,2.73E-12
0.04875,0.785398,0.5,0.0344715,0.0344715,-0.0482468,-0.00698638,-0.0827182,-0.0414578,0,-0.801144,-0.598472,0.0349319,0.598472,-0.801144,-0.241234,0,0,1,-0.801144,-0.598472,0.0349319,0.598472,-0.801144,-0.241234,0,0,1,0,0,-0.0861786,0,0,0.0861786,-0.0861786,0.0861786,0.029707,-1.80114,0,0.017466,0,-1.80114,-0.120617,0.017466,-0.120617,0,-6.93E+11,0,2.69E+09,0,-6.93E+11,-1.86E+10,2.69E+09,-1.86E+10,-4.16E+11,3.63E+09,-1.36E+09,2.97E+09,-1.36E+09,1.28E+10,-2.05E+10,2.97E+09,-2.05E+10,8.00E+09,1.88E+10,2.07E+10,1.88E+10,-4.16E+11,8.00E+09,19443.2,21464.8,5.41E-12
0.04875,0.959931,0.5,0.0279619,0.0399337,-0.0463006,-0.0152582,-0.0742625,-0.0551919,0,-0.801144,-0.598472,0.076291,0.598472,-0.801144,-0.231503,0,0,1,-0.801144,-0.598472,0.076291,0.598472,-0.801144,-0.231503,0,0,1,0,0,-0.0998342,0,0,0.0699046,-0.0998342,0.0699046,0.029707,-1.80114,0,0.0381455,0,-1.80114,-0.115752,0.0381455,-0.115752,0,-6.93E+11,0,5.87E+09,0,-6.93E+11,-1.78E+10,5.87E+09,-1.78E+10,-4.16E+11,4.37E+09,-2.86E+09,6.48E+09,-2.86E+09,1.21E+10,-1.97E+10,6.48E+09,-1.97E+10,8.00E+09,1.88E+10,2.07E+10,1.88E+10,-4.16E+11,8.00E+09,19443.2,21464.8,3.01E-12
0.04875,1.13446,0.5,0.0206026,0.0441825,-0.0429477,-0.0230664,-0.0635503,-0.0672489,0,-0.801144,-0.598472,0.115332,0.598472,-0.801144,-0.214738,0,0,1,-0.801144,-0.598472,0.115332,0.598472,-0.801144,-0.214738,0,0,1,0,0,-0.110456,0,0,0.0515066,-0.110456,0.0515066,0.029707,-1.80114,0,0.0576661,0,-1.80114,-0.107369,0.0576661,-0.107369,0,-6.93E+11,0,8.87E+09,0,-6.93E+11,-1.65E+10,8.87E+09,-1.65E+10,-4.16E+11,5.58E+09,-4.01E+09,9.79E+09,-4.01E+09,1.09E+10,-1.82E+10,9.79E+09,-1.82E+10,8.00E+09,1.88E+10,2.07E+10,1.88E+10,-4.16E+11,8.00E+09,19443.2,21464.8,5.69E-12
0.04875,1.309,0.5,0.0126174,0.0470889,-0.0382898,-0.0301738,-0.0509072,-0.0772627,0,-0.801144,-0.598472,0.150869,0.598472,-0.801144,-0.191449,0,0,1,-0.801144,-0.598472,0.150869,0.598472,-0.801144,-0.191449,0,0,1,0,0,-0.117722,0,0,0.0315436,-0.117722,0.0315436,0.029707,-1.80114,0,0.0754344,0,-1.80114,-0.0957244,0.0754344,-0.0957244,0,-6.93E+11,0,1.16E+10,0,-6.93E+11,-1.47E+10,1.16E+10,-1.47E+10,-4.16E+11,7.11E+09,-4.67E+09,1.28E+10,-4.67E+09,9.36E+09,-1.63E+10,1.28E+10,-1.63E+10,8.00E+09,1.88E+10,2.07E+10,1.88E+10,-4.16E+11,8.00E+09,19443.2,21464.8,3.92E-12
0.04875,1.48353,0.5,0.00424884,0.0485645,-0.0324684,-0.0363643,-0.0367173,-0.0849288,0,-0.801144,-0.598472,0.181822,0.598472,-0.801144,-0.162342,0,0,1,-0.801144,-0.598472,0.181822,0.598472,-0.801144,-0.162342,0,0,1,0,0,-0.121411,0,0,0.0106221,-0.121411,0.0106221,0.029707,-1.80114,0,0.0909108,0,-1.80114,-0.0811711,0.0909108,-0.0811711,0,-6.93E+11,0,1.40E+10,0,-6.93E+11,-1.25E+10,1.40E+10,-1.25E+10,-4.16E+11,8.78E+09,-4.78E+09,1.54E+10,-4.78E+09,7.69E+09,-1.38E+10,1.54E+10,-1.38E+10,8.00E+09,1.88E+10,2.07E+10,1.88E+10,-4.16E+11,8.00E+09,19443.2,21464.8,4.25E-12
0.04875,1.65806,0.5,-0.00424884,0.0485645,-0.0256606,-0.0414499,-0.0214117,-0.0900144,0,-0.801144,-0.598472,0.20725,0.598472,-0.801144,-0.128303,0,0,1,-0.801144,-0.598472,0.20725,0.598472,-0.801144,-0.128303,0,0,1,0,0,-0.121411,0,0,-0.0106221,-0.121411,-0.0106221,0.029707,-1.80114,0,0.103625,0,-1.80114,-0.0641514,0.103625,-0.0641514,0,-6.93E+11,0,1.59E+10,0,-6.93E+11,-9.87E+09,1.59E+10,-9.87E+09,-4.16E+11,1.04E+10,-4.30E+09,1.76E+10,-4.30E+09,6.09E+09,-1.09E+10,1.76E+10,-1.09E+10,8.00E+09,1.88E+10,2.07E+10,1.88E+10,-4.16E+11,8.00E+09,19443.2,21464.8,3.87E-12
0.04875,1.8326,0.5,-0.0126174,0.0470889,-0.018073,-0.0452761,-0.00545558,-0.092365,0,-0.801144,-0.598472,0.226381,0.598472,-0.801144,-0.0903651,0,0,1,-0.801144,-0.598472,0.226381,0.598472,-0.801144,-0.0903651,0,0,1,0,0,-0.117722,0,0,-0.0315436,-0.117722,-0.0315436,0.029707,-1.80114,0,0.11319,0,-1.80114,-0.0451825,0.11319,-0.0451825,0,-6.93E+11,0,1.74E+10,0,-6.93E+11,-6.95E+09,1.74E+10,-6.95E+09,-4.16E+11,1.17E+10,-3.31E+09,1.92E+10,-3.31E+09,4.75E+09,-7.67E+09,1.92E+10,-7.67E+09,8.00E+09,1.88E+10,2.07E+10,1.88E+10,-4.16E+11,8.00E+09,19443.2,21464.8,3.73E-12
0.04875,2.00713,0.5,-0.0206026,0.0441825,-0.00993632,-0.0477266,0.0106663,-0.0919091,0,-0.801144,-0.598472,0.238633,0.598472,-0.801144,-0.0496816,0,0,1,-0.801144,-0.598472,0.238633,0.598472,-0.801144,-0.0496816,0,0,1,0,0,-0.110456,0,0,-0.0515066,-0.110456,-0.0515066,0.029707,-1.80114,0,0.119317,0,-1.80114,-0.0248408,0.119317,-0.0248408,0,-6.93E+11,0,1.84E+10,0,-6.93E+11,-3.82E+09,1.84E+10,-3.82E+09,-4.16E+11,1.26E+10,-1.92E+09,2.03E+10,-1.92E+09,3.83E+09,-4.22E+09,2.03E+10,-4.22E+09,8.00E+09,1.88E+10,2.07E+10,1.88E+10,-4.16E+11,8.00E+09,19443.2,21464.8,5.89E-12
0.04875,2.18166,0.5,-0.0279619,0.0399337,-0.00149773,-0.048727,0.0264641,-0.0886606,0,-0.801144,-0.598472,0.243635,0.598472,-0.801144,-0.00748863,0,0,1,-0.801144,-0.598472,0.243635,0.598472,-0.801144,-0.00748863,0,0,1,0,0,-0.0998342,0,0,-0.0699046,-0.0998342,-0.0699046,0.029707,-1.80114,0,0.121817,0,-1.80114,-0.00374431,0.121817,-0.00374431,0,-6.93E+11,0,1.87E+10,0,-6.93E+11,-5.76E+08,1.87E+10,-5.76E+08,-4.16E+11,1.30E+10,-2.95E+08,2.07E+10,-2.95E+08,3.44E+09,-6.36E+08,2.07E+10,-6.36E+08,8.00E+09,1.88E+10,2.07E+10,1.88E+10,-4.16E+11,8.00E+09,19443.2,21464.8,3.65E-12
0.04875,2.35619,0.5,-0.0344715,0.0344715,0.00698638,-0.0482468,0.0414578,-0.0827182,0,-0.801144,-0.598472,0.241234,0.598472,-0.801144,0.0349319,0,0,1,-0.801144,-0.598472,0.241234,0.598472,-0.801144,0.0349319,0,0,1,0,0,-0.0861786,0,0,-0.0861786,-0.0861786,-0.0861786,0.029707,-1.80114,0,0.120617,0,-1.80114,0.017466,0.120617,0.017466,0,-6.93E+11,0,1.86E+10,0,-6.93E+11,2.69E+09,1.86E+10,2.69E+09,-4.16E+11,1.28E+10,1.36E+09,2.05E+10,1.36E+09,3.63E+09,2.97E+09,2.05E+10,2.97E+09,8.00E+09,1.88E+10,2.07E+10,1.88E+10,-4.16E+11,8.00E+09,19443.2,21464.8,5.41E-12
0.04875,2.53073,0.5,-0.0399337,0.0279619,0.0152582,-0.0463006,0.0551919,-0.0742625,0,-0.801144,-0.598472,0.231503,0.598472,-0.801144,0.076291,0,0,1,-0.801144,-0.598472,0.231503,0.598472,-0.801144,0.076291,0,0,1,0,0,-0.0699046,0,0,-0.0998342,-0.0699046,-0.0998342,0.029707,-1.80114,0,0.115752,0,-1.80114,0.0381455,0.115752,0.0381455,0,-6.93E+11,0,1.78E+10,0,-6.93E+11,5.87E+09,1.78E+10,5.87E+09,-4.16E+11,1.21E+10,2.86E+09,1.97E+10,2.86E+09,4.37E+09,6.48E+09,1.97E+10,6.48E+09,8.00E+09,1.88E+10,2.07E+10,1.88E+10,-4.16E+11,8.00E+09,19443.2,21464.8,5.54E-12
0.04875,2.70526,0.5,-0.0441825,0.0206026,0.0230664,-0.0429477,0.0672489,-0.0635503,0,-0.801144,-0.598472,0.214738,0.598472,-0.801144,0.115332,0,0,1,-0.801144,-0.598472,0.214738,0.598472,-0.801144,0.115332,0,0,1,0,0,-0.0515066,0,0,-0.110456,-0.0515066,-0.110456,0.029707,-1.80114,0,0.107369,0,-1.80114,0.0576661,0.107369,0.0576661,0,-6.93E+11,0,1.65E+10,0,-6.93E+11,8.87E+09,1.65E+10,8.87E+09,-4.16E+11,1.09E+10,4.01E+09,1.82E+10,4.01E+09,5.58E+09,9.79E+09,1.82E+10,9.79E+09,8.00E+09,1.88E+10,2.07E+10,1.88E+10,-4.16E+11,8.00E+09,19443.2,21464.8,3.97E-12
0.04875,2.87979,0.5,-0.0470889,0.0126174,0.0301738,-0.0382898,0.0772627,-0.0509072,0,-0.801144,-0.598472,0.191449,0.598472,-0.801144,0.150869,0,0,1,-0.801144,-0.598472,0.191449,0.598472,-0.801144,0.150869,0,0,1,0,0,-0.0315436,0,0,-0.117722,-0.0315436,-0.117722,0.029707,-1.80114,0,0.0957244,0,-1.80114,0.0754344,0.0957244,0.0754344,0,-6.93E+11,0,1.47E+10,0,-6.93E+11,1.16E+10,1.47E+10,1.16E+10,-4.16E+11,9.36E+09,4.67E+09,1.63E+10,4.67E+09,7.11E+09,1.28E+10,1.63E+10,1.28E+10,8.00E+09,1.88E+10,2.07E+10,1.88E+10,-4.16E+11,8.00E+09,19443.2,21464.8,4.32E-12
0.04875,3.05433,0.5,-0.0485645,0.00424884,0.0363643,-0.0324684,0.0849288,-0.0367173,0,-0.801144,-0.598472,0.162342,0.598472,-0.801144,0.181822,0,0,1,-0.801144,-0.598472,0.162342,0.598472,-0.801144,0.181822,0,0,1,0,0,-0.0106221,0,0,-0.121411,-0.0106221,-0.121411,0.029707,-1.80114,0,0.0811711,0,-1.80114,0.0909108,0.0811711,0.0909108,0,-6.93E+11,0,1.25E+10,0,-6.93E+11,1.40E+10,1.25E+10,1.40E+10,-4.16E+11,7.69E+09,4.78E+09,1.38E+10,4.78E+09,8.78E+09,1.54E+10,1.38E+10,1.54E+10,8.00E+09,1.88E+10,2.07E+10,1.88E+10,-4.16E+11,8.00E+09,19443.2,21464.8,6.93E-12
0.04875,3.22886,0.5,-0.0485645,-0.00424884,0.0414499,-0.0256606,0.0900144,-0.0214117,0,-0.801144,-0.598472,0.128303,0.598472,-0.801144,0.20725,0,0,1,-0.801144,-0.598472,0.128303,0.598472,-0.801144,0.20725,0,0,1,0,0,0.0106221,0,0,-0.121411,0.0106221,-0.121411,0.029707,-1.80114,0,0.0641514,0,-1.80114,0.103625,0.0641514,0.103625,0,-6.93E+11,0,9.87E+09,0,-6.93E+11,1.59E+10,9.87E+09,1.59E+10,-4.16E+11,6.09E+09,4.30E+09,1.09E+10,4.30E+09,1.04E+10,1.76E+10,1.09E+10,1.76E+10,8.00E+09,1.88E+10,2.07E+10,1.88E+10,-4.16E+11,8.00E+09,19443.2,21464.8,3.68E-12
0.04875,3.40339,0.5,-0.0470889,-0.0126174,0.0452761,-0.018073,0.092365,-0.00545558,0,-0.801144,-0.598472,0.0903651,0.598472,-0.801144,0.226381,0,0,1,-0.801144,-0.598472,0.0903651,0.598472,-0.801144,0.226381,0,0,1,0,0,0.0315436,0,0,-0.117722,0.0315436,-0.117722,0.029707,-1.80114,0,0.0451825,0,-1.80114,0.11319,0.0451825,0.11319,0,-6.93E+11,0,6.95E+09,0,-6.93E+11,1.74E+10,6.95E+09,1.74E+10,-4.16E+11,4.75E+09,3.31E+09,7.67E+09,3.31E+09,1.17E+10,1.92E+10,7.67E+09,1.92E+10,8.00E+09,1.88E+10,2.07E+10,1.88E+10,-4.16E+11,8.00E+09,19443.2,21464.8,4.72E-12
0.04875,3.57792,0.5,-0.0441825,-0.0206026,0.0477266,-0.00993632,0.0919091,0.0106663,0,-0.801144,-0.598472,0.0496816,0.598472,-0.801144,0.238633,0,0,1,-0.801144,-0.598472,0.0496816,0.598472,-0.801144,0.238633,0,0,1,0,0,0.0515066,0,0,-0.110456,0.0515066,-0.110456,0.029707,-1.80114,0,0.0248408,0,-1.80114,0.119317,0.0248408,0.119317,0,-6.93E+11,0,3.82E+09,0,-6.93E+11,1.84E+10,3.82E+09,1.84E+10,-4.16E+11,3.83E+09,1.92E+09,4.22E+09,1.92E+09,1.26E+10,2.03E+10,4.22E+09,2.03E+10,8.00E+09,1.88E+10,2.07E+10,1.88E+10,-4.16E+11,8.00E+09,19443.2,21464.8,4.19E-12
0.04875,3.75246,0.5,-0.0399337,-0.0279619,0.048727,-0.00149773,0.0886606,0.0264641,0,-0.801144,-0.598472,0.00748863,0.598472,-0.801144,0.243635,0,0,1,-0.801144,-0.598472,0.00748863,0.598472,-0.801144,0.243635,0,0,1,0,0,0.0699046,0,0,-0.0998342,0.0699046,-0.0998342,0.029707,-1.80114,0,0.00374431,0,-1.80114,0.121817,0.00374431,0.121817,0,-6.93E+11,0,5.76E+08,0,-6.93E+11,1.87E+10,5.76E+08,1.87E+10,-4.16E+11,3.44E+09,2.95E+08,6.36E+08,2.95E+08,1.30E+10,2.07E+10,6.36E+08,2.07E+10,8.00E+09,1.88E+10,2.07E+10,1.88E+10,-4.16E+11,8.00E+09,19443.2,21464.8,3.65E-12
0.04875,3.92699,0.5,-0.0344715,-0.0344715,0.0482468,0.00698638,0.0827182,0.0414578,0,-0.801144,-0.598472,-0.0349319,0.598472,-0.801144,0.241234,0,0,1,-0.801144,-0.598472,-0.0349319,0.598472,-0.801144,0.241234,0,0,1,0,0,0.0861786,0,0,-0.0861786,0.0861786,-0.0861786,0.029707,-1.80114,0,-0.017466,0,-1.80114,0.120617,-0.017466,0.120617,0,-6.93E+11,0,-2.69E+09,0,-6.93E+11,1.86E+10,-2.69E+09,1.86E+10,-4.16E+11,3.63E+09,-1.36E+09,-2.97E+09,-1.36E+09,1.28E+10,2.05E+10,-2.97E+09,2.05E+10,8.00E+09,1.88E+10,2.07E+10,1.88E+10,-4.16E+11,8.00E+09,19443.2,21464.8,3.73E-12
0.04875,4.10152,0.5,-0.0279619,-0.0399337,0.0463006,0.0152582,0.0742625,0.0551919,0,-0.801144,-0.598472,-0.076291,0.598472,-0.801144,0.231503,0,0,1,-0.801144,-0.598472,-0.076291,0.598472,-0.801144,0.231503,0,0,1,0,0,0.0998342,0,0,-0.0699046,0.0998342,-0.0699046,0.029707,-1.80114,0,-0.0381455,0,-1.80114,0.115752,-0.0381455,0.115752,0,-6.93E+11,0,-5.87E+09,0,-6.93E+11,1.78E+10,-5.87E+09,1.78E+10,-4.16E+11,4.37E+09,-2.86E+09,-6.48E+09,-2.86E+09,1.21E+10,1.97E+10,-6.48E+09,1.97E+10,8.00E+09,1.88E+10,2.07E+10,1.88E+10,-4.16E+11,8.00E+09,19443.2,21464.8,5.54E-12
0.04875,4.27606,0.5,-0.0206026,-0.0441825,0.0429477,0.0230664,0.0635503,0.0672489,0,-0.801144,-0.598472,-0.115332,0.598472,-0.801144,0.214738,0,0,1,-0.801144,-0.598472,-0.115332,0.598472,-0.801144,0.214738,0,0,1,0,0,0.110456,0,0,-0.0515066,0.110456,-0.0515066,0.029707,-1.80114,0,-0.0576661,0,-1.80114,0.107369,-0.0576661,0.107369,0,-6.93E+11,0,-8.87E+09,0,-6.93E+11,1.65E+10,-8.87E+09,1.65E+10,-4.16E+11,5.58E+09,-4.01E+09,-9.79E+09,-4.01E+09,1.09E+10,1.82E+10,-9.79E+09,1.82E+10,8.00E+09,1.88E+10,2.07E+10,1.88E+10,-4.16E+11,8.00E+09,19443.2,21464.8,5.14E-12
0.04875,4.45059,0.5,-0.0126174,-0.0470889,0.0382898,0.0301738,0.0509072,0.0772627,0,-0.801144,-0.598472,-0.150869,0.598472,-0.801144,0.191449,0,0,1,-0.801144,-0.598472,-0.150869,0.598472,-0.801144,0.191449,0,0,1,0,0,0.117722,0,0,-0.0315436,0.117722,-0.0315436,0.029707,-1.80114,0,-0.0754344,0,-1.80114,0.0957244,-0.0754344,0.0957244,0,-6.93E+11,0,-1.16E+10,0,-6.93E+11,1.47E+10,-1.16E+10,1.47E+10,-4.16E+11,7.11E+09,-4.67E+09,-1.28E+10,-4.67E+09,9.36E+09,1.63E+10,-1.28E+10,1.63E+10,8.00E+09,1.88E+10,2.07E+10,1.88E+10,-4.16E+11,8.00E+09,19443.2,21464.8,4.07E-12
0.04875,4.62512,0.5,-0.00424884,-0.0485645,0.0324684,0.0363643,0.0367173,0.0849288,0,-0.801144,-0.598472,-0.181822,0.598472,-0.801144,0.162342,0,0,1,-0.801144,-0.598472,-0.181822,0.598472,-0.801144,0.162342,0,0,1,0,0,0.121411,0,0,-0.0106221,0.121411,-0.0106221,0.029707,-1.80114,0,-0.0909108,0,-1.80114,0.0811711,-0.0909108,0.0811711,0,-6.93E+11,0,-1.40E+10,0,-6.93E+11,1.25E+10,-1.40E+10,1.25E+10,-4.16E+11,8.78E+09,-4.78E+09,-1.54E+10,-4.78E+09,7.69E+09,1.38E+10,-1.54E+10,1.38E+10,8.00E+09,1.88E+10,2.07E+10,1.88E+10,-4.16E+11,8.00E+09,19443.2,21464.8,7.10E-12
0.04875,4.79966,0.5,0.00424884,-0.0485645,0.0256606,0.0414499,0.0214117,0.0900144,0,-0.801144,-0.598472,-0.20725,0.598472,-0.801144,0.128303,0,0,1,-0.801144,-0.598472,-0.20725,0.598472,-0.801144,0.128303,0,0,1,0,0,0.121411,0,0,0.0106221,0.121411,0.0106221,0.029707,-1.80114,0,-0.103625,0,-1.80114,0.0641514,-0.103625,0.0641514,0,-6.93E+11,0,-1.59E+10,0,-6.93E+11,9.87E+09,-1.59E+10,9.87E+09,-4.16E+11,1.04E+10,-4.30E+09,-1.76E+10,-4.30E+09,6.09E+09,1.09E+10,-1.76E+10,1.09E+10,8.00E+09,1.88E+10,2.07E+10,1.88E+10,-4.16E+11,8.00E+09,19443.2,21464.8,6.25E-12
0.04875,4.97419,0.5,0.0126174,-0.0470889,0.018073,0.0452761,0.00545558,0.092365,0,-0.801144,-0.598472,-0.226381,0.598472,-0.801144,0.0903651,0,0,1,-0.801144,-0.598472,-0.226381,0.598472,-0.801144,0.0903651,0,0,1,0,0,0.117722,0,0,0.0315436,0.117722,0.0315436,0.029707,-1.80114,0,-0.11319,0,-1.80114,0.0451825,-0.11319,0.0451825,0,-6.93E+11,0,-1.74E+10,0,-6.93E+11,6.95E+09,-1.74E+10,6.95E+09,-4.16E+11,1.17E+10,-3.31E+09,-1.92E+10,-3.31E+09,4.75E+09,7.67E+09,-1.92E+10,7.67E+09,8.00E+09,1.88E+10,2.07E+10,1.88E+10,-4.16E+11,8.00E+09,19443.2,21464.8,3.68E-12
0.04875,5.14872,0.5,0.0206026,-0.0441825,0.00993632,0.0477266,-0.0106663,0.0919091,0,-0.801144,-0.598472,-0.238633,0.598472,-0.801144,0.0496816,0,0,1,-0.801144,-0.598472,-0.238633,0.598472,-0.801144,0.0496816,0,0,1,0,0,0.110456,0,0,0.0515066,0.110456,0.0515066,0.029707,-1.80114,0,-0.119317,0,-1.80114,0.0248408,-0.119317,0.0248408,0,-6.93E+11,0,-1.84E+10,0,-6.93E+11,3.82E+09,-1.84E+10,3.82E+09,-4.16E+11,1.26E+10,-1.92E+09,-2.03E+10,-1.92E+09,3.83E+09,4.22E+09,-2.03E+10,4.22E+09,8.00E+09,1.88E+10,2.07E+10,1.88E+10,-4.16E+11,8.00E+09,19443.2,21464.8,4.93E-12
0.04875,5.32325,0.5,0.0279619,-0.0399337,0.00149773,0.048727,-0.0264641,0.0886606,0,-0.801144,-0.598472,-0.243635,0.598472,-0.801144,0.00748863,0,0,1,-0.801144,-0.598472,-0.243635,0.598472,-0.801144,0.00748863,0,0,1,0,0,0.0998342,0,0,0.0699046,0.0998342,0.0699046,0.029707,-1.80114,0,-0.121817,0,-1.80114,0.00374431,-0.121817,0.00374431,0,-6.93E+11,0,-1.87E+10,0,-6.93E+11,5.76E+08,-1.87E+10,5.76E+08,-4.16E+11,1.30E+10,-2.95E+08,-2.07E+10,-2.95E+08,3.44E+09,6.36E+08,-2.07E+10,6.36E+08,8.00E+09,1.88E+10,2.07E+10,1.88E+10,-4.16E+11,8.00E+09,19443.2,21464.8,2.73E-12
0.04875,5.49779,0.5,0.0344715,-0.0344715,-0.00698638,0.0482468,-0.0414578,0.0827182,0,-0.801144,-0.598472,-0.241234,0.598472,-0.801144,-0.0349319,0,0,1,-0.801144,-0.598472,-0.241234,0.598472,-0.801144,-0.0349319,0,0,1,0,0,0.0861786,0,0,0.0861786,0.0861786,0.0861786,0.029707,-1.80114,0,-0.120617,0,-1.80114,-0.017466,-0.120617,-0.017466,0,-6.93E+11,0,-1.86E+10,0,-6.93E+11,-2.69E+09,-1.86E+10,-2.69E+09,-4.16E+11,1.28E+10,1.36E+09,-2.05E+10,1.36E+09,3.63E+09,-2.97E+09,-2.05E+10,-2.97E+09,8.00E+09,1.88E+10,2.07E+10,1.88E+10,-4.16E+11,8.00E+09,19443.2,21464.8,3.73E-12
0.04875,5.67232,0.5,0.0399337,-0.0279619,-0.0152582,0.0463006,-0.0551919,0.0742625,0,-0.801144,-0.598472,-0.231503,0.598472,-0.801144,-0.076291,0,0,1,-0.801144,-0.598472,-0.231503,0.598472,-0.801144,-0.076291,0,0,1,0,0,0.0699046,0,0,0.0998342,0.0699046,0.0998342,0.029707,-1.80114,0,-0.115752,0,-1.80114,-0.0381455,-0.115752,-0.0381455,0,-6.93E+11,0,-1.78E+10,0,-6.93E+11,-5.87E+09,-1.78E+10,-5.87E+09,-4.16E+11,1.21E+10,2.86E+09,-1.97E+10,2.86E+09,4.37E+09,-6.48E+09,-1.97E+10,-6.48E+09,8.00E+09,1.88E+10,2.07E+10,1.88E+10,-4.16E+11,8.00E+09,19443.2,21464.8,7.18E-12
0.04875,5.84685,0.5,0.0441825,-0.0206026,-0.0230664,0.0429477,-0.0672489,0.0635503,0,-0.801144,-0.598472,-0.214738,0.598472,-0.801144,-0.115332,0,0,1,-0.801144,-0.598472,-0.214738,0.598472,-0.801144,-0.115332,0,0,1,0,0,0.0515066,0,0,0.110456,0.0515066,0.110456,0.029707,-1.80114,0,-0.107369,0,-1.80114,-0.0576661,-0.107369,-0.0576661,0,-6.93E+11,0,-1.65E+10,0,-6.93E+11,-8.87E+09,-1.65E+10,-8.87E+09,-4.16E+11,1.09E+10,4.01E+09,-1.82E+10,4.01E+09,5.58E+09,-9.79E+09,-1.82E+10,-9.79E+09,8.00E+09,1.88E+10,2.07E+10,1.88E+10,-4.16E+11,8.00E+09,19443.2,21464.8,5.69E-12
0.04875,6.02139,0.5,0.0470889,-0.0126174,-0.0301738,0.0382898,-0.0772627,0.0509072,0,-0.801144,-0.598472,-0.191449,0.598472,-0.801144,-0.150869,0,0,1,-0.801144,-0.598472,-0.191449,0.598472,-0.801144,-0.150869,0,0,1,0,0,0.0315436,0,0,0.117722,0.0315436,0.117722,0.029707,-1.80114,0,-0.0957244,0,-1.80114,-0.0754344,-0.0957244,-0.0754344,0,-6.93E+11,0,-1.47E+10,0,-6.93E+11,-1.16E+10,-1.47E+10,-1.16E+10,-4.16E+11,9.36E+09,4.67E+09,-1.63E+10,4.67E+09,7.11E+09,-1.28E+10,-1.63E+10,-1.28E+10,8.00E+09,1.88E+10,2.07E+10,1.88E+10,-4.16E+11,8.00E+09,19443.2,21464.8,4.20E-12
0.04875,6.19592,0.5,0.0485645,-0.00424884,-0.0363643,0.0324684,-0.0849288,0.0367173,0,-0.801144,-0.598472,-0.162342,0.598472,-0.801144,-0.181822,0,0,1,-0.801144,-0.598472,-0.162342,0.598472,-0.801144,-0.181822,0,0,1,0,0,0.0106221,0,0,0.121411,0.0106221,0.121411,0.029707,-1.80114,0,-0.0811711,0,-1.80114,-0.0909108,-0.0811711,-0.0909108,0,-6.93E+11,0,-1.25E+10,0,-6.93E+11,-1.40E+10,-1.25E+10,-1.40E+10,-4.16E+11,7.69E+09,4.78E+09,-1.38E+10,4.78E+09,8.78E+09,-1.54E+10,-1.38E+10,-1.54E+10,8.00E+09,1.88E+10,2.07E+10,1.88E+10,-4.16E+11,8.00E+09,19443.2,21464.8,3.97E-12
